                  id	                 T_C	                  pH	                  mu	             pct_err	                  Ca	                  S6	                  C4	                  Si	                   P	                 alk	            hco3_sum	          si_calcite	           si_gypsum	           si_silica	              si_hap	          lk_calcite	           lk_gypsum	           lk_silica	              lk_hap	               lg_ca	              lg_so4	             lg_hco3	           lg_h4sio4	             lg_hpo4	
  1.000000000000e+00	  2.500000000000e+01	  7.400000000000e+00	  2.820693367924e-02	  4.773698871127e-01	  2.644842557014e-03	  3.123048094941e-03	  1.720831899307e-03	  4.460422075761e-04	  8.423624053658e-05	  1.679881345092e-03	  1.592922430079e-03	 -2.366628769209e-01	 -1.218959495181e+00	 -6.373444480821e-01	  4.548421333909e+00	 -8.447933552417e+00	 -4.548708465533e+00	 -2.711786013751e+00	 -3.421000000000e+00	 -2.638988765193e-01	 -2.696812979236e-01	 -6.577671931932e-02	  2.820693367924e-03	 -2.685530205764e-01	
  2.000000000000e+00	  2.500000000000e+01	  7.400000000000e+00	  2.828573952891e-02	  1.104111855962e-01	  2.644842557014e-03	  3.123048094941e-03	  1.892915089237e-03	  4.460422075761e-04	  8.423624053658e-05	  1.840692726543e-03	  1.752237135235e-03	 -1.956243512366e-01	 -1.219414686954e+00	 -6.373344367599e-01	  4.546945393218e+00	 -8.447933552417e+00	 -4.548708465533e+00	 -2.711786013751e+00	 -3.421000000000e+00	 -2.641796178036e-01	 -2.699781944070e-01	 -6.584706340471e-02	  2.828573952891e-03	 -2.688467648258e-01	
  3.000000000000e+00	  2.500000000000e+01	  7.400000000000e+00	  2.840395446145e-02	 -4.351375825452e-01	  2.644842557014e-03	  3.123048094941e-03	  2.151039874133e-03	  4.460422075761e-04	  8.423624053658e-05	  2.081915093065e-03	  1.991216746700e-03	 -1.406370108211e-01	 -1.220096194204e+00	 -6.373194179997e-01	  4.544735368947e+00	 -8.447933552417e+00	 -4.548708465533e+00	 -2.711786013751e+00	 -3.421000000000e+00	 -2.645996541134e-01	 -2.704224647780e-01	 -6.595231496810e-02	  2.840395446145e-03	 -2.692863065995e-01	
  4.000000000000e+00	  2.500000000000e+01	  7.400000000000e+00	  2.860099570898e-02	 -1.331576269904e+00	  2.644842557014e-03	  3.123048094941e-03	  2.581247848960e-03	  4.460422075761e-04	  8.423624053658e-05	  2.483966434759e-03	  2.389536134206e-03	 -6.233576278595e-02	 -1.221228646063e+00	 -6.372943820221e-01	  4.541062296550e+00	 -8.447933552417e+00	 -4.548708465533e+00	 -2.711786013751e+00	 -3.421000000000e+00	 -2.652968670590e-01	 -2.711600711793e-01	 -6.612703387144e-02	  2.860099570898e-03	 -2.700160313510e-01	
  5.000000000000e+00	  2.500000000000e+01	  7.400000000000e+00	  2.899513914330e-02	 -3.077910301239e+00	  2.644842557014e-03	  3.123048094941e-03	  3.441663798613e-03	  4.460422075761e-04	  8.423624053658e-05	  3.288121498170e-03	  3.186249321248e-03	  6.085524953370e-02	 -1.223480962572e+00	 -6.372442925850e-01	  4.533754361523e+00	 -8.447933552417e+00	 -4.548708465533e+00	 -2.711786013751e+00	 -3.421000000000e+00	 -2.666807521464e-01	 -2.726247556707e-01	 -6.647387936951e-02	  2.899513914330e-03	 -2.714649501050e-01	
  6.000000000000e+00	  2.500000000000e+01	  7.400000000000e+00	  2.978366664087e-02	 -6.395270348772e+00	  2.644842557014e-03	  3.123048094941e-03	  5.162495697920e-03	  4.460422075761e-04	  8.423624053659e-05	  4.896638405890e-03	  4.779967904183e-03	  2.334989634355e-01	 -1.227936293413e+00	 -6.371440451636e-01	  4.519288159360e+00	 -8.447933552417e+00	 -4.548708465533e+00	 -2.711786013751e+00	 -3.421000000000e+00	 -2.694073949235e-01	 -2.755130465848e-01	 -6.715745764015e-02	  2.978366664087e-03	 -2.743216999192e-01	
  7.000000000000e+00	  3.500000000000e+01	  7.400000000000e+00	  2.774538500070e-02	  4.443484497790e-01	  2.644842557014e-03	  3.123048094941e-03	  1.720831899307e-03	  4.460422075761e-04	  8.423624053658e-05	  1.696404545552e-03	  1.601067025698e-03	 -8.939049346773e-02	 -1.209774372407e+00	 -7.176915765546e-01	  5.267039620999e+00	 -8.532554079179e+00	 -4.597117738767e+00	 -2.632221320785e+00	 -4.281004617572e+00	 -2.667569005582e-01	 -2.724447044834e-01	 -6.646690237820e-02	  2.774538500070e-03	 -2.713348890834e-01	
  8.000000000000e+00	  3.500000000000e+01	  7.400000000000e+00	  2.782475874731e-02	  7.061043623645e-02	  2.644842557014e-03	  3.123048094941e-03	  1.892915089237e-03	  4.460422075761e-04	  8.423624053658e-05	  1.858539153553e-03	  1.761197149510e-03	 -4.838061511920e-02	 -1.210233624991e+00	 -7.176816766518e-01	  5.265509673635e+00	 -8.532554079179e+00	 -4.597117738767e+00	 -2.632221320785e+00	 -4.281004617572e+00	 -2.670479127515e-01	 -2.727519882947e-01	 -6.653975222640e-02	  2.782475874731e-03	 -2.716389979448e-01	
  9.000000000000e+00	  3.500000000000e+01	  7.400000000000e+00	  2.794382555302e-02	 -4.849343578042e-01	  2.644842557014e-03	  3.123048094941e-03	  2.151039874133e-03	  4.460422075761e-04	  8.423624053658e-05	  2.101745259145e-03	  2.001400203612e-03	  6.563880456785e-03	 -1.210921254771e+00	 -7.176668245090e-01	  5.263218745886e+00	 -8.532554079179e+00	 -4.597117738767e+00	 -2.632221320785e+00	 -4.281004617572e+00	 -2.674832912402e-01	 -2.732117754785e-01	 -6.664874661940e-02	  2.794382555302e-03	 -2.720940224564e-01	
  1.000000000000e+01	  3.500000000000e+01	  7.400000000000e+00	  2.814228665476e-02	 -1.397583801046e+00	  2.644842557014e-03	  3.123048094941e-03	  2.581247848960e-03	  4.460422075761e-04	  8.423624053658e-05	  2.507099916953e-03	  2.401759488553e-03	  8.479405375499e-02	 -1.212063993602e+00	 -7.176420648731e-01	  5.259411115374e+00	 -8.532554079179e+00	 -4.597117738767e+00	 -2.632221320785e+00	 -4.281004617572e+00	 -2.682059050649e-01	 -2.739750738291e-01	 -6.682966183112e-02	  2.814228665476e-03	 -2.728493823629e-01	
  1.100000000000e+01	  3.500000000000e+01	  7.400000000000e+00	  2.853926998896e-02	 -3.174731150791e+00	  2.644842557014e-03	  3.123048094941e-03	  3.441663798613e-03	  4.460422075761e-04	  8.423624053658e-05	  3.317850809352e-03	  3.202555485412e-03	  2.078441460338e-01	 -1.214337189456e+00	 -7.175925231152e-01	  5.251835097713e+00	 -8.532554079179e+00	 -4.597117738767e+00	 -2.632221320785e+00	 -4.281004617572e+00	 -2.696399680785e-01	 -2.754905184262e-01	 -6.718874626432e-02	  2.853926998896e-03	 -2.743489476267e-01	
  1.200000000000e+01	  3.500000000000e+01	  7.400000000000e+00	  2.933347765721e-02	 -6.547831789617e+00	  2.644842557014e-03	  3.123048094941e-03	  5.162495697920e-03	  4.460422075761e-04	  8.423624053658e-05	  4.939517145610e-03	  4.804451120623e-03	  3.802107839320e-01	 -1.218835463258e+00	 -7.174933515843e-01	  5.236836714655e+00	 -8.532554079179e+00	 -4.597117738767e+00	 -2.632221320785e+00	 -4.281004617572e+00	 -2.724645571120e-01	 -2.784779200318e-01	 -6.789620892099e-02	  2.933347765721e-03	 -2.773045809255e-01	
  1.300000000000e+01	  4.500000000000e+01	  7.400000000000e+00	  2.723494275707e-02	  4.214097113963e-01	  2.644842557014e-03	  3.123048094941e-03	  1.720831899307e-03	  4.460422075761e-04	  8.423624053659e-05	  1.708511860610e-03	  1.603150734253e-03	  4.750301902821e-02	 -1.189488433574e+00	 -7.931862423193e-01	  5.918398152383e+00	 -8.631020506760e+00	 -4.662286989514e+00	 -2.557658337262e+00	 -5.086946395756e+00	 -2.697766679911e-01	 -2.753598312563e-01	 -6.719607358573e-02	  2.723494275707e-03	 -2.742704335461e-01	
  1.400000000000e+01	  4.500000000000e+01	  7.400000000000e+00	  2.731444352985e-02	  4.138805206302e-02	  2.644842557014e-03	  3.123048094941e-03	  1.892915089237e-03	  4.460422075761e-04	  8.423624053659e-05	  1.871482482737e-03	  1.763492028241e-03	  8.847425203861e-02	 -1.189955137741e+00	 -7.931765378660e-01	  5.916773677333e+00	 -8.631020506760e+00	 -4.662286989514e+00	 -2.557658337262e+00	 -5.086946395756e+00	 -2.700774884976e-01	 -2.756769494213e-01	 -6.727130548732e-02	  2.731444352985e-03	 -2.745843716801e-01	
  1.500000000000e+01	  4.500000000000e+01	  7.400000000000e+00	  2.743370222219e-02	 -5.234293138640e-01	  2.644842557014e-03	  3.123048094941e-03	  2.151039874133e-03	  4.460422075761e-04	  8.423624053659e-05	  2.115941298691e-03	  2.004012768982e-03	  1.433609499449e-01	 -1.190653982289e+00	 -7.931619781278e-01	  5.914341197989e+00	 -8.631020506760e+00	 -4.662286989514e+00	 -2.557658337262e+00	 -5.086946395756e+00	 -2.705275245542e-01	 -2.761514335097e-01	 -6.738385944236e-02	  2.743370222219e-03	 -2.750540854208e-01	
  1.600000000000e+01	  4.500000000000e+01	  7.400000000000e+00	  2.763248668261e-02	 -1.451135527231e+00	  2.644842557014e-03	  3.123048094941e-03	  2.581247848960e-03	  4.460422075761e-04	  8.423624053659e-05	  2.523380339693e-03	  2.404903991573e-03	  2.214952440306e-01	 -1.191815510862e+00	 -7.931377037978e-01	  5.910298282969e+00	 -8.631020506760e+00	 -4.662286989514e+00	 -2.557658337262e+00	 -5.086946395756e+00	 -2.712744226055e-01	 -2.769390823754e-01	 -6.757067154440e-02	  2.763248668261e-03	 -2.758337829081e-01	
  1.700000000000e+01	  4.500000000000e+01	  7.400000000000e+00	  2.803012973911e-02	 -3.256971575585e+00	  2.644842557014e-03	  3.123048094941e-03	  3.441663798614e-03	  4.460422075761e-04	  8.423624053659e-05	  3.338287182037e-03	  3.206772931223e-03	  3.443552398300e-01	 -1.194126647126e+00	 -7.930891251344e-01	  5.902254043668e+00	 -8.631020506760e+00	 -4.662286989514e+00	 -2.557658337262e+00	 -5.086946395756e+00	 -2.727565190661e-01	 -2.785026956626e-01	 -6.794141805097e-02	  2.803012973911e-03	 -2.773814904730e-01	
  1.800000000000e+01	  4.500000000000e+01	  7.400000000000e+00	  2.882570665775e-02	 -6.682220785487e+00	  2.644842557014e-03	  3.123048094941e-03	  5.162495697920e-03	  4.460422075761e-04	  8.423624053659e-05	  4.968215551165e-03	  4.810849543287e-03	  5.163481344292e-01	 -1.198702183489e+00	 -7.929918505749e-01	  5.886328357638e+00	 -8.631020506760e+00	 -4.662286989514e+00	 -2.557658337262e+00	 -5.086946395756e+00	 -2.756751019556e-01	 -2.815843718204e-01	 -6.867169462623e-02	  2.882570665775e-03	 -2.804313435541e-01	
  1.900000000000e+01	  5.500000000000e+01	  7.400000000000e+00	  2.668426354150e-02	  4.046427322754e-01	  2.644842557014e-03	  3.123048094941e-03	  1.720831899307e-03	  4.460422075761e-04	  8.423624053659e-05	  1.717939693284e-03	  1.600573323112e-03	  1.759140494823e-01	 -1.160031996819e+00	 -8.642775247793e-01	  6.508930641883e+00	 -8.742475689895e+00	 -4.742362780561e+00	 -2.487639798872e+00	 -5.843767846152e+00	 -2.729621212745e-01	 -2.784323953005e-01	 -6.796540882387e-02	  2.668426354150e-03	 -2.773650247589e-01	
  2.000000000000e+01	  5.500000000000e+01	  7.400000000000e+00	  2.676349179835e-02	  1.857690346553e-02	  2.644842557014e-03	  3.123048094941e-03	  1.892915089237e-03	  4.460422075761e-04	  8.423624053658e-05	  1.881407756497e-03	  1.760661906562e-03	  2.168333679844e-01	 -1.160511530673e+00	 -8.642680956165e-01	  6.507157899346e+00	 -8.742475689895e+00	 -4.742362780561e+00	 -2.487639798872e+00	 -5.843767846152e+00	 -2.732723075501e-01	 -2.787588233688e-01	 -6.804290511479e-02	  2.676349179835e-03	 -2.776882836968e-01	
  2.100000000000e+01	  5.500000000000e+01	  7.400000000000e+00	  2.688234487260e-02	 -5.551686182006e-01	  2.644842557014e-03	  3.123048094941e-03	  2.151039874133e-03	  4.460422075761e-04	  8.423624053659e-05	  2.126610957647e-03	  2.000805258007e-03	  2.716424371768e-01	 -1.161229649091e+00	 -8.642539477517e-01	  6.504503490164e+00	 -8.742475689895e+00	 -4.742362780561e+00	 -2.487639798872e+00	 -5.843767846152e+00	 -2.737363492349e-01	 -2.792472299338e-01	 -6.815884507623e-02	  2.688234487260e-03	 -2.781719361389e-01	
  2.200000000000e+01	  5.500000000000e+01	  7.400000000000e+00	  2.708046161645e-02	 -1.497395544633e+00	  2.644842557014e-03	  3.123048094941e-03	  2.581247848960e-03	  4.460422075761e-04	  8.423624053658e-05	  2.535285947381e-03	  2.401071929309e-03	  3.496479926162e-01	 -1.162423377481e+00	 -8.642303570695e-01	  6.500091940025e+00	 -8.742475689895e+00	 -4.742362780561e+00	 -2.487639798872e+00	 -5.843767846152e+00	 -2.745064760463e-01	 -2.800579706777e-01	 -6.835127250896e-02	  2.708046161645e-03	 -2.789747522130e-01	
  2.300000000000e+01	  5.500000000000e+01	  7.400000000000e+00	  2.747679974461e-02	 -3.330981062913e+00	  2.644842557014e-03	  3.123048094941e-03	  3.441663798613e-03	  4.460422075761e-04	  8.423624053658e-05	  3.352647377791e-03	  3.201708118449e-03	  4.722528836609e-01	 -1.164799190947e+00	 -8.641831353325e-01	  6.491315049768e+00	 -8.742475689895e+00	 -4.742362780561e+00	 -2.487639798872e+00	 -5.843767846152e+00	 -2.760346079093e-01	 -2.816673518569e-01	 -6.873314591899e-02	  2.747679974461e-03	 -2.805682798671e-01	
  2.400000000000e+01	  5.500000000000e+01	  7.400000000000e+00	  2.826988384356e-02	 -6.806965672247e+00	  2.644842557014e-03	  3.123048094941e-03	  5.162495697920e-03	  4.460422075761e-04	  8.423624053658e-05	  4.987417858420e-03	  4.803382659917e-03	  6.437447811954e-01	 -1.169505117747e+00	 -8.640885343611e-01	  6.473942082260e+00	 -8.742475689895e+00	 -4.742362780561e+00	 -2.487639798872e+00	 -5.843767846152e+00	 -2.790436127645e-01	 -2.848389389524e-01	 -6.948527109790e-02	  2.826988384356e-03	 -2.837081435987e-01	
  2.500000000000e+01	  2.500000000000e+01	  7.400000000000e+00	  5.499234507555e-02	  4.558814630603e-01	  5.289685114028e-03	  6.246096189881e-03	  3.441663798613e-03	  8.920844151521e-04	  1.684724810732e-04	  3.385152656910e-03	  3.192477931136e-03	  2.592136947805e-01	 -8.193627827698e-01	 -3.331782353940e-01	  6.167377847846e+00	 -8.447933552417e+00	 -4.548708465533e+00	 -2.711786013751e+00	 -3.421000000000e+00	 -3.363098044752e-01	 -3.475832352157e-01	 -8.403797449974e-02	  5.499234507555e-03	 -3.453835414127e-01	
  2.600000000000e+01	  2.500000000000e+01	  7.400000000000e+00	  5.514793607396e-02	  8.083292236068e-02	  5.289685114028e-03	  6.246096189881e-03	  3.785830178475e-03	  8.920844151521e-04	  1.684724810732e-04	  3.708592083413e-03	  3.511781522375e-03	  3.001840441108e-01	 -8.198540459637e-01	 -3.331582089648e-01	  6.165850145907e+00	 -8.447933552417e+00	 -4.548708465533e+00	 -2.711786013751e+00	 -3.421000000000e+00	 -3.366364830077e-01	 -3.479418099029e-01	 -8.412105474254e-02	  5.514793607396e-03	 -3.457358924599e-01	
  2.700000000000e+01	  2.500000000000e+01	  7.400000000000e+00	  5.538135742511e-02	 -4.767050855372e-01	  5.289685114028e-03	  6.246096189881e-03	  4.302079748267e-03	  8.920844151521e-04	  1.684724810732e-04	  4.193759646357e-03	  3.990755649571e-03	  3.550695219479e-01	 -8.205897712537e-01	 -3.331281639647e-01	  6.163561807127e+00	 -8.447933552417e+00	 -4.548708465533e+00	 -2.711786013751e+00	 -3.421000000000e+00	 -3.371251255577e-01	 -3.484783038298e-01	 -8.424534021834e-02	  5.538135742511e-03	 -3.462630495328e-01	
  2.800000000000e+01	  2.500000000000e+01	  7.400000000000e+00	  5.577048504470e-02	 -1.392744842073e+00	  5.289685114028e-03	  6.246096189881e-03	  5.162495697920e-03	  8.920844151521e-04	  1.684724810732e-04	  5.002394705084e-03	  4.789095542227e-03	  4.332020632045e-01	 -8.218128712814e-01	 -3.330780748075e-01	  6.159756457045e+00	 -8.447933552417e+00	 -4.548708465533e+00	 -2.711786013751e+00	 -3.421000000000e+00	 -3.379358880371e-01	 -3.493688374712e-01	 -8.445159592233e-02	  5.577048504470e-03	 -3.471380180695e-01	
  2.900000000000e+01	  2.500000000000e+01	  7.400000000000e+00	  5.654907943095e-02	 -3.176898430591e+00	  5.289685114028e-03	  6.246096189881e-03	  6.883327597227e-03	  8.920844151521e-04	  1.684724810732e-04	  6.619748960838e-03	  6.385959678635e-03	  5.560596014486e-01	 -8.242474802981e-01	 -3.329778442387e-01	  6.152177654333e+00	 -8.447933552417e+00	 -4.548708465533e+00	 -2.711786013751e+00	 -3.421000000000e+00	 -3.395439262274e-01	 -3.511364875107e-01	 -8.486082373115e-02	  5.654907943095e-03	 -3.488745243335e-01	
  3.000000000000e+01	  2.500000000000e+01	  7.400000000000e+00	  5.810758037681e-02	 -6.564705868736e+00	  5.289685114028e-03	  6.246096189881e-03	  1.032499139584e-02	  8.920844151521e-04	  1.684724810732e-04	  9.854793402729e-03	  9.580410610892e-03	  7.280517367001e-01	 -8.290708572471e-01	 -3.327771803024e-01	  6.137146404004e+00	 -8.447933552417e+00	 -4.548708465533e+00	 -2.711786013751e+00	 -3.421000000000e+00	 -3.427073387189e-01	 -3.546193926961e-01	 -8.566646016858e-02	  5.810758037681e-03	 -3.522950894811e-01	
  3.100000000000e+01	  3.500000000000e+01	  7.400000000000e+00	  5.396027518810e-02	  4.214599190004e-01	  5.289685114028e-03	  6.246096189881e-03	  3.441663798613e-03	  8.920844151521e-04	  1.684724810732e-04	  3.419195403929e-03	  3.205836380902e-03	  4.028487313274e-01	 -8.183796780631e-01	 -4.136266536305e-01	  6.855522274363e+00	 -8.532554079179e+00	 -4.597117738767e+00	 -2.632221320785e+00	 -4.281004617572e+00	 -3.398207037744e-01	 -3.508825601880e-01	 -8.486907445726e-02	  5.396027518810e-03	 -3.487241491805e-01	
  3.200000000000e+01	  3.500000000000e+01	  7.400000000000e+00	  5.411665820374e-02	  3.878193392982e-02	  5.289685114028e-03	  6.246096189881e-03	  3.785830178475e-03	  8.920844151521e-04	  1.684724810732e-04	  3.745414669279e-03	  3.526481860949e-03	  4.437753828754e-01	 -8.188760502644e-01	 -4.136067833555e-01	  6.853908541234e+00	 -8.532554079179e+00	 -4.597117738767e+00	 -2.632221320785e+00	 -4.281004617572e+00	 -3.401597595165e-01	 -3.512536744482e-01	 -8.495515320328e-02	  5.411665820374e-03	 -3.490890081201e-01	
  3.300000000000e+01	  3.500000000000e+01	  7.400000000000e+00	  5.435127154101e-02	 -5.300132206517e-01	  5.289685114028e-03	  6.246096189881e-03	  4.302079748267e-03	  8.920844151521e-04	  1.684724810732e-04	  4.234748053823e-03	  4.007470812912e-03	  4.985955455420e-01	 -8.196195110045e-01	 -4.135769714984e-01	  6.851491372332e+00	 -8.532554079179e+00	 -4.597117738767e+00	 -2.632221320785e+00	 -4.281004617572e+00	 -3.406668928863e-01	 -3.518089035522e-01	 -8.508391815934e-02	  5.435127154101e-03	 -3.496348526905e-01	
  3.400000000000e+01	  3.500000000000e+01	  7.400000000000e+00	  5.474239616348e-02	 -1.464328526816e+00	  5.289685114028e-03	  6.246096189881e-03	  5.162495697920e-03	  8.920844151521e-04	  1.684724810732e-04	  5.050315745212e-03	  4.809173986726e-03	  5.766198395478e-01	 -8.208556922552e-01	 -4.135272680439e-01	  6.847471879642e+00	 -8.532554079179e+00	 -4.597117738767e+00	 -2.632221320785e+00	 -4.281004617572e+00	 -3.415082750306e-01	 -3.527304662442e-01	 -8.529759132805e-02	  5.474239616348e-03	 -3.505407703976e-01	
  3.500000000000e+01	  3.500000000000e+01	  7.400000000000e+00	  5.552502208866e-02	 -3.283289150515e+00	  5.289685114028e-03	  6.246096189881e-03	  6.883327597227e-03	  8.920844151521e-04	  1.684724810732e-04	  6.681496877536e-03	  6.412783866965e-03	  6.992631363772e-01	 -8.233171519022e-01	 -4.134277983400e-01	  6.839466921491e+00	 -8.532554079179e+00	 -4.597117738767e+00	 -2.632221320785e+00	 -4.281004617572e+00	 -3.431768194507e-01	 -3.545594489789e-01	 -8.572147545073e-02	  5.552502208866e-03	 -3.523384480953e-01	
  3.600000000000e+01	  3.500000000000e+01	  7.400000000000e+00	  5.709172665113e-02	 -6.734305639705e+00	  5.289685114028e-03	  6.246096189881e-03	  1.032499139584e-02	  8.920844151521e-04	  1.684724810732e-04	  9.944046174451e-03	  9.620799524684e-03	  8.708355048932e-01	 -8.281968372041e-01	 -4.132286155886e-01	  6.823591694832e+00	 -8.532554079179e+00	 -4.597117738767e+00	 -2.632221320785e+00	 -4.281004617572e+00	 -3.464583938312e-01	 -3.581621977947e-01	 -8.655573011662e-02	  5.709172665113e-03	 -3.558785287287e-01	
  3.700000000000e+01	  4.500000000000e+01	  7.400000000000e+00	  5.285331620663e-02	  3.959873635647e-01	  5.289685114028e-03	  6.246096189881e-03	  3.441663798614e-03	  8.920844151521e-04	  1.684724810732e-04	  3.445310288746e-03	  3.207049270470e-03	  5.359104325749e-01	 -8.065679626052e-01	 -4.892338919110e-01	  7.477968775528e+00	 -8.631020506760e+00	 -4.662286989514e+00	 -2.557658337262e+00	 -5.086946395756e+00	 -3.435914766656e-01	 -3.544264064879e-01	 -8.576238951635e-02	  5.285331620663e-03	 -3.523122738397e-01	
  3.800000000000e+01	  4.500000000000e+01	  7.400000000000e+00	  5.300942721598e-02	  6.107608466374e-03	  5.289685114028e-03	  6.246096189881e-03	  3.785830178475e-03	  8.920844151521e-04	  1.684724810732e-04	  3.773448941803e-03	  3.527828057809e-03	  5.767776137584e-01	 -8.070757681750e-01	 -4.892143389918e-01	  7.476205720394e+00	 -8.631020506760e+00	 -4.662286989514e+00	 -2.557658337262e+00	 -5.086946395756e+00	 -3.439419372503e-01	 -3.548088698296e-01	 -8.585120325867e-02	  5.300942721598e-03	 -3.526884927410e-01	
  3.900000000000e+01	  4.500000000000e+01	  7.400000000000e+00	  5.324364230850e-02	 -5.733262620033e-01	  5.289685114028e-03	  6.246096189881e-03	  4.302079748267e-03	  8.920844151521e-04	  1.684724810732e-04	  4.265656156782e-03	  4.009020953686e-03	  6.315088938439e-01	 -8.078364512021e-01	 -4.891850013514e-01	  7.473565051929e+00	 -8.631020506760e+00	 -4.662286989514e+00	 -2.557658337262e+00	 -5.086946395756e+00	 -3.444661268989e-01	 -3.553810735721e-01	 -8.598405840069e-02	  5.324364230850e-03	 -3.532513278798e-01	
  4.000000000000e+01	  4.500000000000e+01	  7.400000000000e+00	  5.363412881426e-02	 -1.524945665824e+00	  5.289685114028e-03	  6.246096189881e-03	  5.162495697920e-03	  8.920844151521e-04	  1.684724810732e-04	  5.085999710186e-03	  4.811074537507e-03	  7.093859034062e-01	 -8.091015248600e-01	 -4.891360834684e-01	  7.469174341668e+00	 -8.631020506760e+00	 -4.662286989514e+00	 -2.557658337262e+00	 -5.086946395756e+00	 -3.453358005796e-01	 -3.563307969865e-01	 -8.620451580975e-02	  5.363412881426e-03	 -3.541854318340e-01	
  4.100000000000e+01	  4.500000000000e+01	  7.400000000000e+00	  5.441557188567e-02	 -3.376978139430e+00	  5.289685114028e-03	  6.246096189881e-03	  6.883327597227e-03	  8.920844151521e-04	  1.684724810732e-04	  6.726681582016e-03	  6.415423848068e-03	  8.317377774733e-01	 -8.116214502916e-01	 -4.890381673154e-01	  7.460431704188e+00	 -8.631020506760e+00	 -4.662286989514e+00	 -2.557658337262e+00	 -5.086946395756e+00	 -3.470604222174e-01	 -3.582156144540e-01	 -8.664184627428e-02	  5.441557188567e-03	 -3.560389915786e-01	
  4.200000000000e+01	  4.500000000000e+01	  7.400000000000e+00	  5.598026435436e-02	 -6.888462910086e+00	  5.289685114028e-03	  6.246096189881e-03	  1.032499139584e-02	  8.920844151521e-04	  1.684724810732e-04	  1.000803566085e-02	  9.625067002835e-03	  1.002739484301e+00	 -8.166205996549e-01	 -4.888420240261e-01	  7.443099749537e+00	 -8.631020506760e+00	 -4.662286989514e+00	 -2.557658337262e+00	 -5.086946395756e+00	 -3.504521500733e-01	 -3.619281042660e-01	 -8.750251041512e-02	  5.598026435436e-03	 -3.596888936918e-01	
  4.300000000000e+01	  5.500000000000e+01	  7.400000000000e+00	  5.169380165938e-02	  3.757442669078e-01	  5.289685114028e-03	  6.246096189881e-03	  3.441663798614e-03	  8.920844151521e-04	  1.684724810732e-04	  3.466730709114e-03	  3.198791489852e-03	  6.603515546376e-01	 -7.856537831450e-01	 -5.604474669801e-01	  8.041418155075e+00	 -8.742475689895e+00	 -4.742362780561e+00	 -2.487639798872e+00	 -5.843767846152e+00	 -3.476388775356e-01	 -3.582361068757e-01	 -8.672255109012e-02	  5.169380165938e-03	 -3.561683548094e-01	
  4.400000000000e+01	  5.500000000000e+01	  7.400000000000e+00	  5.184864897342e-02	 -2.113400076232e-02	  5.289685114028e-03	  6.246096189881e-03	  3.785830178475e-03	  8.920844151521e-04	  1.684724810732e-04	  3.796216235293e-03	  3.518764386393e-03	  7.011390460266e-01	 -7.861819037377e-01	 -5.604283836701e-01	  8.039425585640e+00	 -8.742475689895e+00	 -4.742362780561e+00	 -2.487639798872e+00	 -5.843767846152e+00	 -3.479996617068e-01	 -3.586286347464e-01	 -8.681381209456e-02	  5.184864897342e-03	 -3.565546887875e-01	
  4.500000000000e+01	  5.500000000000e+01	  7.400000000000e+00	  5.208098605236e-02	 -6.109205547148e-01	  5.289685114028e-03	  6.246096189881e-03	  4.302079748267e-03	  8.920844151521e-04	  1.684724810732e-04	  4.290436231090e-03	  3.998755037651e-03	  7.557512603038e-01	 -7.869731062656e-01	 -5.603997477569e-01	  8.036441575761e+00	 -8.742475689895e+00	 -4.742362780561e+00	 -2.487639798872e+00	 -5.843767846152e+00	 -3.485393174172e-01	 -3.592159195580e-01	 -8.695033369377e-02	  5.208098605236e-03	 -3.571326801159e-01	
  4.600000000000e+01	  5.500000000000e+01	  7.400000000000e+00	  5.246838854816e-02	 -1.579415335894e+00	  5.289685114028e-03	  6.246096189881e-03	  5.162495697920e-03	  8.920844151521e-04	  1.684724810732e-04	  5.114114581878e-03	  4.798822264038e-03	  8.334310655107e-01	 -7.882891664534e-01	 -5.603519923413e-01	  8.031481093704e+00	 -8.742475689895e+00	 -4.742362780561e+00	 -2.487639798872e+00	 -5.843767846152e+00	 -3.494347148871e-01	 -3.601907345395e-01	 -8.717688966781e-02	  5.246838854816e-03	 -3.580919989975e-01	
  4.700000000000e+01	  5.500000000000e+01	  7.400000000000e+00	  5.324383135279e-02	 -3.463827840522e+00	  5.289685114028e-03	  6.246096189881e-03	  6.883327597227e-03	  8.920844151521e-04	  1.684724810732e-04	  6.761393236050e-03	  6.399262768194e-03	  9.553930982494e-01	 -7.909114880845e-01	 -5.602563751448e-01	  8.021608043359e+00	 -8.742475689895e+00	 -4.742362780561e+00	 -2.487639798872e+00	 -5.843767846152e+00	 -3.512105761429e-01	 -3.621255615702e-01	 -8.762636919356e-02	  5.324383135279e-03	 -3.599958083161e-01	
  4.800000000000e+01	  5.500000000000e+01	  7.400000000000e+00	  5.479715909382e-02	 -7.034960945823e+00	  5.289685114028e-03	  6.246096189881e-03	  1.032499139584e-02	  8.920844151521e-04	  1.684724810732e-04	  1.005566133392e-02	  9.601334399933e-03	  1.125632808226e+00	 -7.961169102428e-01	 -5.600647300308e-01	  8.002050947376e+00	 -8.742475689895e+00	 -4.742362780561e+00	 -2.487639798872e+00	 -5.843767846152e+00	 -3.547038875191e-01	 -3.659373051333e-01	 -8.851112312728e-02	  5.479715909382e-03	 -3.637454187696e-01	
  4.900000000000e+01	  2.500000000000e+01	  7.400000000000e+00	  8.124179321951e-02	  4.407504902616e-01	  7.934527671041e-03	  9.369144284822e-03	  5.162495697920e-03	  1.338126622728e-03	  2.527087216098e-04	  5.102882561823e-03	  4.794774892358e-03	  5.433880447764e-01	 -5.985104066846e-01	 -1.539794187011e-01	  7.075120126234e+00	 -8.447933552417e+00	 -4.548708465533e+00	 -2.711786013751e+00	 -3.421000000000e+00	 -3.826645360270e-01	 -3.993191036370e-01	 -9.592061392122e-02	  8.124179321951e-03	 -3.960694319082e-01	
  5.000000000000e+01	  2.500000000000e+01	  7.400000000000e+00	  8.147179854541e-02	  6.059104167657e-02	  7.934527671041e-03	  9.369144284822e-03	  5.678745267712e-03	  1.338126622728e-03	  2.527087216098e-04	  5.589956024042e-03	  5.274346102127e-03	  5.843245978148e-01	 -5.990035493331e-01	 -1.539496058038e-01	  7.073640383974e+00	 -8.447933552417e+00	 -4.548708465533e+00	 -2.711786013751e+00	 -3.421000000000e+00	 -3.830080259206e-01	 -3.997097446224e-01	 -9.600949273419e-02	  8.147179854541e-03	 -3.964508726806e-01	
  5.100000000000e+01	  2.500000000000e+01	  7.400000000000e+00	  8.181690292600e-02	 -5.045428143720e-01	  7.934527671041e-03	  9.369144284822e-03	  6.453119622400e-03	  1.338126622728e-03	  2.527087216098e-04	  6.320573946732e-03	  5.993734379589e-03	  6.391596009388e-01	 -5.997424119087e-01	 -1.539048740919e-01	  7.071422646935e+00	 -8.447933552417e+00	 -4.548708465533e+00	 -2.711786013751e+00	 -3.421000000000e+00	 -3.835217531876e-01	 -4.002942182874e-01	 -9.614244750369e-02	  8.181690292600e-03	 -3.970215421704e-01	
  5.200000000000e+01	  2.500000000000e+01	  7.400000000000e+00	  8.239233063334e-02	 -1.433055750469e+00	  7.934527671041e-03	  9.369144284822e-03	  7.743743546880e-03	  1.338126622728e-03	  2.527087216098e-04	  7.538291317238e-03	  7.192798234459e-03	  7.172086016174e-01	 -6.009715682636e-01	 -1.538302886503e-01	  7.067731473641e+00	 -8.447933552417e+00	 -4.548708465533e+00	 -2.711786013751e+00	 -3.421000000000e+00	 -3.843739700343e-01	 -4.012643978141e-01	 -9.636307563597e-02	  8.239233063334e-03	 -3.979687045888e-01	
  5.300000000000e+01	  2.500000000000e+01	  7.400000000000e+00	  8.354411591027e-02	 -3.241466454041e+00	  7.934527671041e-03	  9.369144284822e-03	  1.032499139584e-02	  1.338126622728e-03	  2.527087216098e-04	  9.973805610155e-03	  9.591235284392e-03	  8.399012345211e-01	 -6.034212579571e-01	 -1.536809981020e-01	  7.060368413543e+00	 -8.447933552417e+00	 -4.548708465533e+00	 -2.711786013751e+00	 -3.421000000000e+00	 -3.860635880316e-01	 -4.031901317932e-01	 -9.680076050255e-02	  8.354411591027e-03	 -3.998483671568e-01	
  5.400000000000e+01	  2.500000000000e+01	  7.400000000000e+00	  8.585124644868e-02	 -6.675117254498e+00	  7.934527671041e-03	  9.369144284822e-03	  1.548748709376e-02	  1.338126622728e-03	  2.527087216098e-04	  1.484516264899e-02	  1.438932116682e-02	  1.011572146730e+00	 -6.082856855987e-01	 -1.533819571133e-01	  7.045721759319e+00	 -8.447933552417e+00	 -4.548708465533e+00	 -2.711786013751e+00	 -3.421000000000e+00	 -3.893848308861e-01	 -4.069843364081e-01	 -9.766215276929e-02	  8.585124644868e-03	 -4.035502865502e-01	
  5.500000000000e+01	  3.500000000000e+01	  7.400000000000e+00	  7.963820188679e-02	  4.049114504432e-01	  7.934527671041e-03	  9.369144284822e-03	  5.162495697920e-03	  1.338126622728e-03	  2.527087216098e-04	  5.155312143429e-03	  4.811614010168e-03	  6.848924207957e-01	 -6.020074549574e-01	 -2.345183937209e-01	  7.747184756217e+00	 -8.532554079179e+00	 -4.597117738767e+00	 -2.632221320785e+00	 -4.281004617572e+00	 -3.866988934075e-01	 -4.030247247943e-01	 -9.686042162584e-02	  7.963820188679e-03	 -3.998391967188e-01	
  5.600000000000e+01	  3.500000000000e+01	  7.400000000000e+00	  7.986888004891e-02	  1.668597289536e-02	  7.934527671041e-03	  9.369144284822e-03	  5.678745267712e-03	  1.338126622728e-03	  2.527087216098e-04	  5.646711881359e-03	  5.292884263950e-03	  7.257736590055e-01	 -6.025077908727e-01	 -2.344888018124e-01	  7.745590504853e+00	 -8.532554079179e+00	 -4.597117738767e+00	 -2.632221320785e+00	 -4.281004617572e+00	 -3.870554272381e-01	 -4.034285476482e-01	 -9.695243820515e-02	  7.986888004891e-03	 -4.002337924462e-01	
  5.700000000000e+01	  3.500000000000e+01	  7.400000000000e+00	  8.021500638080e-02	 -5.603574894146e-01	  7.934527671041e-03	  9.369144284822e-03	  6.453119622400e-03	  1.338126622728e-03	  2.527087216098e-04	  6.383810965306e-03	  6.014826087501e-03	  7.805260079547e-01	 -6.032575502339e-01	 -2.344443995129e-01	  7.743201311106e+00	 -8.532554079179e+00	 -4.597117738767e+00	 -2.632221320785e+00	 -4.281004617572e+00	 -3.875886510122e-01	 -4.040327273203e-01	 -9.709008300377e-02	  8.021500638080e-03	 -4.008241270651e-01	
  5.800000000000e+01	  3.500000000000e+01	  7.400000000000e+00	  8.079217052600e-02	 -1.508226478546e+00	  7.934527671041e-03	  9.369144284822e-03	  7.743743546880e-03	  1.338126622728e-03	  2.527087216098e-04	  7.612308496904e-03	  7.218158949109e-03	  8.584380916321e-01	 -6.045051470106e-01	 -2.343703576505e-01	  7.739225193755e+00	 -8.532554079179e+00	 -4.597117738767e+00	 -2.632221320785e+00	 -4.281004617572e+00	 -3.884731776308e-01	 -4.050355725887e-01	 -9.731848368127e-02	  8.079217052600e-03	 -4.018038857676e-01	
  5.900000000000e+01	  3.500000000000e+01	  7.400000000000e+00	  8.194754874779e-02	 -3.353576342764e+00	  7.934527671041e-03	  9.369144284822e-03	  1.032499139584e-02	  1.338126622728e-03	  2.527087216098e-04	  1.006930298439e-02	  9.625181915290e-03	  9.808599858199e-01	 -6.069927257859e-01	 -2.342221343839e-01	  7.731295298564e+00	 -8.532554079179e+00	 -4.597117738767e+00	 -2.632221320785e+00	 -4.281004617572e+00	 -3.902267282930e-01	 -4.070259757863e-01	 -9.777154907688e-02	  8.194754874779e-03	 -4.037480738364e-01	
  6.000000000000e+01	  3.500000000000e+01	  7.400000000000e+00	  8.426231368721e-02	 -6.854567050607e+00	  7.934527671041e-03	  9.369144284822e-03	  1.548748709376e-02	  1.338126622728e-03	  2.527087216098e-04	  1.498331122929e-02	  1.444062225550e-02	  1.152001391372e+00	 -6.119366862181e-01	 -2.339251523169e-01	  7.715527076784e+00	 -8.532554079179e+00	 -4.597117738767e+00	 -2.632221320785e+00	 -4.281004617572e+00	 -3.936731278987e-01	 -4.109469022045e-01	 -9.866305323898e-02	  8.426231368721e-03	 -4.075764096570e-01	
  6.100000000000e+01	  4.500000000000e+01	  7.400000000000e+00	  7.794461669202e-02	  3.770698618291e-01	  7.934527671041e-03	  9.369144284822e-03	  5.162495697920e-03	  1.338126622728e-03	  2.527087216098e-04	  5.196970955115e-03	  4.810179988923e-03	  8.157202557613e-01	 -5.947165013952e-01	 -3.102241422248e-01	  8.354625737573e+00	 -8.631020506760e+00	 -4.662286989514e+00	 -2.557658337262e+00	 -5.086946395756e+00	 -3.910727621157e-01	 -4.070514085376e-01	 -9.788126361561e-02	  7.794461669202e-03	 -4.039336238699e-01	
  6.200000000000e+01	  4.500000000000e+01	  7.400000000000e+00	  7.817417402164e-02	 -1.883598827001e-02	  7.934527671041e-03	  9.369144284822e-03	  5.678745267712e-03	  1.338126622728e-03	  2.527087216098e-04	  5.691525516979e-03	  5.291333918781e-03	  8.565262321121e-01	 -5.952326823498e-01	 -3.101950162847e-01	  8.352837602470e+00	 -8.631020506760e+00	 -4.662286989514e+00	 -2.557658337262e+00	 -5.086946395756e+00	 -3.914409239011e-01	 -4.074666295755e-01	 -9.797602793597e-02	  7.817417402164e-03	 -4.043396626146e-01	
  6.300000000000e+01	  4.500000000000e+01	  7.400000000000e+00	  7.851864495751e-02	 -6.072361971419e-01	  7.934527671041e-03	  9.369144284822e-03	  6.453119622400e-03	  1.338126622728e-03	  2.527087216098e-04	  6.433345308148e-03	  6.013110203585e-03	  9.111661363513e-01	 -5.960063113664e-01	 -3.101513094059e-01	  8.350158260525e+00	 -8.631020506760e+00	 -4.662286989514e+00	 -2.557658337262e+00	 -5.086946395756e+00	 -3.919915593300e-01	 -4.080878815463e-01	 -9.811778750767e-02	  7.851864495751e-03	 -4.049471357480e-01	
  6.400000000000e+01	  4.500000000000e+01	  7.400000000000e+00	  7.909311781651e-02	 -1.573605333007e+00	  7.934527671041e-03	  9.369144284822e-03	  7.743743546880e-03	  1.338126622728e-03	  2.527087216098e-04	  7.669680315059e-03	  7.216190734134e-03	  9.888919958527e-01	 -5.972939555832e-01	 -3.100784172950e-01	  8.345700363010e+00	 -8.631020506760e+00	 -4.662286989514e+00	 -2.557658337262e+00	 -5.086946395756e+00	 -3.929050230150e-01	 -4.091191121674e-01	 -9.835302748961e-02	  7.909311781651e-03	 -4.059553874547e-01	
  6.500000000000e+01	  4.500000000000e+01	  7.400000000000e+00	  8.024335932864e-02	 -3.454410484137e+00	  7.934527671041e-03	  9.369144284822e-03	  1.032499139584e-02	  1.338126622728e-03	  2.527087216098e-04	  1.014223831767e-02	  9.622795488202e-03	  1.110945806031e+00	 -5.998625727714e-01	 -3.099324596108e-01	  8.336813613592e+00	 -8.631020506760e+00	 -4.662286989514e+00	 -2.557658337262e+00	 -5.086946395756e+00	 -3.947161288403e-01	 -4.111660175027e-01	 -9.881969895523e-02	  8.024335932864e-03	 -4.079562831295e-01	
  6.600000000000e+01	  4.500000000000e+01	  7.400000000000e+00	  8.254877573121e-02	 -7.020562158705e+00	  7.934527671041e-03	  9.369144284822e-03	  1.548748709376e-02	  1.338126622728e-03	  2.527087216098e-04	  1.508694599832e-02	  1.443773088292e-02	  1.281367939196e+00	 -6.049720318528e-01	 -3.096398795510e-01	  8.319158132906e+00	 -8.631020506760e+00	 -4.662286989514e+00	 -2.557658337262e+00	 -5.086946395756e+00	 -3.982762949605e-01	 -4.151987939854e-01	 -9.973810759714e-02	  8.254877573121e-03	 -4.118968429561e-01	
  6.700000000000e+01	  5.500000000000e+01	  7.400000000000e+00	  7.619614731539e-02	  3.535978867665e-01	  7.934527671041e-03	  9.369144284822e-03	  5.162495697920e-03	  1.338126622728e-03	  2.527087216098e-04	  5.232518973381e-03	  4.794371590181e-03	  9.378464044735e-01	 -5.782559917967e-01	 -3.815427737497e-01	  8.904192789025e+00	 -8.742475689895e+00	 -4.742362780561e+00	 -2.487639798872e+00	 -5.843767846152e+00	 -3.958078578004e-01	 -4.114280680001e-01	 -9.898930112730e-02	  7.619614731539e-03	 -4.083802221075e-01	
  6.800000000000e+01	  5.500000000000e+01	  7.400000000000e+00	  7.642289859694e-02	 -4.981271871561e-02	  7.934527671041e-03	  9.369144284822e-03	  5.678745267712e-03	  1.338126622728e-03	  2.527087216098e-04	  5.729477013622e-03	  5.273988147161e-03	  9.785520643120e-01	 -5.787995274077e-01	 -3.815143442031e-01	  8.902112349969e+00	 -8.742475689895e+00	 -4.742362780561e+00	 -2.487639798872e+00	 -5.843767846152e+00	 -3.961860320187e-01	 -4.118527262311e-01	 -9.908637840369e-02	  7.642289859694e-03	 -4.087958102872e-01	
  6.900000000000e+01	  5.500000000000e+01	  7.400000000000e+00	  7.676320370121e-02	 -6.493279063228e-01	  7.934527671041e-03	  9.369144284822e-03	  6.453119622400e-03	  1.338126622728e-03	  2.527087216098e-04	  6.474885170332e-03	  5.993472726055e-03	  1.033042147723e+00	 -5.796142499124e-01	 -3.814716766021e-01	  8.898995851875e+00	 -8.742475689895e+00	 -4.742362780561e+00	 -2.487639798872e+00	 -5.843767846152e+00	 -3.967517071905e-01	 -4.124881639492e-01	 -9.923161341911e-02	  7.676320370121e-03	 -4.094176358012e-01	
  7.000000000000e+01	  5.500000000000e+01	  7.400000000000e+00	  7.733084675602e-02	 -1.633849095637e+00	  7.934527671041e-03	  9.369144284822e-03	  7.743743546880e-03	  1.338126622728e-03	  2.527087216098e-04	  7.717156459967e-03	  7.192771544885e-03	  1.110520033189e+00	 -5.809705387566e-01	 -3.814005026658e-01	  8.893812808501e+00	 -8.742475689895e+00	 -4.742362780561e+00	 -2.487639798872e+00	 -5.843767846152e+00	 -3.976902884632e-01	 -4.135431120482e-01	 -9.947266060213e-02	  7.733084675602e-03	 -4.104498781780e-01	
  7.100000000000e+01	  5.500000000000e+01	  7.400000000000e+00	  7.846783991402e-02	 -3.549600802800e+00	  7.934527671041e-03	  9.369144284822e-03	  1.032499139584e-02	  1.338126622728e-03	  2.527087216098e-04	  1.020142482190e-02	  9.591951472965e-03	  1.232084263094e+00	 -5.836769734442e-01	 -3.812579303780e-01	  8.883488570240e+00	 -8.742475689895e+00	 -4.742362780561e+00	 -2.487639798872e+00	 -5.843767846152e+00	 -3.995517906413e-01	 -4.156376978237e-01	 -9.995099406275e-02	  7.846783991402e-03	 -4.124989842271e-01	
  7.200000000000e+01	  5.500000000000e+01	  7.400000000000e+00	  8.074830675479e-02	 -7.180521564817e+00	  7.934527671041e-03	  9.369144284822e-03	  1.548748709376e-02	  1.338126622728e-03	  2.527087216098e-04	  1.516893405273e-02	  1.439256824615e-02	  1.401551876945e+00	 -5.890637918503e-01	 -3.809719274130e-01	  8.863008317148e+00	 -8.742475689895e+00	 -4.742362780561e+00	 -2.487639798872e+00	 -5.843767846152e+00	 -4.032131730706e-01	 -4.197665759553e-01	 -1.008928614445e-01	  8.074830675479e-03	 -4.165366436851e-01	
  7.300000000000e+01	  2.500000000000e+01	  7.400000000000e+00	  1.071567634408e-01	  4.286831752292e-01	  1.057937022806e-02	  1.249219237976e-02	  6.883327597227e-03	  1.784168830304e-03	  3.369449621463e-04	  6.829549760747e-03	  6.398809721876e-03	  7.430983793254e-01	 -4.466591839706e-01	 -2.595466152950e-02	  7.706640674200e+00	 -8.447933552417e+00	 -4.548708465533e+00	 -2.711786013751e+00	 -3.421000000000e+00	 -4.166317856287e-01	 -4.385989221341e-01	 -1.047877645894e-01	  1.071567634408e-02	 -4.343126515964e-01	
  7.400000000000e+01	  2.500000000000e+01	  7.400000000000e+00	  1.074588303663e-01	  4.473608981875e-02	  1.057937022806e-02	  1.249219237976e-02	  7.571660356950e-03	  1.784168830304e-03	  3.369449621463e-04	  7.481006528897e-03	  7.038825117200e-03	  7.840167108816e-01	 -4.471414888704e-01	 -2.591530490334e-02	  7.705245440812e+00	 -8.447933552417e+00	 -4.548708465533e+00	 -2.711786013751e+00	 -3.421000000000e+00	 -4.169795734625e-01	 -4.390086336876e-01	 -1.048794769099e-01	  1.074588303663e-02	 -4.347102804729e-01	
  7.500000000000e+01	  2.500000000000e+01	  7.400000000000e+00	  1.079121265913e-01	 -5.260411754139e-01	  1.057937022806e-02	  1.249219237976e-02	  8.604159496534e-03	  1.784168830304e-03	  3.369449621463e-04	  8.458194728594e-03	  7.998893337511e-03	  8.388244914278e-01	 -4.478645168114e-01	 -2.585624654913e-02	  7.703152751095e+00	 -8.447933552417e+00	 -4.548708465533e+00	 -2.711786013751e+00	 -3.421000000000e+00	 -4.174997016681e-01	 -4.396216876193e-01	 -1.050166752282e-01	  1.079121265913e-02	 -4.353052025557e-01	
  7.600000000000e+01	  2.500000000000e+01	  7.400000000000e+00	  1.086681347076e-01	 -1.463857331364e+00	  1.057937022806e-02	  1.249219237976e-02	  1.032499139584e-02	  1.784168830304e-03	  3.369449621463e-04	  1.008685052616e-02	  9.599126647003e-03	  9.168284161264e-01	 -4.490683796747e-01	 -2.575775439171e-02	  7.699665516114e+00	 -8.447933552417e+00	 -4.548708465533e+00	 -2.711786013751e+00	 -3.421000000000e+00	 -4.183624600569e-01	 -4.406394276720e-01	 -1.052443569162e-01	  1.086681347076e-02	 -4.362927022837e-01	
  7.700000000000e+01	  2.500000000000e+01	  7.400000000000e+00	  1.101820288656e-01	 -3.290484825098e+00	  1.057937022806e-02	  1.249219237976e-02	  1.376665519445e-02	  1.784168830304e-03	  3.369449621463e-04	  1.334419947533e-02	  1.280003693385e-02	  1.039432018994e+00	 -4.514714182426e-01	 -2.556054490839e-02	  7.692694219157e+00	 -8.447933552417e+00	 -4.548708465533e+00	 -2.711786013751e+00	 -3.421000000000e+00	 -4.200726602297e-01	 -4.426599761472e-01	 -1.056960704242e-01	  1.101820288656e-02	 -4.382526949926e-01	
  7.800000000000e+01	  2.500000000000e+01	  7.400000000000e+00	  1.132169550298e-01	 -6.758985859696e+00	  1.057937022806e-02	  1.249219237976e-02	  2.064998279168e-02	  1.784168830304e-03	  3.369449621463e-04	  1.985907833885e-02	  1.920359528591e-02	  1.210929457469e+00	 -4.562569862274e-01	 -2.516526711476e-02	  7.678771448262e+00	 -8.447933552417e+00	 -4.548708465533e+00	 -2.711786013751e+00	 -3.421000000000e+00	 -4.234328877632e-01	 -4.466423635443e-01	 -1.065851570749e-01	  1.132169550298e-02	 -4.421136853432e-01	
  7.900000000000e+01	  3.500000000000e+01	  7.400000000000e+00	  1.049890324738e-01	  3.915399717649e-01	  1.057937022806e-02	  1.249219237976e-02	  6.883327597227e-03	  1.784168830304e-03	  3.369449621463e-04	  6.901090289132e-03	  6.417801228822e-03	  8.830642783618e-01	 -4.531748993065e-01	 -1.065780752833e-01	  8.367999687530e+00	 -8.532554079179e+00	 -4.597117738767e+00	 -2.632221320785e+00	 -4.281004617572e+00	 -4.211195184110e-01	 -4.426422700681e-01	 -1.058190498662e-01	  1.049890324738e-02	 -4.384427087691e-01	
  8.000000000000e+01	  3.500000000000e+01	  7.400000000000e+00	  1.052913573446e-01	 -7.571582968223e-04	  1.057937022806e-02	  1.249219237976e-02	  7.571660356950e-03	  1.784168830304e-03	  3.369449621463e-04	  7.558490971350e-03	  7.059743765148e-03	  9.239176263873e-01	 -4.536668495590e-01	 -1.065390280818e-01	  8.366464529246e+00	 -8.532554079179e+00	 -4.597117738767e+00	 -2.632221320785e+00	 -4.281004617572e+00	 -4.214804295361e-01	 -4.430651577918e-01	 -1.059138929722e-01	  1.052913573446e-02	 -4.388535034980e-01	
  8.100000000000e+01	  3.500000000000e+01	  7.400000000000e+00	  1.057450665227e-01	 -5.838715433257e-01	  1.057937022806e-02	  1.249219237976e-02	  8.604159496534e-03	  1.784168830304e-03	  3.369449621463e-04	  8.544581163352e-03	  8.022711893316e-03	  9.786283218210e-01	 -4.544044841319e-01	 -1.064804303881e-01	  8.364162328266e+00	 -8.532554079179e+00	 -4.597117738767e+00	 -2.632221320785e+00	 -4.281004617572e+00	 -4.220201862680e-01	 -4.436979249052e-01	 -1.060557743954e-01	  1.057450665227e-02	 -4.394681222443e-01	
  8.200000000000e+01	  3.500000000000e+01	  7.400000000000e+00	  1.065018308691e-01	 -1.541759460636e+00	  1.057937022806e-02	  1.249219237976e-02	  1.032499139584e-02	  1.784168830304e-03	  3.369449621463e-04	  1.018803703662e-02	  9.627802551639e-03	  1.056471468622e+00	 -4.556330517690e-01	 -1.063826968856e-01	  8.360326913631e+00	 -8.532554079179e+00	 -4.597117738767e+00	 -2.632221320785e+00	 -4.281004617572e+00	 -4.229155076944e-01	 -4.447483830225e-01	 -1.062912261886e-01	  1.065018308691e-02	 -4.404883097878e-01	
  8.300000000000e+01	  3.500000000000e+01	  7.400000000000e+00	  1.080174829744e-01	 -3.406764640833e+00	  1.057937022806e-02	  1.249219237976e-02	  1.376665519445e-02	  1.784168830304e-03	  3.369449621463e-04	  1.347485180627e-02	  1.283851583829e-02	  1.178757314868e+00	 -4.580867917543e-01	 -1.061869715666e-01	  8.352663044182e+00	 -8.532554079179e+00	 -4.597117738767e+00	 -2.632221320785e+00	 -4.281004617572e+00	 -4.246902627468e-01	 -4.468338467565e-01	 -1.067583471813e-01	  1.080174829744e-02	 -4.425131474376e-01	
  8.400000000000e+01	  3.500000000000e+01	  7.400000000000e+00	  1.110568390084e-01	 -6.945479622132e+00	  1.057937022806e-02	  1.249219237976e-02	  2.064998279168e-02	  1.784168830304e-03	  3.369449621463e-04	  2.004814595389e-02	  1.926201612360e-02	  1.349633940020e+00	 -4.629785028844e-01	 -1.057945369737e-01	  8.337370334338e+00	 -8.532554079179e+00	 -4.597117738767e+00	 -2.632221320785e+00	 -4.281004617572e+00	 -4.281772914590e-01	 -4.509439434557e-01	 -1.076777108853e-01	  1.110568390084e-02	 -4.465016698954e-01	
  8.500000000000e+01	  4.500000000000e+01	  7.400000000000e+00	  1.027219665387e-01	  3.615972930135e-01	  1.057937022806e-02	  1.249219237976e-02	  6.883327597227e-03	  1.784168830304e-03	  3.369449621463e-04	  6.959513608629e-03	  6.412354264021e-03	  1.012275514461e+00	 -4.488899434950e-01	 -1.823745179320e-01	  8.965512863707e+00	 -8.631020506760e+00	 -4.662286989514e+00	 -2.557658337262e+00	 -5.086946395756e+00	 -4.260116618800e-01	 -4.470696650204e-01	 -1.069466853501e-01	  1.027219665387e-02	 -4.429607863589e-01	
  8.600000000000e+01	  4.500000000000e+01	  7.400000000000e+00	  1.030219515237e-01	 -3.869933940994e-02	  1.057937022806e-02	  1.249219237976e-02	  7.571660356950e-03	  1.784168830304e-03	  3.369449621463e-04	  7.621421097585e-03	  7.053799592315e-03	  1.053040629991e+00	 -4.494021504286e-01	 -1.823361145490e-01	  8.963745709089e+00	 -8.631020506760e+00	 -4.662286989514e+00	 -2.557658337262e+00	 -5.086946395756e+00	 -4.263839148472e-01	 -4.475034149095e-01	 -1.070441595027e-01	  1.030219515237e-02	 -4.433825368486e-01	
  8.700000000000e+01	  4.500000000000e+01	  7.400000000000e+00	  1.034722000081e-01	 -6.336526648145e-01	  1.057937022806e-02	  1.249219237976e-02	  8.604159496534e-03	  1.784168830304e-03	  3.369449621463e-04	  8.614251603452e-03	  8.016037562696e-03	  1.107619528550e+00	 -4.501702995708e-01	 -1.822784766633e-01	  8.961096344634e+00	 -8.631020506760e+00	 -4.662286989514e+00	 -2.557658337262e+00	 -5.086946395756e+00	 -4.269406813171e-01	 -4.481524823187e-01	 -1.071899878719e-01	  1.034722000081e-02	 -4.440135943184e-01	
  8.800000000000e+01	  4.500000000000e+01	  7.400000000000e+00	  1.042233250150e-01	 -1.610852480979e+00	  1.057937022806e-02	  1.249219237976e-02	  1.032499139584e-02	  1.784168830304e-03	  3.369449621463e-04	  1.026888898162e-02	  9.619952487046e-03	  1.185244472122e+00	 -4.514500585795e-01	 -1.821823273175e-01	  8.956684538493e+00	 -8.631020506760e+00	 -4.662286989514e+00	 -2.557658337262e+00	 -5.086946395756e+00	 -4.278643401608e-01	 -4.492301217889e-01	 -1.074320178702e-01	  1.042233250150e-02	 -4.450611887882e-01	
  8.900000000000e+01	  4.500000000000e+01	  7.400000000000e+00	  1.057281637342e-01	 -3.512959199389e+00	  1.057937022806e-02	  1.249219237976e-02	  1.376665519445e-02	  1.784168830304e-03	  3.369449621463e-04	  1.357787506758e-02	  1.282846517633e-02	  1.307099290727e+00	 -4.540073575857e-01	 -1.819897138142e-01	  8.947876171486e+00	 -8.631020506760e+00	 -4.662286989514e+00	 -2.557658337262e+00	 -5.086946395756e+00	 -4.296956985987e-01	 -4.513699721643e-01	 -1.079122885121e-01	  1.057281637342e-02	 -4.471408456149e-01	
  9.000000000000e+01	  4.500000000000e+01	  7.400000000000e+00	  1.087476345301e-01	 -7.120168841802e+00	  1.057937022806e-02	  1.249219237976e-02	  2.064998279168e-02	  1.784168830304e-03	  3.369449621463e-04	  2.019477916511e-02	  1.924814095283e-02	  1.477134695301e+00	 -4.591103563432e-01	 -1.816032893342e-01	  8.930327388960e+00	 -8.631020506760e+00	 -4.662286989514e+00	 -2.557658337262e+00	 -5.086946395756e+00	 -4.332954688854e-01	 -4.555887339641e-01	 -1.088578785382e-01	  1.087476345301e-02	 -4.512388285829e-01	
  9.100000000000e+01	  5.500000000000e+01	  7.400000000000e+00	  1.004024513953e-01	  3.352957672519e-01	  1.057937022806e-02	  1.249219237976e-02	  6.883327597227e-03	  1.784168830304e-03	  3.369449621463e-04	  7.010844843942e-03	  6.387562233440e-03	  1.132717356124e+00	 -4.353537580835e-01	 -2.537888145017e-01	  9.505926236763e+00	 -8.742475689895e+00	 -4.742362780561e+00	 -2.487639798872e+00	 -5.843767846152e+00	 -4.313315468673e-01	 -4.519140494034e-01	 -1.081775355954e-01	  1.004024513953e-02	 -4.478979513476e-01	
  9.200000000000e+01	  5.500000000000e+01	  7.400000000000e+00	  1.006976501709e-01	 -7.285119259993e-02	  1.057937022806e-02	  1.249219237976e-02	  7.571660356950e-03	  1.784168830304e-03	  3.369449621463e-04	  7.676367890999e-03	  7.026603272377e-03	  1.173365466891e+00	 -4.358998767732e-01	 -2.537513683315e-01	  9.503814508175e+00	 -8.742475689895e+00	 -4.742362780561e+00	 -2.487639798872e+00	 -5.843767846152e+00	 -4.317130947819e-01	 -4.523561130669e-01	 -1.082770820577e-01	  1.006976501709e-02	 -4.483282070601e-01	
  9.300000000000e+01	  5.500000000000e+01	  7.400000000000e+00	  1.011407987356e-01	 -6.794433492974e-01	  1.057937022806e-02	  1.249219237976e-02	  8.604159496534e-03	  1.784168830304e-03	  3.369449621463e-04	  8.674592374875e-03	  7.985259477924e-03	  1.227769665848e+00	 -4.367189686577e-01	 -2.536951573414e-01	  9.500649885838e+00	 -8.742475689895e+00	 -4.742362780561e+00	 -2.487639798872e+00	 -5.843767846152e+00	 -4.322838702330e-01	 -4.530177339738e-01	 -1.084260368016e-01	  1.011407987356e-02	 -4.489721020244e-01	
  9.400000000000e+01	  5.500000000000e+01	  7.400000000000e+00	  1.018802981279e-01	 -1.675681212492e+00	  1.057937022806e-02	  1.249219237976e-02	  1.032499139584e-02	  1.784168830304e-03	  3.369449621463e-04	  1.033814258666e-02	  9.583269687355e-03	  1.305105576973e+00	 -4.380838192734e-01	 -2.536013627664e-01	  9.495383575339e+00	 -8.742475689895e+00	 -4.742362780561e+00	 -2.487639798872e+00	 -5.843767846152e+00	 -4.332310460467e-01	 -4.541165071629e-01	 -1.086733229564e-01	  1.018802981279e-02	 -4.500412952378e-01	
  9.500000000000e+01	  5.500000000000e+01	  7.400000000000e+00	  1.033626372029e-01	 -3.614544117962e+00	  1.057937022806e-02	  1.249219237976e-02	  1.376665519445e-02	  1.784168830304e-03	  3.369449621463e-04	  1.366467271073e-02	  1.278021043406e-02	  1.426390198595e+00	 -4.408119182309e-01	 -2.534133737543e-01	  9.484882054506e+00	 -8.742475689895e+00	 -4.742362780561e+00	 -2.487639798872e+00	 -5.843767846152e+00	 -4.351100143364e-01	 -4.562993549630e-01	 -1.091642623590e-01	  1.033626372029e-02	 -4.521648494749e-01	
  9.600000000000e+01	  5.500000000000e+01	  7.400000000000e+00	  1.063399204512e-01	 -7.290222393545e+00	  1.057937022806e-02	  1.249219237976e-02	  2.064998279168e-02	  1.784168830304e-03	  3.369449621463e-04	  2.031559430696e-02	  1.917764886522e-02	  1.595315667663e+00	 -4.462583904609e-01	 -2.530358773772e-01	  9.464009397758e+00	 -8.742475689895e+00	 -4.742362780561e+00	 -2.487639798872e+00	 -5.843767846152e+00	 -4.388069083687e-01	 -4.606065920612e-01	 -1.101317146614e-01	  1.063399204512e-02	 -4.563529952431e-01	
  9.700000000000e+01	  2.500000000000e+01	  7.400000000000e+00	  1.328263665133e-01	  4.184717738481e-01	  1.322421278507e-02	  1.561524047470e-02	  8.604159496534e-03	  2.230211037880e-03	  4.211812026829e-04	  8.563382996491e-03	  8.004093665331e-03	  8.972762831767e-01	 -3.312005437582e-01	  7.402395305599e-02	  8.191576480764e+00	 -8.447933552417e+00	 -4.548708465533e+00	 -2.711786013751e+00	 -3.421000000000e+00	 -4.431920707614e-01	 -4.704214758966e-01	 -1.118591547734e-01	  1.328263665133e-02	 -4.651084212361e-01	
  9.800000000000e+01	  2.500000000000e+01	  7.400000000000e+00	  1.331982163528e-01	  3.148623146511e-02	  1.322421278507e-02	  1.561524047470e-02	  9.464575446187e-03	  2.230211037880e-03	  4.211812026829e-04	  9.379835263255e-03	  8.804679978502e-03	  9.381853098591e-01	 -3.316658876095e-01	  7.407261303525e-02	  8.190283390567e+00	 -8.447933552417e+00	 -4.548708465533e+00	 -2.711786013751e+00	 -3.421000000000e+00	 -4.435374746085e-01	 -4.708431089609e-01	 -1.119521124284e-01	  1.331982163528e-02	 -4.655151803068e-01	
  9.900000000000e+01	  2.500000000000e+01	  7.400000000000e+00	  1.337563277254e-01	 -5.438283571849e-01	  1.322421278507e-02	  1.561524047470e-02	  1.075519937067e-02	  2.230211037880e-03	  4.211812026829e-04	  1.060450804477e-02	  1.000561887076e-02	  9.929791642993e-01	 -3.323639622188e-01	  7.414564190446e-02	  8.188341929520e+00	 -8.447933552417e+00	 -4.548708465533e+00	 -2.711786013751e+00	 -3.421000000000e+00	 -4.440540324898e-01	 -4.714740796735e-01	 -1.120911854869e-01	  1.337563277254e-02	 -4.661238265645e-01	
  1.000000000000e+02	  2.500000000000e+01	  7.400000000000e+00	  1.346873960140e-01	 -1.489150047212e+00	  1.322421278507e-02	  1.561524047470e-02	  1.290623924480e-02	  2.230211037880e-03	  4.211812026829e-04	  1.264561573459e-02	  1.200734120659e-02	  1.070959968669e+00	 -3.335275046515e-01	  7.426745878258e-02	  8.185101572477e+00	 -8.447933552417e+00	 -4.548708465533e+00	 -2.711786013751e+00	 -3.421000000000e+00	 -4.449108488827e-01	 -4.725217650656e-01	 -1.123220079310e-01	  1.346873960140e-02	 -4.671342692250e-01	
  1.010000000000e+02	  2.500000000000e+01	  7.400000000000e+00	  1.365527451063e-01	 -3.330561975977e+00	  1.322421278507e-02	  1.561524047470e-02	  1.720831899307e-02	  2.230211037880e-03	  4.211812026829e-04	  1.672778896772e-02	  1.601137025623e-02	  1.193517709547e+00	 -3.358544422016e-01	  7.451146472036e-02	  8.178605463919e+00	 -8.447933552417e+00	 -4.548708465533e+00	 -2.711786013751e+00	 -3.421000000000e+00	 -4.466091555879e-01	 -4.746024683347e-01	 -1.127800523198e-01	  1.365527451063e-02	 -4.691403585304e-01	
  1.020000000000e+02	  2.500000000000e+01	  7.400000000000e+00	  1.402955839720e-01	 -6.827639956511e+00	  1.322421278507e-02	  1.561524047470e-02	  2.581247848960e-02	  2.230211037880e-03	  4.211812026829e-04	  2.489203126432e-02	  2.402171788849e-02	  1.364925222412e+00	 -3.405044095415e-01	  7.500088748769e-02	  8.165564704591e+00	 -8.447933552417e+00	 -4.548708465533e+00	 -2.711786013751e+00	 -3.421000000000e+00	 -4.499452705257e-01	 -4.787058652400e-01	 -1.136819191494e-01	  1.402955839720e-02	 -4.730940418811e-01	
  1.030000000000e+02	  3.500000000000e+01	  7.400000000000e+00	  1.301030008053e-01	  3.801331462326e-01	  1.322421278507e-02	  1.561524047470e-02	  8.604159496534e-03	  2.230211037880e-03	  4.211812026829e-04	  8.654666268680e-03	  8.024130118164e-03	  1.036016324640e+00	 -3.399720056085e-01	 -6.679720683318e-03	  8.844952537160e+00	 -8.532554079179e+00	 -4.597117738767e+00	 -2.632221320785e+00	 -4.281004617572e+00	 -4.480846626440e-01	 -4.747557778091e-01	 -1.129701333137e-01	  1.301030008053e-02	 -4.695516577769e-01	
  1.040000000000e+02	  3.500000000000e+01	  7.400000000000e+00	  1.304744361576e-01	 -1.541060962223e-02	  1.322421278507e-02	  1.561524047470e-02	  9.464575446187e-03	  2.230211037880e-03	  4.211812026829e-04	  9.478740256251e-03	  8.826764518920e-03	  1.076851968984e+00	 -3.404496006569e-01	 -6.631481361647e-03	  8.843496431296e+00	 -8.532554079179e+00	 -4.597117738767e+00	 -2.632221320785e+00	 -4.281004617572e+00	 -4.484429892888e-01	 -4.751902487011e-01	 -1.130661429606e-01	  1.304744361576e-02	 -4.699712712548e-01	
  1.050000000000e+02	  3.500000000000e+01	  7.400000000000e+00	  1.310319694497e-01	 -6.033777395725e-01	  1.322421278507e-02	  1.561524047470e-02	  1.075519937067e-02	  2.230211037880e-03	  4.211812026829e-04	  1.071482492534e-02	  1.003079012026e-02	  1.131536201310e+00	 -3.411662201313e-01	 -6.559078190735e-03	  8.841310875277e+00	 -8.532554079179e+00	 -4.597117738767e+00	 -2.632221320785e+00	 -4.281004617572e+00	 -4.489788915070e-01	 -4.758404452442e-01	 -1.132097854360e-01	  1.310319694497e-02	 -4.705991664662e-01	
  1.060000000000e+02	  3.500000000000e+01	  7.400000000000e+00	  1.319621881211e-01	 -1.569304439658e+00	  1.322421278507e-02	  1.561524047470e-02	  1.290623924480e-02	  2.230211037880e-03	  4.211812026829e-04	  1.277489793802e-02	  1.203769525886e-02	  1.209335494895e+00	 -3.423611060034e-01	 -6.438290307435e-03	  8.837664845085e+00	 -8.532554079179e+00	 -4.597117738767e+00	 -2.632221320785e+00	 -4.281004617572e+00	 -4.498678397909e-01	 -4.769200883557e-01	 -1.134482000899e-01	  1.319621881211e-02	 -4.716416008309e-01	
  1.070000000000e+02	  3.500000000000e+01	  7.400000000000e+00	  1.338262484278e-01	 -3.450183277349e+00	  1.322421278507e-02	  1.561524047470e-02	  1.720831899307e-02	  2.230211037880e-03	  4.211812026829e-04	  1.689480202475e-02	  1.605222964210e-02	  1.331534613630e+00	 -3.447522802314e-01	 -6.196292198321e-03	  8.830361762346e+00	 -8.532554079179e+00	 -4.597117738767e+00	 -2.632221320785e+00	 -4.281004617572e+00	 -4.516299880337e-01	 -4.790643689613e-01	 -1.139213369188e-01	  1.338262484278e-02	 -4.737113190242e-01	
  1.080000000000e+02	  3.500000000000e+01	  7.400000000000e+00	  1.375680331333e-01	 -7.019707913455e+00	  1.322421278507e-02	  1.561524047470e-02	  2.581247848960e-02	  2.230211037880e-03	  4.211812026829e-04	  2.513374032965e-02	  2.408411840414e-02	  1.502241920704e+00	 -3.495363322144e-01	 -5.710696866717e-03	  8.815724845563e+00	 -8.532554079179e+00	 -4.597117738767e+00	 -2.632221320785e+00	 -4.281004617572e+00	 -4.550920002081e-01	 -4.832934470004e-01	 -1.148529947924e-01	  1.375680331333e-02	 -4.777907256751e-01	
  1.090000000000e+02	  4.500000000000e+01	  7.400000000000e+00	  1.272745308980e-01	  3.483086212896e-01	  1.322421278507e-02	  1.561524047470e-02	  8.604159496534e-03	  2.230211037880e-03	  4.211812026829e-04	  8.730886654189e-03	  8.013530665972e-03	  1.163934885571e+00	 -3.379136648810e-01	 -8.256162317550e-02	  9.435082241524e+00	 -8.631020506760e+00	 -4.662286989514e+00	 -2.557658337262e+00	 -5.086946395756e+00	 -4.534358204581e-01	 -4.795270992921e-01	 -1.141902350506e-01	  1.272745308980e-02	 -4.744361180562e-01	
  1.100000000000e+02	  4.500000000000e+01	  7.400000000000e+00	  1.276420926216e-01	 -5.547454085953e-02	  1.322421278507e-02	  1.561524047470e-02	  9.464575446187e-03	  2.230211037880e-03	  4.211812026829e-04	  9.560915833898e-03	  8.815178009320e-03	  1.204671151740e+00	 -3.384158341169e-01	 -8.251423303229e-02	  9.433360412462e+00	 -8.631020506760e+00	 -4.662286989514e+00	 -2.557658337262e+00	 -5.086946395756e+00	 -4.538049906895e-01	 -4.799716196770e-01	 -1.142887018499e-01	  1.276420926216e-02	 -4.748659359721e-01	
  1.110000000000e+02	  4.500000000000e+01	  7.400000000000e+00	  1.281938945599e-01	 -6.556452503703e-01	  1.322421278507e-02	  1.561524047470e-02	  1.075519937067e-02	  2.230211037880e-03	  4.211812026829e-04	  1.080590312373e-02	  1.001774700555e-02	  1.259206956300e+00	 -3.391694702856e-01	 -8.244309467891e-02	  9.430777226342e+00	 -8.631020506760e+00	 -4.662286989514e+00	 -2.557658337262e+00	 -5.086946395756e+00	 -4.543571849330e-01	 -4.806369333177e-01	 -1.144360383825e-01	  1.281938945599e-02	 -4.755091775353e-01	
  1.120000000000e+02	  4.500000000000e+01	  7.400000000000e+00	  1.291147675205e-01	 -1.641503045096e+00	  1.322421278507e-02	  1.561524047470e-02	  1.290623924480e-02	  2.230211037880e-03	  4.211812026829e-04	  1.288073453194e-02	  1.202228753003e-02	  1.336760560812e+00	 -3.404264487805e-01	 -8.232439139778e-02	  9.426471030603e+00	 -8.631020506760e+00	 -4.662286989514e+00	 -2.557658337262e+00	 -5.086946395756e+00	 -4.552733508867e-01	 -4.817418782284e-01	 -1.146806302759e-01	  1.291147675205e-02	 -4.765772875276e-01	
  1.130000000000e+02	  4.500000000000e+01	  7.400000000000e+00	  1.309608827127e-01	 -3.560756825893e+00	  1.322421278507e-02	  1.561524047470e-02	  1.720831899307e-02	  2.230211037880e-03	  4.211812026829e-04	  1.702986548396e-02	  1.603232332502e-02	  1.458474541610e+00	 -3.429431968483e-01	 -8.208647749731e-02	  9.417857209438e+00	 -8.631020506760e+00	 -4.662286989514e+00	 -2.557658337262e+00	 -5.086946395756e+00	 -4.570901325229e-01	 -4.839371134790e-01	 -1.151661873336e-01	  1.309608827127e-02	 -4.786986781705e-01	
  1.140000000000e+02	  4.500000000000e+01	  7.400000000000e+00	  1.346695590011e-01	 -7.201410533752e+00	  1.322421278507e-02	  1.561524047470e-02	  2.581247848960e-02	  2.230211037880e-03	  4.211812026829e-04	  2.532615271910e-02	  2.405609426435e-02	  1.628235771636e+00	 -3.479832150028e-01	 -8.160873124302e-02	  9.400637235606e+00	 -8.631020506760e+00	 -4.662286989514e+00	 -2.557658337262e+00	 -5.086946395756e+00	 -4.606619035862e-01	 -4.882691631814e-01	 -1.161228715661e-01	  1.346695590011e-02	 -4.828823808214e-01	
  1.150000000000e+02	  5.500000000000e+01	  7.400000000000e+00	  1.243987818885e-01	  3.194986156090e-01	  1.322421278507e-02	  1.561524047470e-02	  8.604159496534e-03	  2.230211037880e-03	  4.211812026829e-04	  8.799377665779e-03	  7.978565555241e-03	  1.283022719671e+00	 -3.265258072296e-01	 -1.540653886788e-01	  9.968691106356e+00	 -8.742475689895e+00	 -4.742362780561e+00	 -2.487639798872e+00	 -5.843767846152e+00	 -4.592688542183e-01	 -4.847706045055e-01	 -1.155266186465e-01	  1.243987818885e-02	 -4.797946532299e-01	
  1.160000000000e+02	  5.500000000000e+01	  7.400000000000e+00	  1.247592128034e-01	 -9.240024256144e-02	  1.322421278507e-02	  1.561524047470e-02	  9.464575446187e-03	  2.230211037880e-03	  4.211812026829e-04	  9.634361108548e-03	  8.776829978810e-03	  1.323627814394e+00	 -3.270680396857e-01	 -1.540192479611e-01	  9.966579275451e+00	 -8.742475689895e+00	 -4.742362780561e+00	 -2.487639798872e+00	 -5.843767846152e+00	 -4.596464736857e-01	 -4.852221123104e-01	 -1.156268786886e-01	  1.247592128034e-02	 -4.802317437983e-01	
  1.170000000000e+02	  5.500000000000e+01	  7.400000000000e+00	  1.253004436869e-01	 -7.046140986321e-01	  1.322421278507e-02	  1.561524047470e-02	  1.075519937067e-02	  2.230211037880e-03	  4.211812026829e-04	  1.088673503829e-02	  9.974361920645e-03	  1.377967799185e+00	 -3.278818589045e-01	 -1.539499702792e-01	  9.963412944656e+00	 -8.742475689895e+00	 -4.742362780561e+00	 -2.487639798872e+00	 -5.843767846152e+00	 -4.602114544761e-01	 -4.858980454319e-01	 -1.157769352833e-01	  1.253004436869e-02	 -4.808860276844e-01	
  1.180000000000e+02	  5.500000000000e+01	  7.400000000000e+00	  1.262040250089e-01	 -1.710198776997e+00	  1.322421278507e-02	  1.561524047470e-02	  1.290623924480e-02	  2.230211037880e-03	  4.211812026829e-04	  1.297376004807e-02	  1.197060545653e-02	  1.455197515145e+00	 -3.292393591507e-01	 -1.538343328855e-01	  9.958139786006e+00	 -8.742475689895e+00	 -4.742362780561e+00	 -2.487639798872e+00	 -5.843767846152e+00	 -4.611492189351e-01	 -4.870210440619e-01	 -1.160261378573e-01	  1.262040250089e-02	 -4.819728830616e-01	
  1.190000000000e+02	  5.500000000000e+01	  7.400000000000e+00	  1.280167372081e-01	 -3.667631969312e+00	  1.322421278507e-02	  1.561524047470e-02	  1.720831899307e-02	  2.230211037880e-03	  4.211812026829e-04	  1.714685001281e-02	  1.596440574998e-02	  1.576272862283e+00	 -3.319578451121e-01	 -1.536024230510e-01	  9.947610500768e+00	 -8.742475689895e+00	 -4.742362780561e+00	 -2.487639798872e+00	 -5.843767846152e+00	 -4.630101932352e-01	 -4.892536243629e-01	 -1.165211848795e-01	  1.280167372081e-02	 -4.841329548746e-01	
  1.200000000000e+02	  5.500000000000e+01	  7.400000000000e+00	  1.316630031085e-01	 -7.379713419100e+00	  1.322421278507e-02	  1.561524047470e-02	  2.581247848960e-02	  2.230211037880e-03	  4.211812026829e-04	  2.548943273453e-02	  2.395707006894e-02	  1.744792258467e+00	 -3.374032965535e-01	 -1.531362059814e-01	  9.926632634986e+00	 -8.742475689895e+00	 -4.742362780561e+00	 -2.487639798872e+00	 -5.843767846152e+00	 -4.666737476764e-01	 -4.936646633137e-01	 -1.174977746791e-01	  1.316630031085e-02	 -4.883981431893e-01	
  1.210000000000e+02	  2.500000000000e+01	  7.400000000000e+00	  1.583002824520e-01	  4.095220766854e-01	  1.586905534208e-02	  1.873828856964e-02	  1.032499139584e-02	  2.676253245456e-03	  5.054174432195e-04	  1.030329748307e-02	  9.610337592350e-03	  1.022988579102e+00	 -2.381225874352e-01	  1.562589922418e-01	  8.585845268072e+00	 -8.447933552417e+00	 -4.548708465533e+00	 -2.711786013751e+00	 -3.421000000000e+00	 -4.647799279414e-01	 -4.972314858441e-01	 -1.177288240579e-01	  1.583002824520e-02	 -4.908994745460e-01	
  1.220000000000e+02	  2.500000000000e+01	  7.400000000000e+00	  1.587397172811e-01	  1.998017084472e-02	  1.586905534208e-02	  1.873828856964e-02	  1.135749053542e-02	  2.676253245456e-03	  5.054174432195e-04	  1.128527054259e-02	  1.057159200955e-02	  1.063894050282e+00	 -2.385676564267e-01	  1.563167213274e-01	  8.584663954668e+00	 -8.447933552417e+00	 -4.548708465533e+00	 -2.711786013751e+00	 -3.421000000000e+00	 -4.651189845705e-01	 -4.976606266131e-01	 -1.178220746245e-01	  1.587397172811e-02	 -4.913110379219e-01	
  1.230000000000e+02	  2.500000000000e+01	  7.400000000000e+00	  1.593993909746e-01	 -5.591594785486e-01	  1.586905534208e-02	  1.873828856964e-02	  1.290623924480e-02	  2.676253245456e-03	  5.054174432195e-04	  1.275821189879e-02	  1.201354778096e-02	  1.118682541713e+00	 -2.392358549402e-01	  1.564033740871e-01	  8.582887957596e+00	 -8.447933552417e+00	 -4.548708465533e+00	 -2.711786013751e+00	 -3.421000000000e+00	 -4.656260602639e-01	 -4.983029354136e-01	 -1.179616028075e-01	  1.593993909746e-02	 -4.919269597747e-01	
  1.240000000000e+02	  2.500000000000e+01	  7.400000000000e+00	  1.605002124473e-01	 -1.510827753508e+00	  1.586905534208e-02	  1.873828856964e-02	  1.548748709376e-02	  2.676253245456e-03	  5.054174432195e-04	  1.521306787788e-02	  1.441700398383e-02	  1.196654338764e+00	 -2.403509950555e-01	  1.565479503020e-01	  8.579917653175e+00	 -8.447933552417e+00	 -4.548708465533e+00	 -2.711786013751e+00	 -3.421000000000e+00	 -4.664671677106e-01	 -4.993697112623e-01	 -1.181932235180e-01	  1.605002124473e-02	 -4.929497027644e-01	
  1.250000000000e+02	  2.500000000000e+01	  7.400000000000e+00	  1.627068115264e-01	 -3.364806409395e+00	  1.586905534208e-02	  1.873828856964e-02	  2.064998279168e-02	  2.676253245456e-03	  5.054174432195e-04	  2.012262147024e-02	  1.922464596187e-02	  1.319193871992e+00	 -2.425860954186e-01	  1.568376660114e-01	  8.573941161489e+00	 -8.447933552417e+00	 -4.548708465533e+00	 -2.711786013751e+00	 -3.421000000000e+00	 -4.681343586424e-01	 -5.014892550054e-01	 -1.186529987922e-01	  1.627068115264e-02	 -4.949809825443e-01	
  1.260000000000e+02	  2.500000000000e+01	  7.400000000000e+00	  1.671386480452e-01	 -6.886389362356e+00	  1.586905534208e-02	  1.873828856964e-02	  3.097497418752e-02	  2.676253245456e-03	  5.054174432195e-04	  2.994120494936e-02	  2.884278993992e-02	  1.490564649225e+00	 -2.470704758963e-01	  1.574192216316e-01	  8.561864591085e+00	 -8.447933552417e+00	 -4.548708465533e+00	 -2.711786013751e+00	 -3.421000000000e+00	 -4.714090821893e-01	 -5.056725050385e-01	 -1.195587627111e-01	  1.671386480452e-02	 -4.989869591167e-01	
  1.270000000000e+02	  3.500000000000e+01	  7.400000000000e+00	  1.550294837382e-01	  3.700801545485e-01	  1.586905534208e-02	  1.873828856964e-02	  1.032499139584e-02	  2.676253245456e-03	  5.054174432195e-04	  1.041488917642e-02	  9.630453663812e-03	  1.160695095977e+00	 -2.486881209904e-01	  7.547817595659e-02	  9.232853161018e+00	 -8.532554079179e+00	 -4.597117738767e+00	 -2.632221320785e+00	 -4.281004617572e+00	 -4.700406343043e-01	 -5.018216784707e-01	 -1.189106631513e-01	  1.550294837382e-02	 -4.956204991211e-01	
  1.280000000000e+02	  3.500000000000e+01	  7.400000000000e+00	  1.554676038592e-01	 -2.818404538065e-02	  1.586905534208e-02	  1.873828856964e-02	  1.135749053542e-02	  2.676253245456e-03	  5.054174432195e-04	  1.140621444756e-02	  1.059378404736e-02	  1.201519680501e+00	 -2.491481150486e-01	  7.553535190836e-02	  9.231487521784e+00	 -8.532554079179e+00	 -4.597117738767e+00	 -2.632221320785e+00	 -4.281004617572e+00	 -4.703922737948e-01	 -5.022631325859e-01	 -1.190068490486e-01	  1.554676038592e-02	 -4.960444284315e-01	
  1.290000000000e+02	  3.500000000000e+01	  7.400000000000e+00	  1.561253707028e-01	 -6.202263240161e-01	  1.586905534208e-02	  1.873828856964e-02	  1.290623924480e-02	  2.676253245456e-03	  5.054174432195e-04	  1.289315551827e-02	  1.203887484609e-02	  1.256187346176e+00	 -2.498388969300e-01	  7.562118244745e-02	  9.229435504288e+00	 -8.532554079179e+00	 -4.597117738767e+00	 -2.632221320785e+00	 -4.281004617572e+00	 -4.709182021141e-01	 -5.029239031082e-01	 -1.191507766450e-01	  1.561253707028e-02	 -4.966788882800e-01	
  1.300000000000e+02	  3.500000000000e+01	  7.400000000000e+00	  1.572231840244e-01	 -1.592926057746e+00	  1.586905534208e-02	  1.873828856964e-02	  1.548748709376e-02	  2.676253245456e-03	  5.054174432195e-04	  1.537126909388e-02	  1.444761142112e-02	  1.333959099957e+00	 -2.509921812783e-01	  7.576440783644e-02	  9.226006431457e+00	 -8.532554079179e+00	 -4.597117738767e+00	 -2.632221320785e+00	 -4.281004617572e+00	 -4.717906686946e-01	 -5.040214214196e-01	 -1.193897190696e-01	  1.572231840244e-02	 -4.977324940586e-01	
  1.310000000000e+02	  3.500000000000e+01	  7.400000000000e+00	  1.594243784616e-01	 -3.487254816041e+00	  1.586905534208e-02	  1.873828856964e-02	  2.064998279168e-02	  2.676253245456e-03	  5.054174432195e-04	  2.032706228314e-02	  1.926601584057e-02	  1.456103467274e+00	 -2.533053575340e-01	  7.605149255838e-02	  9.219117249171e+00	 -8.532554079179e+00	 -4.597117738767e+00	 -2.632221320785e+00	 -4.281004617572e+00	 -4.735203198232e-01	 -5.062023174078e-01	 -1.198640910326e-01	  1.594243784616e-02	 -4.998253422694e-01	
  1.320000000000e+02	  3.500000000000e+01	  7.400000000000e+00	  1.638476695574e-01	 -7.083133447899e+00	  1.586905534208e-02	  1.873828856964e-02	  3.097497418752e-02	  2.676253245456e-03	  5.054174432195e-04	  3.023707128120e-02	  2.890644890578e-02	  1.626702993963e+00	 -2.579522815574e-01	  7.662805010283e-02	  9.205235290142e+00	 -8.532554079179e+00	 -4.597117738767e+00	 -2.632221320785e+00	 -4.281004617572e+00	 -4.769187565485e-01	 -5.105075288078e-01	 -1.207988150196e-01	  1.638476695574e-02	 -5.039536220255e-01	
  1.330000000000e+02	  4.500000000000e+01	  7.400000000000e+00	  1.516502377269e-01	  3.365473340963e-01	  1.586905534208e-02	  1.873828856964e-02	  1.032499139584e-02	  2.676253245456e-03	  5.054174432195e-04	  1.050981132030e-02	  9.613709261134e-03	  1.287519999806e+00	 -2.483895400640e-01	 -4.853419990174e-04	  9.817098625309e+00	 -8.631020506760e+00	 -4.662286989514e+00	 -2.557658337262e+00	 -5.086946395756e+00	 -4.758060512236e-01	 -5.068943499576e-01	 -1.202125097388e-01	  1.516502377269e-02	 -5.008283404485e-01	
  1.340000000000e+02	  4.500000000000e+01	  7.400000000000e+00	  1.520826766077e-01	 -7.014983706406e-02	  1.586905534208e-02	  1.873828856964e-02	  1.135749053542e-02	  2.676253245456e-03	  5.054174432195e-04	  1.150862327622e-02	  1.057546820732e-02	  1.328235341295e+00	 -2.488783134228e-01	 -4.292458186832e-04	  9.815436708115e+00	 -8.631020506760e+00	 -4.662286989514e+00	 -2.557658337262e+00	 -5.086946395756e+00	 -4.761679532000e-01	 -5.073449019046e-01	 -1.203109531921e-01	  1.520826766077e-02	 -5.012615948403e-01	
  1.350000000000e+02	  4.500000000000e+01	  7.400000000000e+00	  1.527320368302e-01	 -6.746913345789e-01	  1.586905534208e-02	  1.873828856964e-02	  1.290623924480e-02	  2.676253245456e-03	  5.054174432195e-04	  1.300675217625e-02	  1.201823568474e-02	  1.382739857062e+00	 -2.496124442974e-01	 -3.450223512016e-04	  9.812941329732e+00	 -8.631020506760e+00	 -4.662286989514e+00	 -2.557658337262e+00	 -5.086946395756e+00	 -4.767093320170e-01	 -5.080193995672e-01	 -1.204582836626e-01	  1.527320368302e-02	 -5.019101180940e-01	
  1.360000000000e+02	  4.500000000000e+01	  7.400000000000e+00	  1.538161397326e-01	 -1.667827720352e+00	  1.586905534208e-02	  1.873828856964e-02	  1.548748709376e-02	  2.676253245456e-03	  5.054174432195e-04	  1.550340128295e-02	  1.442318897427e-02	  1.460241584631e+00	 -2.508384357794e-01	 -2.044425209173e-04	  9.808776153234e+00	 -8.631020506760e+00	 -4.662286989514e+00	 -2.557658337262e+00	 -5.086946395756e+00	 -4.776076912905e-01	 -5.091399999357e-01	 -1.207029391960e-01	  1.538161397326e-02	 -5.029873543464e-01	
  1.370000000000e+02	  4.500000000000e+01	  7.400000000000e+00	  1.559909974321e-01	 -3.601582676240e+00	  1.586905534208e-02	  1.873828856964e-02	  2.064998279168e-02	  2.676253245456e-03	  5.054174432195e-04	  2.049586080648e-02	  1.923435166267e-02	  1.581852883802e+00	 -2.532986109963e-01	  7.747011766712e-05	  9.800425463598e+00	 -8.631020506760e+00	 -4.662286989514e+00	 -2.557658337262e+00	 -5.086946395756e+00	 -4.793895991193e-01	 -5.113677535929e-01	 -1.211888779175e-01	  1.559909974321e-02	 -5.051281136956e-01	
  1.380000000000e+02	  4.500000000000e+01	  7.400000000000e+00	  1.603656416940e-01	 -7.270801014723e+00	  1.586905534208e-02	  1.873828856964e-02	  3.097497418752e-02	  2.676253245456e-03	  5.054174432195e-04	  3.047766393825e-02	  2.886153712385e-02	  1.751413400245e+00	 -2.582449215837e-01	  6.441285906043e-04	  9.783663700986e+00	 -8.631020506760e+00	 -4.662286989514e+00	 -2.557658337262e+00	 -5.086946395756e+00	 -4.828940107978e-01	 -5.157689673451e-01	 -1.221471880960e-01	  1.603656416940e-02	 -5.093543416774e-01	
  1.390000000000e+02	  5.500000000000e+01	  7.400000000000e+00	  1.482306250056e-01	  3.054797531352e-01	  1.586905534208e-02	  1.873828856964e-02	  1.032499139584e-02	  2.676253245456e-03	  5.054174432195e-04	  1.059665200634e-02	  9.567540676648e-03	  1.405457216780e+00	 -2.386896953690e-01	 -7.207407839617e-02	  1.034528096172e+01	 -8.742475689895e+00	 -4.742362780561e+00	 -2.487639798872e+00	 -5.843767846152e+00	 -4.820985957748e-01	 -5.124858739010e-01	 -1.216415942259e-01	  1.482306250056e-02	 -5.065566489007e-01	
  1.400000000000e+02	  5.500000000000e+01	  7.400000000000e+00	  1.486532760374e-01	 -1.095510425127e-01	  1.586905534208e-02	  1.873828856964e-02	  1.135749053542e-02	  2.676253245456e-03	  5.054174432195e-04	  1.160186472982e-02	  1.052484177530e-02	  1.446028978110e+00	 -2.392243500625e-01	 -7.201955225811e-02	  1.034318843903e+01	 -8.742475689895e+00	 -4.742362780561e+00	 -2.487639798872e+00	 -5.843767846152e+00	 -4.824680861005e-01	 -5.129420076882e-01	 -1.217415412142e-01	  1.486532760374e-02	 -5.069958766467e-01	
  1.410000000000e+02	  5.500000000000e+01	  7.400000000000e+00	  1.492881343035e-01	 -7.264690001298e-01	  1.586905534208e-02	  1.873828856964e-02	  1.290623924480e-02	  2.676253245456e-03	  5.054174432195e-04	  1.310953197239e-02	  1.196097464085e-02	  1.500319172606e+00	 -2.400274038603e-01	 -7.193766496985e-02	  1.034004922973e+01	 -8.742475689895e+00	 -4.742362780561e+00	 -2.487639798872e+00	 -5.843767846152e+00	 -4.830210049945e-01	 -5.136250725267e-01	 -1.218911693879e-01	  1.492881343035e-02	 -5.076535471546e-01	
  1.420000000000e+02	  5.500000000000e+01	  7.400000000000e+00	  1.503485362186e-01	 -1.739903255978e+00	  1.586905534208e-02	  1.873828856964e-02	  1.548748709376e-02	  2.676253245456e-03	  5.054174432195e-04	  1.562191358972e-02	  1.435500724084e-02	  1.577466472298e+00	 -2.413685115668e-01	 -7.180092944071e-02	  1.033481654054e+01	 -8.742475689895e+00	 -4.742362780561e+00	 -2.487639798872e+00	 -5.843767846152e+00	 -4.839390008581e-01	 -5.147604507829e-01	 -1.221397631380e-01	  1.503485362186e-02	 -5.087465093341e-01	
  1.430000000000e+02	  5.500000000000e+01	  7.400000000000e+00	  1.524776821353e-01	 -3.713027357299e+00	  1.586905534208e-02	  1.873828856964e-02	  2.064998279168e-02	  2.676253245456e-03	  5.054174432195e-04	  2.064523846356e-02	  1.914482853654e-02	  1.698379163078e+00	 -2.440596821846e-01	 -7.152652705960e-02	  1.032435156842e+01	 -8.742475689895e+00	 -4.742362780561e+00	 -2.487639798872e+00	 -5.843767846152e+00	 -4.857615846105e-01	 -5.170195094482e-01	 -1.226339580357e-01	  1.524776821353e-02	 -5.109204021628e-01	
  1.440000000000e+02	  5.500000000000e+01	  7.400000000000e+00	  1.567671733134e-01	 -7.456176879055e+00	  1.586905534208e-02	  1.873828856964e-02	  3.097497418752e-02	  2.676253245456e-03	  5.054174432195e-04	  3.068650574008e-02	  2.873122967807e-02	  1.866582233358e+00	 -2.494699707711e-01	 -7.097422352110e-02	  1.030344370561e+01	 -8.742475689895e+00	 -4.742362780561e+00	 -2.487639798872e+00	 -5.843767846152e+00	 -4.893521907369e-01	 -5.214894612662e-01	 -1.236101024925e-01	  1.567671733134e-02	 -5.152187743336e-01	
  1.450000000000e+02	  2.500000000000e+01	  7.400000000000e+00	  1.836100440954e-01	  4.014930212846e-01	  1.851389789910e-02	  2.186133666458e-02	  1.204582329515e-02	  3.122295453032e-03	  5.896536837561e-04	  1.204855414183e-02	  1.121735126400e-02	  1.129230505371e+00	 -1.601528982117e-01	  2.262465712090e-01	  8.918582799584e+00	 -8.447933552417e+00	 -4.548708465533e+00	 -2.711786013751e+00	 -3.421000000000e+00	 -4.827833028497e-01	 -5.204233618892e-01	 -1.227344017587e-01	  1.836100440954e-02	 -5.130789601254e-01	
  1.460000000000e+02	  2.500000000000e+01	  7.400000000000e+00	  1.841149423072e-01	  9.731057564293e-03	  1.851389789910e-02	  2.186133666458e-02	  1.325040562466e-02	  3.122295453032e-03	  5.896536837561e-04	  1.319651268038e-02	  1.233935147246e-02	  1.170136416056e+00	 -1.605757952055e-01	  2.263131420319e-01	  8.917518867984e+00	 -8.447933552417e+00	 -4.548708465533e+00	 -2.711786013751e+00	 -3.421000000000e+00	 -4.831135195355e-01	 -5.208570827085e-01	 -1.228273340072e-01	  1.841149423072e-02	 -5.134924850162e-01	
  1.470000000000e+02	  2.500000000000e+01	  7.400000000000e+00	  1.848730423510e-01	 -5.727364172040e-01	  1.851389789910e-02	  2.186133666458e-02	  1.505727911893e-02	  3.122295453032e-03	  5.896536837561e-04	  1.491841572971e-02	  1.402244093179e-02	  1.224925486793e+00	 -1.612113095309e-01	  2.264130826402e-01	  8.915916559672e+00	 -8.447933552417e+00	 -4.548708465533e+00	 -2.711786013751e+00	 -3.421000000000e+00	 -4.836073956472e-01	 -5.215063693291e-01	 -1.229664068535e-01	  1.848730423510e-02	 -5.141114476351e-01	
  1.480000000000e+02	  2.500000000000e+01	  7.400000000000e+00	  1.861385106546e-01	 -1.529941239621e+00	  1.851389789910e-02	  2.186133666458e-02	  1.806873494272e-02	  3.122295453032e-03	  5.896536837561e-04	  1.778816505841e-02	  1.682782645658e-02	  1.302898050092e+00	 -1.622734626886e-01	  2.265798711039e-01	  8.913229550475e+00	 -8.447933552417e+00	 -4.548708465533e+00	 -2.711786013751e+00	 -3.421000000000e+00	 -4.844266549777e-01	 -5.225850496619e-01	 -1.231973249950e-01	  1.861385106546e-02	 -5.151395092357e-01	
  1.490000000000e+02	  2.500000000000e+01	  7.400000000000e+00	  1.886765751546e-01	 -3.394933017941e+00	  1.851389789910e-02	  2.186133666458e-02	  2.409164659029e-02	  3.122295453032e-03	  5.896536837561e-04	  2.352735299140e-02	  2.243947537287e-02	  1.425438456929e+00	 -1.644078846605e-01	  2.269142486462e-01	  8.907797554074e+00	 -8.447933552417e+00	 -4.548708465533e+00	 -2.711786013751e+00	 -3.421000000000e+00	 -4.860506549902e-01	 -5.247293528969e-01	 -1.236558890591e-01	  1.886765751546e-02	 -5.171822898907e-01	
  1.500000000000e+02	  2.500000000000e+01	  7.400000000000e+00	  1.937793920886e-01	 -6.938154860612e+00	  1.851389789910e-02	  2.186133666458e-02	  3.613746988544e-02	  3.122295453032e-03	  5.896536837561e-04	  3.500465434165e-02	  3.366621741415e-02	  1.596808955409e+00	 -1.687101035858e-01	  2.275860089969e-01	  8.896729453095e+00	 -8.447933552417e+00	 -4.548708465533e+00	 -2.711786013751e+00	 -3.421000000000e+00	 -4.892405901694e-01	 -5.289653655476e-01	 -1.245598856631e-01	  1.937793920886e-02	 -5.212141898640e-01	
  1.510000000000e+02	  3.500000000000e+01	  7.400000000000e+00	  1.797993941158e-01	  3.610248239687e-01	  1.851389789910e-02	  2.186133666458e-02	  1.204582329515e-02	  3.122295453032e-03	  5.896536837561e-04	  1.218096963516e-02	  1.123668195382e-02	  1.266033668365e+00	 -1.722060897780e-01	  1.453910654579e-01	  9.560279031792e+00	 -8.532554079179e+00	 -4.597117738767e+00	 -2.632221320785e+00	 -4.281004617572e+00	 -4.883829339152e-01	 -5.252418097089e-01	 -1.239801471844e-01	  1.797993941158e-02	 -5.180498339443e-01	
  1.520000000000e+02	  3.500000000000e+01	  7.400000000000e+00	  1.803018733601e-01	 -3.959522708801e-02	  1.851389789910e-02	  2.186133666458e-02	  1.325040562466e-02	  3.122295453032e-03	  5.896536837561e-04	  1.334005806969e-02	  1.236070287677e-02	  1.306851851262e+00	 -1.726466149580e-01	  1.454569310389e-01	  9.559010860467e+00	 -8.532554079179e+00	 -4.597117738767e+00	 -2.632221320785e+00	 -4.281004617572e+00	 -4.887253267365e-01	 -5.256872107753e-01	 -1.240758778421e-01	  1.803018733601e-02	 -5.184751358409e-01	
  1.530000000000e+02	  3.500000000000e+01	  7.400000000000e+00	  1.810564353621e-01	 -6.351733770520e-01	  1.851389789910e-02	  2.186133666458e-02	  1.505727911893e-02	  3.122295453032e-03	  5.896536837561e-04	  1.507861843157e-02	  1.404685206976e-02	  1.361509880820e+00	 -1.733087935300e-01	  1.455558238092e-01	  9.557102691129e+00	 -8.532554079179e+00	 -4.597117738767e+00	 -2.632221320785e+00	 -4.281004617572e+00	 -4.892374641620e-01	 -5.263540334112e-01	 -1.242191499339e-01	  1.810564353621e-02	 -5.191117759968e-01	
  1.540000000000e+02	  3.500000000000e+01	  7.400000000000e+00	  1.823162423202e-01	 -1.613767067461e+00	  1.851389789910e-02	  2.186133666458e-02	  1.806873494272e-02	  3.122295453032e-03	  5.896536837561e-04	  1.797603125391e-02	  1.685741234211e-02	  1.439265498319e+00	 -1.744159581092e-01	  1.457208920334e-01	  9.553907268862e+00	 -8.532554079179e+00	 -4.597117738767e+00	 -2.632221320785e+00	 -4.281004617572e+00	 -4.900871453726e-01	 -5.274619750483e-01	 -1.244570696034e-01	  1.823162423202e-02	 -5.201693253555e-01	
  1.550000000000e+02	  3.500000000000e+01	  7.400000000000e+00	  1.848438301787e-01	 -3.519857876696e+00	  1.851389789910e-02	  2.186133666458e-02	  2.409164659029e-02	  3.122295453032e-03	  5.896536837561e-04	  2.377018515695e-02	  2.247968459650e-02	  1.561377393895e+00	 -1.766424107605e-01	  1.460519234800e-01	  9.547463684166e+00	 -8.532554079179e+00	 -4.597117738767e+00	 -2.632221320785e+00	 -4.281004617572e+00	 -4.917719005965e-01	 -5.296648857832e-01	 -1.249296372931e-01	  1.848438301787e-02	 -5.222711325760e-01	
  1.560000000000e+02	  3.500000000000e+01	  7.400000000000e+00	  1.899288173008e-01	 -7.138970716639e+00	  1.851389789910e-02	  2.186133666458e-02	  3.613746988544e-02	  3.122295453032e-03	  5.896536837561e-04	  3.535604093435e-02	  3.372870893993e-02	  1.731911765353e+00	 -1.811357868591e-01	  1.467173427507e-01	  9.534394321801e+00	 -8.532554079179e+00	 -4.597117738767e+00	 -2.632221320785e+00	 -4.281004617572e+00	 -4.950827371755e-01	 -5.340181447222e-01	 -1.258615758760e-01	  1.899288173008e-02	 -5.264209920301e-01	
  1.570000000000e+02	  4.500000000000e+01	  7.400000000000e+00	  1.758787035285e-01	  3.259230480525e-01	  1.851389789910e-02	  2.186133666458e-02	  1.204582329515e-02	  3.122295453032e-03	  5.896536837561e-04	  1.229540441069e-02	  1.121290471854e-02	  1.391899731003e+00	 -1.733598301163e-01	  6.934891871669e-02	  1.013961704761e+01	 -8.631020506760e+00	 -4.662286989514e+00	 -2.557658337262e+00	 -5.086946395756e+00	 -4.945272648075e-01	 -5.305823990309e-01	 -1.253553379786e-01	  1.758787035285e-02	 -5.235472508897e-01	
  1.580000000000e+02	  4.500000000000e+01	  7.400000000000e+00	  1.763734515629e-01	 -8.329351194288e-02	  1.851389789910e-02	  2.186133666458e-02	  1.325040562466e-02	  3.122295453032e-03	  5.896536837561e-04	  1.346358456904e-02	  1.233468553844e-02	  1.432599754761e+00	 -1.738332303700e-01	  6.941345088062e-02	  1.013802444527e+01	 -8.631020506760e+00	 -4.662286989514e+00	 -2.557658337262e+00	 -5.086946395756e+00	 -4.948793196212e-01	 -5.310358771916e-01	 -1.254531164640e-01	  1.763734515629e-02	 -5.239809391291e-01	
  1.590000000000e+02	  4.500000000000e+01	  7.400000000000e+00	  1.771165739078e-01	 -6.916216485644e-01	  1.851389789910e-02	  2.186133666458e-02	  1.505727911893e-02	  3.122295453032e-03	  5.896536837561e-04	  1.521572664502e-02	  1.401751972038e-02	  1.487081325545e+00	 -1.745449251584e-01	  6.951036031376e-02	  1.013563076996e+01	 -8.631020506760e+00	 -4.662286989514e+00	 -2.557658337262e+00	 -5.086946395756e+00	 -4.954060363609e-01	 -5.317149340120e-01	 -1.255994850574e-01	  1.771165739078e-02	 -5.246302710557e-01	
  1.600000000000e+02	  4.500000000000e+01	  7.400000000000e+00	  1.783577243277e-01	 -1.691083242880e+00	  1.851389789910e-02	  2.186133666458e-02	  1.806873494272e-02	  3.122295453032e-03	  5.896536837561e-04	  1.813562897454e-02	  1.682267354609e-02	  1.564544909518e+00	 -1.757351330617e-01	  6.967216679991e-02	  1.013162923917e+01	 -8.631020506760e+00	 -4.662286989514e+00	 -2.557658337262e+00	 -5.086946395756e+00	 -4.962802343537e-01	 -5.328435678409e-01	 -1.258426284020e-01	  1.783577243277e-02	 -5.257092588677e-01	
  1.610000000000e+02	  4.500000000000e+01	  7.400000000000e+00	  1.808494735319e-01	 -3.637504868517e+00	  1.851389789910e-02	  2.186133666458e-02	  2.409164659029e-02	  3.122295453032e-03	  5.896536837561e-04	  2.397422690711e-02	  2.243456566860e-02	  1.686080374415e+00	 -1.781294391327e-01	  6.999683300796e-02	  1.012358509623e+01	 -8.631020506760e+00	 -4.662286989514e+00	 -2.557658337262e+00	 -5.086946395756e+00	 -4.980147621140e-01	 -5.350889041881e-01	 -1.263258587517e-01	  1.808494735319e-02	 -5.278549252468e-01	
  1.620000000000e+02	  4.500000000000e+01	  7.400000000000e+00	  1.858682427481e-01	 -7.331883759793e+00	  1.851389789910e-02	  2.186133666458e-02	  3.613746988544e-02	  3.122295453032e-03	  5.896536837561e-04	  3.564694110835e-02	  3.366447316569e-02	  1.855491598105e+00	 -1.829644131219e-01	  7.065011111569e-02	  1.010736210445e+01	 -8.631020506760e+00	 -4.662286989514e+00	 -2.557658337262e+00	 -5.086946395756e+00	 -5.014275531609e-01	 -5.395305429242e-01	 -1.272798416591e-01	  1.858682427481e-02	 -5.320958132143e-01	
  1.630000000000e+02	  5.500000000000e+01	  7.400000000000e+00	  1.719257455261e-01	  2.927973632114e-01	  1.851389789910e-02	  2.186133666458e-02	  1.204582329515e-02	  3.122295453032e-03	  5.896536837561e-04	  1.240164941081e-02	  1.115461582414e-02	  1.508824658715e+00	 -1.650471176685e-01	 -2.321326959840e-03	  1.066326841375e+01	 -8.742475689895e+00	 -4.742362780561e+00	 -2.487639798872e+00	 -5.843767846152e+00	 -5.012373318287e-01	 -5.364821096616e-01	 -1.268671483718e-01	  1.719257455261e-02	 -5.296050798405e-01	
  1.640000000000e+02	  5.500000000000e+01	  7.400000000000e+00	  1.724077754717e-01	 -1.249395724624e-01	  1.851389789910e-02	  2.186133666458e-02	  1.325040562466e-02	  3.122295453032e-03	  5.896536837561e-04	  1.357777122353e-02	  1.227077853868e-02	  1.549369990291e+00	 -1.655719412944e-01	 -2.258711121612e-03	  1.066120819503e+01	 -8.742475689895e+00	 -4.742362780561e+00	 -2.487639798872e+00	 -5.843767846152e+00	 -5.015961499105e-01	 -5.369397438822e-01	 -1.269661427722e-01	  1.724077754717e-02	 -5.300434328633e-01	
  1.650000000000e+02	  5.500000000000e+01	  7.400000000000e+00	  1.731320634368e-01	 -7.459306355434e-01	  1.851389789910e-02	  2.186133666458e-02	  1.505727911893e-02	  3.122295453032e-03	  5.896536837561e-04	  1.534174244368e-02	  1.394525460670e-02	  1.603620668891e+00	 -1.663608843411e-01	 -2.164651055810e-03	  1.065811536467e+01	 -8.742475689895e+00	 -4.742362780561e+00	 -2.487639798872e+00	 -5.843767846152e+00	 -5.021332117824e-01	 -5.376252847870e-01	 -1.271143895326e-01	  1.731320634368e-02	 -5.307000022495e-01	
  1.660000000000e+02	  5.500000000000e+01	  7.400000000000e+00	  1.743424556287e-01	 -1.766182864494e+00	  1.851389789910e-02	  2.186133666458e-02	  1.806873494272e-02	  3.122295453032e-03	  5.896536837561e-04	  1.828114158089e-02	  1.673665948476e-02	  1.680702465815e+00	 -1.676801104613e-01	 -2.007527975497e-03	  1.065295463887e+01	 -8.742475689895e+00	 -4.742362780561e+00	 -2.487639798872e+00	 -5.843767846152e+00	 -5.030251645995e-01	 -5.387653680034e-01	 -1.273608025139e-01	  1.743424556287e-02	 -5.317916697783e-01	
  1.670000000000e+02	  5.500000000000e+01	  7.400000000000e+00	  1.767749635735e-01	 -3.753006839916e+00	  1.851389789910e-02	  2.186133666458e-02	  2.409164659029e-02	  3.122295453032e-03	  5.896536837561e-04	  2.415793881781e-02	  2.232171450393e-02	  1.801485573516e+00	 -1.703332758974e-01	 -1.691992165706e-03	  1.064261488675e+01	 -8.742475689895e+00	 -4.742362780561e+00	 -2.487639798872e+00	 -5.843767846152e+00	 -5.047969910438e-01	 -5.410358585764e-01	 -1.278510599837e-01	  1.767749635735e-02	 -5.339648600334e-01	
  1.680000000000e+02	  5.500000000000e+01	  7.400000000000e+00	  1.816836628707e-01	 -7.523509881628e+00	  1.851389789910e-02	  2.186133666458e-02	  3.613746988544e-02	  3.122295453032e-03	  5.896536837561e-04	  3.590405566077e-02	  3.350045188689e-02	  1.969435695420e+00	 -1.756879361826e-01	 -1.056096204869e-03	  1.062189170528e+01	 -8.742475689895e+00	 -4.742362780561e+00	 -2.487639798872e+00	 -5.843767846152e+00	 -5.082905887304e-01	 -5.455357396189e-01	 -1.288208036428e-01	  1.816836628707e-02	 -5.382683931041e-01	
  1.690000000000e+02	  2.500000000000e+01	  7.400000000000e+00	  2.087774228068e-01	  3.941689673224e-01	  2.115874045611e-02	  2.498438475953e-02	  1.376665519445e-02	  3.568337660608e-03	  6.738899242927e-04	  1.379861391989e-02	  1.282500063465e-02	  1.221320223397e+00	 -9.304534121762e-02	  2.872676327854e-01	  9.206865286470e+00	 -8.447933552417e+00	 -4.548708465533e+00	 -2.711786013751e+00	 -3.421000000000e+00	 -4.980739775203e-01	 -5.408733491957e-01	 -1.270873958032e-01	  2.087774228068e-02	 -5.325222522834e-01	
  1.700000000000e+02	  2.500000000000e+01	  7.400000000000e+00	  2.093457322513e-01	  4.350491462657e-04	  2.115874045611e-02	  2.498438475953e-02	  1.514332071390e-02	  3.568337660608e-03	  6.738899242927e-04	  1.511297764069e-02	  1.410781052870e-02	  1.262229500127e+00	 -9.344496173856e-02	  2.873428247043e-01	  9.205922086374e+00	 -8.447933552417e+00	 -4.548708465533e+00	 -2.711786013751e+00	 -3.421000000000e+00	 -4.983937349284e-01	 -5.413096100399e-01	 -1.271795998521e-01	  2.093457322513e-02	 -5.329357807498e-01	
  1.710000000000e+02	  2.500000000000e+01	  7.400000000000e+00	  2.101992290465e-01	 -5.849931518993e-01	  2.115874045611e-02	  2.498438475953e-02	  1.720831899307e-02	  3.568337660608e-03	  6.738899242927e-04	  1.708446805869e-02	  1.603212967461e-02	  1.317023496822e+00	 -9.404616635884e-02	  2.874557274524e-01	  9.204498329380e+00	 -8.447933552417e+00	 -4.548708465533e+00	 -2.711786013751e+00	 -3.421000000000e+00	 -4.988719967547e-01	 -5.419628387093e-01	 -1.273176072307e-01	  2.101992290465e-02	 -5.335548695474e-01	
  1.720000000000e+02	  2.500000000000e+01	  7.400000000000e+00	  2.116244204721e-01	 -1.547135764497e+00	  2.115874045611e-02	  2.498438475953e-02	  2.064998279168e-02	  3.568337660608e-03	  6.738899242927e-04	  2.037014349664e-02	  1.923960498145e-02	  1.395003959203e+00	 -9.505270198136e-02	  2.876441988926e-01	  9.202102309133e+00	 -8.447933552417e+00	 -4.548708465533e+00	 -2.711786013751e+00	 -3.421000000000e+00	 -4.996654205451e-01	 -5.430484267419e-01	 -1.275468180690e-01	  2.116244204721e-02	 -5.345834499230e-01	
  1.730000000000e+02	  2.500000000000e+01	  7.400000000000e+00	  2.144845482897e-01	 -3.421989626799e+00	  2.115874045611e-02	  2.498438475953e-02	  2.753331038891e-02	  3.568337660608e-03	  6.738899242927e-04	  2.694099566172e-02	  2.565558375800e-02	  1.517559108960e+00	 -9.708145065677e-02	  2.880222278728e-01	  9.197228790840e+00	 -8.447933552417e+00	 -4.548708465533e+00	 -2.711786013751e+00	 -3.421000000000e+00	 -5.012383873082e-01	 -5.452077197076e-01	 -1.280022047583e-01	  2.144845482897e-02	 -5.366283377760e-01	
  1.740000000000e+02	  2.500000000000e+01	  7.400000000000e+00	  2.202411429151e-01	 -6.984716882613e+00	  2.115874045611e-02	  2.498438475953e-02	  4.129996558336e-02	  3.568337660608e-03	  6.738899242927e-04	  4.008094619340e-02	  3.849157947591e-02	  1.688955634062e+00	 -1.011923911981e-01	  2.887823455055e-01	  9.187192425135e+00	 -8.447933552417e+00	 -4.548708465533e+00	 -2.711786013751e+00	 -3.421000000000e+00	 -5.043283353875e-01	 -5.494777696851e-01	 -1.289006595103e-01	  2.202411429151e-02	 -5.406681239684e-01	
  1.750000000000e+02	  3.500000000000e+01	  7.400000000000e+00	  2.044338507562e-01	  3.527393533252e-01	  2.115874045611e-02	  2.498438475953e-02	  1.376665519445e-02	  3.568337660608e-03	  6.738899242927e-04	  1.395232870656e-02	  1.284275617885e-02	  1.357314086670e+00	 -1.063694504582e-01	  2.063394386113e-01	  9.843989344713e+00	 -8.532554079179e+00	 -4.597117738767e+00	 -2.632221320785e+00	 -4.281004617572e+00	 -5.039886197615e-01	 -5.458975591665e-01	 -1.283913948015e-01	  2.044338507562e-02	 -5.377202051362e-01	
  1.760000000000e+02	  3.500000000000e+01	  7.400000000000e+00	  2.049984523922e-01	 -4.996900288166e-02	  2.115874045611e-02	  2.498438475953e-02	  1.514332071390e-02	  3.568337660608e-03	  6.738899242927e-04	  1.527964295879e-02	  1.412745585720e-02	  1.398129304573e+00	 -1.067894128217e-01	  2.064137550516e-01	  9.842823111801e+00	 -8.532554079179e+00	 -4.597117738767e+00	 -2.632221320785e+00	 -4.281004617572e+00	 -5.043201203537e-01	 -5.463448030941e-01	 -1.284862499724e-01	  2.049984523922e-02	 -5.381448649984e-01	
  1.770000000000e+02	  3.500000000000e+01	  7.400000000000e+00	  2.058465064234e-01	 -6.486869391508e-01	  2.115874045611e-02	  2.498438475953e-02	  1.720831899307e-02	  3.568337660608e-03	  6.738899242927e-04	  1.727051175692e-02	  1.605464698305e-02	  1.452782804580e+00	 -1.074213770365e-01	  2.065253574762e-01	  9.841065327159e+00	 -8.532554079179e+00	 -4.597117738767e+00	 -2.632221320785e+00	 -4.281004617572e+00	 -5.048160128108e-01	 -5.470145466276e-01	 -1.286282409535e-01	  2.058465064234e-02	 -5.387806863706e-01	
  1.780000000000e+02	  3.500000000000e+01	  7.400000000000e+00	  2.072629360292e-01	 -1.632528002971e+00	  2.115874045611e-02	  2.498438475953e-02	  2.064998279168e-02	  3.568337660608e-03	  6.738899242927e-04	  2.058835987007e-02	  1.926700673264e-02	  1.530530671581e+00	 -1.084798116130e-01	  2.067116953193e-01	  9.838114021062e+00	 -8.532554079179e+00	 -4.597117738767e+00	 -2.632221320785e+00	 -4.281004617572e+00	 -5.056388555163e-01	 -5.481277574023e-01	 -1.288641075290e-01	  2.072629360292e-02	 -5.398372399611e-01	
  1.790000000000e+02	  3.500000000000e+01	  7.400000000000e+00	  2.101066509815e-01	 -3.549136041517e+00	  2.115874045611e-02	  2.498438475953e-02	  2.753331038891e-02	  3.568337660608e-03	  6.738899242927e-04	  2.722310192577e-02	  2.569311027677e-02	  1.652626421966e+00	 -1.106145711288e-01	  2.070855781541e-01	  9.832135499654e+00	 -8.532554079179e+00	 -4.597117738767e+00	 -2.632221320785e+00	 -4.281004617572e+00	 -5.072707407230e-01	 -5.503426041742e-01	 -1.293328542236e-01	  2.101066509815e-02	 -5.419383381349e-01	
  1.800000000000e+02	  3.500000000000e+01	  7.400000000000e+00	  2.158345113192e-01	 -7.189169815714e+00	  2.115874045611e-02	  2.498438475953e-02	  4.129996558336e-02	  3.568337660608e-03	  6.738899242927e-04	  4.048909727748e-02	  3.855069905711e-02	  1.823126678435e+00	 -1.149452657001e-01	  2.078378523381e-01	  9.819912764632e+00	 -8.532554079179e+00	 -4.597117738767e+00	 -2.632221320785e+00	 -4.281004617572e+00	 -5.104785135934e-01	 -5.547245884138e-01	 -1.302581340814e-01	  2.158345113192e-02	 -5.460912079610e-01	
  1.810000000000e+02	  4.500000000000e+01	  7.400000000000e+00	  1.999799615792e-01	  3.161827489220e-01	  2.115874045611e-02	  2.498438475953e-02	  1.376665519445e-02	  3.568337660608e-03	  6.738899242927e-04	  1.408701456811e-02	  1.281113712893e-02	  1.482318919675e+00	 -1.087594131468e-01	  1.302210733610e-01	  1.041910167819e+01	 -8.631020506760e+00	 -4.662286989514e+00	 -2.557658337262e+00	 -5.086946395756e+00	 -5.104830929043e-01	 -5.514789850281e-01	 -1.298331387672e-01	  1.999799615792e-02	 -5.434797865649e-01	
  1.820000000000e+02	  4.500000000000e+01	  7.400000000000e+00	  2.005345649330e-01	 -9.526476518801e-02	  2.115874045611e-02	  2.498438475953e-02	  1.514332071390e-02	  3.568337660608e-03	  6.738899242927e-04	  1.542509185627e-02	  1.409285147182e-02	  1.523007792931e+00	 -1.092162461484e-01	  1.302937816478e-01	  1.041758474404e+01	 -8.631020506760e+00	 -4.662286989514e+00	 -2.557658337262e+00	 -5.086946395756e+00	 -5.108236688459e-01	 -5.519332546571e-01	 -1.299298301830e-01	  2.005345649330e-02	 -5.439118720598e-01	
  1.830000000000e+02	  4.500000000000e+01	  7.400000000000e+00	  2.013678260012e-01	 -7.069521291417e-01	  2.115874045611e-02	  2.498438475953e-02	  1.720831899307e-02	  3.568337660608e-03	  6.738899242927e-04	  1.743203411519e-02	  1.601562244449e-02	  1.577472613237e+00	 -1.099037425146e-01	  1.304029933652e-01	  1.041530211970e+01	 -8.631020506760e+00	 -4.662286989514e+00	 -2.557658337262e+00	 -5.086946395756e+00	 -5.113332890921e-01	 -5.526136934224e-01	 -1.300746083843e-01	  2.013678260012e-02	 -5.445589803823e-01	
  1.840000000000e+02	  4.500000000000e+01	  7.400000000000e+00	  2.027601330140e-01	 -1.712040192892e+00	  2.115874045611e-02	  2.498438475953e-02	  2.064998279168e-02	  3.568337660608e-03	  6.738899242927e-04	  2.077648477901e-02	  1.922076714635e-02	  1.654908232022e+00	 -1.110553015384e-01	  1.305854028171e-01	  1.041147935324e+01	 -8.631020506760e+00	 -4.662286989514e+00	 -2.557658337262e+00	 -5.086946395756e+00	 -5.121793025062e-01	 -5.537451297740e-01	 -1.303152040114e-01	  2.027601330140e-02	 -5.456347244535e-01	
  1.850000000000e+02	  4.500000000000e+01	  7.400000000000e+00	  2.055575162573e-01	 -3.669779797706e+00	  2.115874045611e-02	  2.498438475953e-02	  2.753331038891e-02	  3.568337660608e-03	  6.738899242927e-04	  2.746375215236e-02	  2.563299443583e-02	  1.776387700870e+00	 -1.133782460336e-01	  1.309516311198e-01	  1.040377041735e+01	 -8.631020506760e+00	 -4.662286989514e+00	 -2.557658337262e+00	 -5.086946395756e+00	 -5.138585251591e-01	 -5.559978159918e-01	 -1.307936976165e-01	  2.055575162573e-02	 -5.477755153415e-01	
  1.860000000000e+02	  4.500000000000e+01	  7.400000000000e+00	  2.111997786135e-01	 -7.386801506448e+00	  2.115874045611e-02	  2.498438475953e-02	  4.129996558336e-02	  3.568337660608e-03	  6.738899242927e-04	  4.083222348319e-02	  3.846493053706e-02	  1.945687425997e+00	 -1.180916429419e-01	  1.316893468636e-01	  1.038813823807e+01	 -8.631020506760e+00	 -4.662286989514e+00	 -2.557658337262e+00	 -5.086946395756e+00	 -5.171642907750e-01	 -5.604602453908e-01	 -1.317394517107e-01	  2.111997786135e-02	 -5.520122542462e-01	
  1.870000000000e+02	  5.500000000000e+01	  7.400000000000e+00	  1.955027522059e-01	  2.811610579251e-01	  2.115874045611e-02	  2.498438475953e-02	  1.376665519445e-02	  3.568337660608e-03	  6.738899242927e-04	  1.421361514698e-02	  1.273989703422e-02	  1.598332179876e+00	 -1.016236055115e-01	  5.847209002934e-02	  1.093884630777e+01	 -8.742475689895e+00	 -4.742362780561e+00	 -2.487639798872e+00	 -5.843767846152e+00	 -5.175767743770e-01	 -5.576548385792e-01	 -1.314196697623e-01	  1.955027522059e-02	 -5.498347284910e-01	
  1.880000000000e+02	  5.500000000000e+01	  7.400000000000e+00	  1.960414649921e-01	 -1.389715597385e-01	  2.115874045611e-02	  2.498438475953e-02	  1.514332071390e-02	  3.568337660608e-03	  6.738899242927e-04	  1.556125922755e-02	  1.401475596054e-02	  1.638856244919e+00	 -1.021371722565e-01	  5.854251244766e-02	  1.093682753075e+01	 -8.742475689895e+00	 -4.742362780561e+00	 -2.487639798872e+00	 -5.843767846152e+00	 -5.179233480436e-01	 -5.581118483670e-01	 -1.315172976866e-01	  1.960414649921e-02	 -5.502701897673e-01	
  1.890000000000e+02	  5.500000000000e+01	  7.400000000000e+00	  1.968512036355e-01	 -7.635751008914e-01	  2.115874045611e-02	  2.498438475953e-02	  1.720831899307e-02	  3.568337660608e-03	  6.738899242927e-04	  1.758244548630e-02	  1.592733168439e-02	  1.693075084473e+00	 -1.029098942550e-01	  5.864832748933e-02	  1.093379458294e+01	 -8.742475689895e+00	 -4.742362780561e+00	 -2.487639798872e+00	 -5.843767846152e+00	 -5.184422051760e-01	 -5.587967019213e-01	 -1.316635464216e-01	  1.968512036355e-02	 -5.509226537759e-01	
  1.900000000000e+02	  5.500000000000e+01	  7.400000000000e+00	  1.982051223525e-01	 -1.789890796227e+00	  2.115874045611e-02	  2.498438475953e-02	  2.064998279168e-02	  3.568337660608e-03	  6.738899242927e-04	  2.095035796445e-02	  1.911571487208e-02	  1.770103997442e+00	 -1.042037919103e-01	  5.882515953796e-02	  1.092872781220e+01	 -8.742475689895e+00	 -4.742362780561e+00	 -2.487639798872e+00	 -5.843767846152e+00	 -5.193042293449e-01	 -5.599362794272e-01	 -1.319067618491e-01	  1.982051223525e-02	 -5.520080745331e-01	
  1.910000000000e+02	  5.500000000000e+01	  7.400000000000e+00	  2.009286589898e-01	 -3.788953341119e+00	  2.115874045611e-02	  2.498438475953e-02	  2.753331038891e-02	  3.568337660608e-03	  6.738899242927e-04	  2.768353829237e-02	  2.549525903955e-02	  1.890782133592e+00	 -1.068122880727e-01	  5.918053444853e-02	  1.091855550203e+01	 -8.742475689895e+00	 -4.742362780561e+00	 -2.487639798872e+00	 -5.843767846152e+00	 -5.210176243471e-01	 -5.622079994400e-01	 -1.323910870189e-01	  2.009286589898e-02	 -5.541708530804e-01	
  1.920000000000e+02	  5.500000000000e+01	  7.400000000000e+00	  2.064340296191e-01	 -7.584065570091e+00	  2.115874045611e-02	  2.498438475953e-02	  4.129996558336e-02	  3.568337660608e-03	  6.738899242927e-04	  4.114003014466e-02	  3.826500642130e-02	  2.058526255122e+00	 -1.120986893229e-01	  5.989765963570e-02	  1.089809552081e+01	 -8.742475689895e+00	 -4.742362780561e+00	 -2.487639798872e+00	 -5.843767846152e+00	 -5.243992203255e-01	 -5.667181963975e-01	 -1.333505803864e-01	  2.064340296191e-02	 -5.584608352127e-01	
  1.930000000000e+02	  2.500000000000e+01	  7.200000000000e+00	  2.741170481737e-02	 -4.889392881110e-01	  4.000000000000e-03	  3.500000000000e-03	  1.600000000000e-03	  0.000000000000e+00	  4.800000000000e-04	  1.793257579745e-03	  1.423684116489e-03	 -3.157235520245e-01	 -1.004274645183e+00	 -9.999000000000e+01	  6.642315910985e+00	 -8.447933552417e+00	 -4.548708465533e+00	 -2.711786013751e+00	 -3.421000000000e+00	 -2.610325414691e-01	 -2.666519409566e-01	 -6.505866404661e-02	  0.000000000000e+00	 -2.655554727639e-01	
  1.940000000000e+02	  2.500000000000e+01	  7.200000000000e+00	  2.748336392562e-02	 -8.486784348723e-01	  4.000000000000e-03	  3.500000000000e-03	  1.760000000000e-03	  0.000000000000e+00	  4.800000000000e-04	  1.936655750814e-03	  1.566079266045e-03	 -2.746284708464e-01	 -1.004666276301e+00	 -9.999000000000e+01	  6.641083842450e+00	 -8.447933552417e+00	 -4.548708465533e+00	 -2.711786013751e+00	 -3.421000000000e+00	 -2.612933590829e-01	 -2.669274486876e-01	 -6.512399122012e-02	  0.000000000000e+00	 -2.658281141306e-01	
  1.950000000000e+02	  2.500000000000e+01	  7.200000000000e+00	  2.759085265859e-02	 -1.383491138344e+00	  4.000000000000e-03	  3.500000000000e-03	  2.000000000000e-03	  0.000000000000e+00	  4.800000000000e-04	  2.151760670517e-03	  1.779680994224e-03	 -2.195565438735e-01	 -1.005252654376e+00	 -9.999000000000e+01	  6.639239052303e+00	 -8.447933552417e+00	 -4.548708465533e+00	 -2.711786013751e+00	 -3.421000000000e+00	 -2.616836355987e-01	 -2.673397603937e-01	 -6.522174818041e-02	  0.000000000000e+00	 -2.662361262874e-01	
  1.960000000000e+02	  2.500000000000e+01	  7.200000000000e+00	  2.777000079676e-02	 -2.262281666902e+00	  4.000000000000e-03	  3.500000000000e-03	  2.400000000000e-03	  0.000000000000e+00	  4.800000000000e-04	  2.510289215713e-03	  2.135707768562e-03	 -1.411149707610e-01	 -1.006227119084e+00	 -9.999000000000e+01	  6.636173179999e+00	 -8.447933552417e+00	 -4.548708465533e+00	 -2.711786013751e+00	 -3.421000000000e+00	 -2.623315810511e-01	 -2.680244312145e-01	 -6.538405735930e-02	  0.000000000000e+00	 -2.669136311826e-01	
  1.970000000000e+02	  2.500000000000e+01	  7.200000000000e+00	  2.812829841601e-02	 -3.974216535300e+00	  4.000000000000e-03	  3.500000000000e-03	  3.200000000000e-03	  0.000000000000e+00	  4.800000000000e-04	  3.227422008316e-03	  2.847850146549e-03	 -1.764572011086e-02	 -1.008165544578e+00	 -9.999000000000e+01	  6.630073982115e+00	 -8.447933552417e+00	 -4.548708465533e+00	 -2.711786013751e+00	 -3.421000000000e+00	 -2.636181564758e-01	 -2.693844576511e-01	 -6.570638319501e-02	  0.000000000000e+00	 -2.682593257144e-01	
  1.980000000000e+02	  2.500000000000e+01	  7.200000000000e+00	  2.884490204543e-02	 -7.226197957052e+00	  4.000000000000e-03	  3.500000000000e-03	  4.800000000000e-03	  0.000000000000e+00	  4.800000000000e-04	  4.661985898807e-03	  4.272484363854e-03	  1.555450866953e-01	 -1.012001258416e+00	 -9.999000000000e+01	  6.618002978865e+00	 -8.447933552417e+00	 -4.548708465533e+00	 -2.711786013751e+00	 -3.421000000000e+00	 -2.661549293446e-01	 -2.720681342639e-01	 -6.634208374465e-02	  0.000000000000e+00	 -2.709143381821e-01	
  1.990000000000e+02	  3.500000000000e+01	  7.200000000000e+00	  2.677699971414e-02	 -5.729241968077e-01	  4.000000000000e-03	  3.500000000000e-03	  1.600000000000e-03	  0.000000000000e+00	  4.800000000000e-04	  1.822826005416e-03	  1.436359303544e-03	 -1.678502664643e-01	 -9.988016262205e-01	 -9.999000000000e+01	  7.361759625068e+00	 -8.532554079179e+00	 -4.597117738767e+00	 -2.632221320785e+00	 -4.281004617572e+00	 -2.631553958178e-01	 -2.686446807592e-01	 -6.556554380435e-02	  0.000000000000e+00	 -2.675736007706e-01	
  2.000000000000e+02	  3.500000000000e+01	  7.200000000000e+00	  2.684957908958e-02	 -9.423394913113e-01	  4.000000000000e-03	  3.500000000000e-03	  1.760000000000e-03	  0.000000000000e+00	  4.800000000000e-04	  1.967857243748e-03	  1.580022291266e-03	 -1.267747099097e-01	 -9.991905947579e-01	 -9.999000000000e+01	  7.360500249155e+00	 -8.532554079179e+00	 -4.597117738767e+00	 -2.632221320785e+00	 -4.281004617572e+00	 -2.634286592797e-01	 -2.689328229931e-01	 -6.563392042909e-02	  0.000000000000e+00	 -2.678588398295e-01	
  2.010000000000e+02	  3.500000000000e+01	  7.200000000000e+00	  2.695844716753e-02	 -1.491403427618e+00	  4.000000000000e-03	  3.500000000000e-03	  2.000000000000e-03	  0.000000000000e+00	  4.800000000000e-04	  2.185410999697e-03	  1.795525877129e-03	 -7.173196988886e-02	 -9.997730006602e-01	 -9.999000000000e+01	  7.358614615433e+00	 -8.532554079179e+00	 -4.597117738767e+00	 -2.632221320785e+00	 -4.281004617572e+00	 -2.638375218715e-01	 -2.693640035408e-01	 -6.573623116089e-02	  0.000000000000e+00	 -2.682856656541e-01	
  2.020000000000e+02	  3.500000000000e+01	  7.200000000000e+00	  2.713989141702e-02	 -2.393263517252e+00	  4.000000000000e-03	  3.500000000000e-03	  2.400000000000e-03	  0.000000000000e+00	  4.800000000000e-04	  2.548018908357e-03	  2.154722673383e-03	  6.661222225848e-03	 -1.000740902943e+00	 -9.999000000000e+01	  7.355480979320e+00	 -8.532554079179e+00	 -4.597117738767e+00	 -2.632221320785e+00	 -4.281004617572e+00	 -2.645162259013e-01	 -2.700799036418e-01	 -6.590607611680e-02	  0.000000000000e+00	 -2.689943079851e-01	
  2.030000000000e+02	  3.500000000000e+01	  7.200000000000e+00	  2.750277089327e-02	 -4.148899197939e+00	  4.000000000000e-03	  3.500000000000e-03	  3.200000000000e-03	  0.000000000000e+00	  4.800000000000e-04	  3.273302872979e-03	  2.873206009455e-03	  1.300346827701e-01	 -1.002666420522e+00	 -9.999000000000e+01	  7.349247382305e+00	 -8.532554079179e+00	 -4.597117738767e+00	 -2.632221320785e+00	 -4.281004617572e+00	 -2.658635154001e-01	 -2.715015834333e-01	 -6.624327537366e-02	  0.000000000000e+00	 -2.704014725975e-01	
  2.040000000000e+02	  3.500000000000e+01	  7.200000000000e+00	  2.822849770105e-02	 -7.479390249230e+00	  4.000000000000e-03	  3.500000000000e-03	  4.800000000000e-03	  0.000000000000e+00	  4.800000000000e-04	  4.724139334450e-03	  4.310525373138e-03	  3.030376639613e-01	 -1.006477185020e+00	 -9.999000000000e+01	  7.336911875728e+00	 -8.532554079179e+00	 -4.597117738767e+00	 -2.632221320785e+00	 -4.281004617572e+00	 -2.685186176377e-01	 -2.743054596664e-01	 -6.690795837794e-02	  0.000000000000e+00	 -2.731763197584e-01	
  2.050000000000e+02	  4.500000000000e+01	  7.200000000000e+00	  2.608715510955e-02	 -6.411326398406e-01	  4.000000000000e-03	  3.500000000000e-03	  1.600000000000e-03	  0.000000000000e+00	  4.800000000000e-04	  1.844921030859e-03	  1.441075493747e-03	 -3.089892092994e-02	 -9.825279757028e-01	 -9.999000000000e+01	  8.014961203181e+00	 -8.631020506760e+00	 -4.662286989514e+00	 -2.557658337262e+00	 -5.086946395756e+00	 -2.653589331566e-01	 -2.707067999541e-01	 -6.609154162795e-02	  0.000000000000e+00	 -2.696633137497e-01	
  2.060000000000e+02	  4.500000000000e+01	  7.200000000000e+00	  2.616013272145e-02	 -1.019386782854e+00	  4.000000000000e-03	  3.500000000000e-03	  1.760000000000e-03	  0.000000000000e+00	  4.800000000000e-04	  1.990891060150e-03	  1.585211841580e-03	  1.015192777584e-02	 -9.829135259361e-01	 -9.999000000000e+01	  8.013654111400e+00	 -8.631020506760e+00	 -4.662286989514e+00	 -2.557658337262e+00	 -5.086946395756e+00	 -2.656440712985e-01	 -2.710068985064e-01	 -6.616281613762e-02	  0.000000000000e+00	 -2.699604931976e-01	
  2.070000000000e+02	  4.500000000000e+01	  7.200000000000e+00	  2.626959812605e-02	 -1.581472073750e+00	  4.000000000000e-03	  3.500000000000e-03	  2.000000000000e-03	  0.000000000000e+00	  4.800000000000e-04	  2.209852220119e-03	  1.801426046254e-03	  6.515772514196e-02	 -9.834908462339e-01	 -9.999000000000e+01	  8.011697066808e+00	 -8.631020506760e+00	 -4.662286989514e+00	 -2.557658337262e+00	 -5.086946395756e+00	 -2.660706704109e-01	 -2.714559380268e-01	 -6.626945506780e-02	  0.000000000000e+00	 -2.704051541017e-01	
  2.080000000000e+02	  4.500000000000e+01	  7.200000000000e+00	  2.645203783912e-02	 -2.504419623643e+00	  4.000000000000e-03	  3.500000000000e-03	  2.400000000000e-03	  0.000000000000e+00	  4.800000000000e-04	  2.574803728167e-03	  2.161808734830e-03	  1.434896607283e-01	 -9.844503834669e-01	 -9.999000000000e+01	  8.008444842116e+00	 -8.631020506760e+00	 -4.662286989514e+00	 -2.557658337262e+00	 -5.086946395756e+00	 -2.667787360604e-01	 -2.722014038174e-01	 -6.644646452691e-02	  0.000000000000e+00	 -2.711433223038e-01	
  2.090000000000e+02	  4.500000000000e+01	  7.200000000000e+00	  2.681690789972e-02	 -4.300033979246e+00	  4.000000000000e-03	  3.500000000000e-03	  3.200000000000e-03	  0.000000000000e+00	  4.800000000000e-04	  3.304767196959e-03	  2.882669482198e-03	  2.667417674356e-01	 -9.863595827112e-01	 -9.999000000000e+01	  8.001975646117e+00	 -8.631020506760e+00	 -4.662286989514e+00	 -2.557658337262e+00	 -5.086946395756e+00	 -2.681840153656e-01	 -2.736814814850e-01	 -6.679781184609e-02	  0.000000000000e+00	 -2.726088051691e-01	
  2.100000000000e+02	  4.500000000000e+01	  7.200000000000e+00	  2.754661421288e-02	 -7.702474074902e+00	  4.000000000000e-03	  3.500000000000e-03	  4.800000000000e-03	  0.000000000000e+00	  4.800000000000e-04	  4.764932514129e-03	  4.324765411320e-03	  4.395065255355e-01	 -9.901393245328e-01	 -9.999000000000e+01	  7.989175011883e+00	 -8.631020506760e+00	 -4.662286989514e+00	 -2.557658337262e+00	 -5.086946395756e+00	 -2.709522659777e-01	 -2.765993218913e-01	 -6.749009261068e-02	  0.000000000000e+00	 -2.754974573228e-01	
  2.110000000000e+02	  5.500000000000e+01	  7.200000000000e+00	  2.535617750817e-02	 -6.985363631339e-01	  4.000000000000e-03	  3.500000000000e-03	  1.600000000000e-03	  0.000000000000e+00	  4.800000000000e-04	  1.861717032178e-03	  1.439685661239e-03	  9.730824324015e-02	 -9.573022539151e-01	 -9.999000000000e+01	  8.608765012755e+00	 -8.742475689895e+00	 -4.742362780561e+00	 -2.487639798872e+00	 -5.843767846152e+00	 -2.676577613464e-01	 -2.728557777356e-01	 -6.664056295169e-02	  0.000000000000e+00	 -2.718415306353e-01	
  2.120000000000e+02	  5.500000000000e+01	  7.200000000000e+00	  2.542908998066e-02	 -1.085137740906e+00	  4.000000000000e-03	  3.500000000000e-03	  1.760000000000e-03	  0.000000000000e+00	  4.800000000000e-04	  2.008127623959e-03	  1.583686345934e-03	  1.383268003036e-01	 -9.576851095266e-01	 -9.999000000000e+01	  8.607380552559e+00	 -8.742475689895e+00	 -4.742362780561e+00	 -2.487639798872e+00	 -5.843767846152e+00	 -2.679542447222e-01	 -2.731672081682e-01	 -6.671459552632e-02	  0.000000000000e+00	 -2.721500445690e-01	
  2.130000000000e+02	  5.500000000000e+01	  7.200000000000e+00	  2.553845903612e-02	 -1.659526990388e+00	  4.000000000000e-03	  3.500000000000e-03	  2.000000000000e-03	  0.000000000000e+00	  4.800000000000e-04	  2.227748666879e-03	  1.799698164380e-03	  1.932843135333e-01	 -9.582584433057e-01	 -9.999000000000e+01	  8.605307711498e+00	 -8.742475689895e+00	 -4.742362780561e+00	 -2.487639798872e+00	 -5.843767846152e+00	 -2.683977955251e-01	 -2.736331796275e-01	 -6.682535523277e-02	  0.000000000000e+00	 -2.726116412661e-01	
  2.140000000000e+02	  5.500000000000e+01	  7.200000000000e+00	  2.572074175088e-02	 -2.602418081082e+00	  4.000000000000e-03	  3.500000000000e-03	  2.400000000000e-03	  0.000000000000e+00	  4.800000000000e-04	  2.593797437497e-03	  2.159746474292e-03	  2.715361806422e-01	 -9.592114828783e-01	 -9.999000000000e+01	  8.601863169515e+00	 -8.742475689895e+00	 -4.742362780561e+00	 -2.487639798872e+00	 -5.843767846152e+00	 -2.691339392802e-01	 -2.744066913392e-01	 -6.700918955482e-02	  0.000000000000e+00	 -2.733778616691e-01	
  2.150000000000e+02	  5.500000000000e+01	  7.200000000000e+00	  2.608531096967e-02	 -4.435906657865e+00	  4.000000000000e-03	  3.500000000000e-03	  3.200000000000e-03	  0.000000000000e+00	  4.800000000000e-04	  3.325946028448e-03	  2.879949297783e-03	  3.946296444078e-01	 -9.611082281363e-01	 -9.999000000000e+01	  8.595011835702e+00	 -8.742475689895e+00	 -4.742362780561e+00	 -2.487639798872e+00	 -5.843767846152e+00	 -2.705947309593e-01	 -2.759422197080e-01	 -6.737402779561e-02	  0.000000000000e+00	 -2.748988072692e-01	
  2.160000000000e+02	  5.500000000000e+01	  7.200000000000e+00	  2.681446610497e-02	 -7.906745132692e+00	  4.000000000011e-03	  3.500000000003e-03	  4.800000000000e-03	  0.000000000000e+00	  4.800000000007e-04	  4.790444960817e-03	  4.320771508117e-03	  5.670829052680e-01	 -9.648651658026e-01	 -9.999000000000e+01	  8.581456603695e+00	 -8.742475689895e+00	 -4.742362780561e+00	 -2.487639798872e+00	 -5.843767846152e+00	 -2.734715156260e-01	 -2.789684811775e-01	 -6.809267618652e-02	  0.000000000000e+00	 -2.778959025333e-01	
  2.170000000000e+02	  2.500000000000e+01	  7.200000000000e+00	  5.298018083743e-02	 -5.892710080397e-01	  8.000000000000e-03	  7.000000000000e-03	  3.200000000000e-03	  0.000000000000e+00	  9.600000000000e-04	  3.654835424775e-03	  2.859261623274e-03	  1.796009360380e-01	 -6.050416172186e-01	 -9.999000000000e+01	  8.259948313975e+00	 -8.447933552417e+00	 -4.548708465533e+00	 -2.711786013751e+00	 -3.421000000000e+00	 -3.320137825893e-01	 -3.428747196609e-01	 -8.294614651169e-02	  0.000000000000e+00	 -3.407555124274e-01	
  2.180000000000e+02	  2.500000000000e+01	  7.200000000000e+00	  5.312333433964e-02	 -9.599067396466e-01	  8.000000000000e-03	  7.000000000000e-03	  3.520000000000e-03	  0.000000000000e+00	  9.600000000000e-04	  3.943644035927e-03	  3.145251818344e-03	  2.206390792284e-01	 -6.054665575786e-01	 -9.999000000000e+01	  8.258658446120e+00	 -8.447933552417e+00	 -4.548708465533e+00	 -2.711786013751e+00	 -3.421000000000e+00	 -3.323238824155e-01	 -3.432141659552e-01	 -8.302491332305e-02	  0.000000000000e+00	 -3.410892325816e-01	
  2.190000000000e+02	  2.500000000000e+01	  7.200000000000e+00	  5.333807315758e-02	 -1.510806814701e+00	  8.000000000000e-03	  7.000000000000e-03	  4.000000000000e-03	  0.000000000000e+00	  9.600000000000e-04	  4.376872563032e-03	  3.574258654820e-03	  2.756259734322e-01	 -6.061028827461e-01	 -9.999000000000e+01	  8.256726992104e+00	 -8.447933552417e+00	 -4.548708465533e+00	 -2.711786013751e+00	 -3.421000000000e+00	 -3.327877468329e-01	 -3.437220518302e-01	 -8.314274986658e-02	  0.000000000000e+00	 -3.415885289039e-01	
  2.200000000000e+02	  2.500000000000e+01	  7.200000000000e+00	  5.369599386145e-02	 -2.415739705664e+00	  8.000000000000e-03	  7.000000000000e-03	  4.800000000000e-03	  0.000000000000e+00	  9.600000000000e-04	  5.098961578081e-03	  4.289327201422e-03	  3.539268147542e-01	 -6.071605445261e-01	 -9.999000000000e+01	  8.253516780668e+00	 -8.447933552417e+00	 -4.548708465533e+00	 -2.711786013751e+00	 -3.421000000000e+00	 -3.335574512886e-01	 -3.445651300302e-01	 -8.333831370331e-02	  0.000000000000e+00	 -3.424172902758e-01	
  2.210000000000e+02	  2.500000000000e+01	  7.200000000000e+00	  5.441191921335e-02	 -4.177555296496e+00	  8.000000000000e-03	  7.000000000000e-03	  6.400000000000e-03	  0.000000000000e+00	  9.600000000000e-04	  6.543294066427e-03	  5.719676634941e-03	  4.771182566820e-01	 -6.092651619575e-01	 -9.999000000000e+01	  8.247129327790e+00	 -8.447933552417e+00	 -4.548708465533e+00	 -2.711786013751e+00	 -3.421000000000e+00	 -3.350842627192e-01	 -3.462387061579e-01	 -8.372636759233e-02	  0.000000000000e+00	 -3.440622293894e-01	
  2.220000000000e+02	  2.500000000000e+01	  7.200000000000e+00	  5.584409769766e-02	 -7.520457027132e+00	  8.000000000000e-03	  7.000000000000e-03	  9.600000000000e-03	  0.000000000000e+00	  9.600000000000e-04	  9.432568844606e-03	  8.581209866145e-03	  6.497676465689e-01	 -6.134322915293e-01	 -9.999000000000e+01	  8.234483842210e+00	 -8.447933552417e+00	 -4.548708465533e+00	 -2.711786013751e+00	 -3.421000000000e+00	 -3.380887273674e-01	 -3.495367673954e-01	 -8.449048337325e-02	  0.000000000000e+00	 -3.473030034875e-01	
  2.230000000000e+02	  3.500000000000e+01	  7.200000000000e+00	  5.157538392651e-02	 -6.769441656654e-01	  8.000000000000e-03	  7.000000000000e-03	  3.200000000000e-03	  0.000000000000e+00	  9.600000000000e-04	  3.713012602510e-03	  2.881989614016e-03	  3.239945669573e-01	 -6.079867746133e-01	 -9.999000000000e+01	  8.948801682527e+00	 -8.532554079179e+00	 -4.597117738767e+00	 -2.632221320785e+00	 -4.281004617572e+00	 -3.345456723006e-01	 -3.451186260055e-01	 -8.353087586579e-02	  0.000000000000e+00	 -3.430556106484e-01	
  2.240000000000e+02	  3.500000000000e+01	  7.200000000000e+00	  5.172013501889e-02	 -1.058428448853e+00	  8.000000000000e-03	  7.000000000000e-03	  3.520000000000e-03	  0.000000000000e+00	  9.600000000000e-04	  4.005150984530e-03	  3.170255525905e-03	  3.650027013807e-01	 -6.084070809320e-01	 -9.999000000000e+01	  8.947466248671e+00	 -8.532554079179e+00	 -4.597117738767e+00	 -2.632221320785e+00	 -4.281004617572e+00	 -3.348715627137e-01	 -3.454741903926e-01	 -8.361349522767e-02	  0.000000000000e+00	 -3.434053849918e-01	
  2.250000000000e+02	  3.500000000000e+01	  7.200000000000e+00	  5.193727021626e-02	 -1.625307609072e+00	  8.000000000000e-03	  7.000000000000e-03	  4.000000000000e-03	  0.000000000000e+00	  9.600000000000e-04	  4.443371537229e-03	  3.602676891748e-03	  4.199447620950e-01	 -6.090365116403e-01	 -9.999000000000e+01	  8.945466651775e+00	 -8.532554079179e+00	 -4.597117738767e+00	 -2.632221320785e+00	 -4.281004617572e+00	 -3.353590014323e-01	 -3.460061418266e-01	 -8.373708326823e-02	  0.000000000000e+00	 -3.439286510180e-01	
  2.260000000000e+02	  3.500000000000e+01	  7.200000000000e+00	  5.229918481024e-02	 -2.556110041972e+00	  8.000000000000e-03	  7.000000000000e-03	  4.800000000000e-03	  0.000000000000e+00	  9.600000000000e-04	  5.173773626354e-03	  4.323438823227e-03	  4.981713549359e-01	 -6.100828322522e-01	 -9.999000000000e+01	  8.942143412199e+00	 -8.532554079179e+00	 -4.597117738767e+00	 -2.632221320785e+00	 -4.281004617572e+00	 -3.361677018924e-01	 -3.468890347785e-01	 -8.394216080737e-02	  0.000000000000e+00	 -3.447970673861e-01	
  2.270000000000e+02	  3.500000000000e+01	  7.200000000000e+00	  5.302309726953e-02	 -4.366941624181e+00	  8.000000000000e-03	  7.000000000000e-03	  6.400000000000e-03	  0.000000000000e+00	  9.600000000000e-04	  6.634706439685e-03	  5.765184135626e-03	  6.212160437697e-01	 -6.121653194798e-01	 -9.999000000000e+01	  8.935531898646e+00	 -8.532554079179e+00	 -4.597117738767e+00	 -2.632221320785e+00	 -4.281004617572e+00	 -3.377714211032e-01	 -3.486411560434e-01	 -8.434897658974e-02	  0.000000000000e+00	 -3.465202321527e-01	
  2.280000000000e+02	  3.500000000000e+01	  7.200000000000e+00	  5.447124447015e-02	 -7.797946137136e+00	  8.000000000000e-03	  7.000000000000e-03	  9.600000000000e-03	  0.000000000000e+00	  9.600000000000e-04	  9.557080895716e-03	  8.649543507247e-03	  7.935786519258e-01	 -6.162903311688e-01	 -9.999000000000e+01	  8.922445960641e+00	 -8.532554079179e+00	 -4.597117738767e+00	 -2.632221320785e+00	 -4.281004617572e+00	 -3.409255149540e-01	 -3.520921200704e-01	 -8.514959119621e-02	  0.000000000000e+00	 -3.499132702916e-01	
  2.290000000000e+02	  4.500000000000e+01	  7.200000000000e+00	  5.009595313317e-02	 -7.499218119768e-01	  8.000000000000e-03	  7.000000000000e-03	  3.200000000000e-03	  0.000000000000e+00	  9.600000000000e-04	  3.757192172586e-03	  2.888983902295e-03	  4.574243830720e-01	 -6.003349049726e-01	 -9.999000000000e+01	  9.573564514834e+00	 -8.631020506760e+00	 -4.662286989514e+00	 -2.557658337262e+00	 -5.086946395756e+00	 -3.372550609812e-01	 -3.475247313735e-01	 -8.415796457044e-02	  0.000000000000e+00	 -3.455208932482e-01	
  2.300000000000e+02	  4.500000000000e+01	  7.200000000000e+00	  5.024108815212e-02	 -1.141466832684e+00	  8.000000000000e-03	  7.000000000000e-03	  3.520000000000e-03	  0.000000000000e+00	  9.600000000000e-04	  4.051389806707e-03	  3.177956346873e-03	  4.983936903700e-01	 -6.007509642278e-01	 -9.999000000000e+01	  9.572149395411e+00	 -8.631020506760e+00	 -4.662286989514e+00	 -2.557658337262e+00	 -5.086946395756e+00	 -3.375956910005e-01	 -3.478951140717e-01	 -8.424415081718e-02	  0.000000000000e+00	 -3.458854705456e-01	
  2.310000000000e+02	  4.500000000000e+01	  7.200000000000e+00	  5.045880367711e-02	 -1.723173343990e+00	  8.000000000000e-03	  7.000000000000e-03	  4.000000000000e-03	  0.000000000000e+00	  9.600000000000e-04	  4.492696027639e-03	  3.611439869361e-03	  5.532777332792e-01	 -6.013741079567e-01	 -9.999000000000e+01	  9.570030577792e+00	 -8.631020506760e+00	 -4.662286989514e+00	 -2.557658337262e+00	 -5.086946395756e+00	 -3.381051466505e-01	 -3.484492014043e-01	 -8.437306659153e-02	  0.000000000000e+00	 -3.464308492572e-01	
  2.320000000000e+02	  4.500000000000e+01	  7.200000000000e+00	  5.082169711728e-02	 -2.678003265106e+00	  8.000000000000e-03	  7.000000000000e-03	  4.800000000000e-03	  0.000000000000e+00	  9.600000000000e-04	  5.228232412196e-03	  4.333978282562e-03	  6.314082180797e-01	 -6.024101706744e-01	 -9.999000000000e+01	  9.566509450037e+00	 -8.631020506760e+00	 -4.662286989514e+00	 -2.557658337262e+00	 -5.086946395756e+00	 -3.389502975930e-01	 -3.493687455020e-01	 -8.458696397967e-02	  0.000000000000e+00	 -3.473358776173e-01	
  2.330000000000e+02	  4.500000000000e+01	  7.200000000000e+00	  5.154760958078e-02	 -4.534441575744e+00	  8.000000000000e-03	  7.000000000000e-03	  6.400000000000e-03	  0.000000000000e+00	  9.600000000000e-04	  6.699402491898e-03	  5.779299447408e-03	  7.542628569536e-01	 -6.044729517375e-01	 -9.999000000000e+01	  9.559505160362e+00	 -8.631020506760e+00	 -4.662286989514e+00	 -2.557658337262e+00	 -5.086946395756e+00	 -3.406260158838e-01	 -3.511932758479e-01	 -8.501119915456e-02	  0.000000000000e+00	 -3.491313714646e-01	
  2.340000000000e+02	  4.500000000000e+01	  7.200000000000e+00	  5.299991637653e-02	 -8.047718078952e+00	  8.000000000000e-03	  7.000000000000e-03	  9.600000000000e-03	  0.000000000000e+00	  9.600000000000e-04	  9.642129871294e-03	  8.670898800052e-03	  9.262537305607e-01	 -6.085616645725e-01	 -9.999000000000e+01	  9.545645304006e+00	 -8.631020506760e+00	 -4.662286989514e+00	 -2.557658337262e+00	 -5.086946395756e+00	 -3.439206105091e-01	 -3.547855933663e-01	 -8.584579840662e-02	  0.000000000000e+00	 -3.526655967112e-01	
  2.350000000000e+02	  5.500000000000e+01	  7.200000000000e+00	  4.857516480877e-02	 -8.130431565755e-01	  8.000000000000e-03	  7.000000000000e-03	  3.200000000000e-03	  0.000000000000e+00	  9.600000000000e-04	  3.791654825689e-03	  2.883797645198e-03	  5.821154636026e-01	 -5.837147663010e-01	 -9.999000000000e+01	  1.014129401592e+01	 -8.742475689895e+00	 -4.742362780561e+00	 -2.487639798872e+00	 -5.843767846152e+00	 -3.401752633702e-01	 -3.501331721560e-01	 -8.483633587131e-02	  0.000000000000e+00	 -3.481901655636e-01	
  2.360000000000e+02	  5.500000000000e+01	  7.200000000000e+00	  4.871957105515e-02	 -1.214163709357e+00	  8.000000000000e-03	  7.000000000000e-03	  3.520000000000e-03	  0.000000000000e+00	  9.600000000000e-04	  4.087024893971e-03	  3.172263639324e-03	  6.230338064155e-01	 -5.841288348328e-01	 -9.999000000000e+01	  1.013975341722e+01	 -8.742475689895e+00	 -4.742362780561e+00	 -2.487639798872e+00	 -5.843767846152e+00	 -3.405294535777e-01	 -3.505169656440e-01	 -8.492577505309e-02	  0.000000000000e+00	 -3.485681828018e-01	
  2.370000000000e+02	  5.500000000000e+01	  7.200000000000e+00	  4.893620369055e-02	 -1.809995721178e+00	  8.000000000000e-03	  7.000000000000e-03	  4.000000000000e-03	  0.000000000000e+00	  9.600000000000e-04	  4.530085369267e-03	  3.604991537402e-03	  6.778416962928e-01	 -5.847490929207e-01	 -9.999000000000e+01	  1.013744687001e+01	 -8.742475689895e+00	 -4.742362780561e+00	 -2.487639798872e+00	 -5.843767846152e+00	 -3.410591831173e-01	 -3.510911048739e-01	 -8.505955410461e-02	  0.000000000000e+00	 -3.491336567262e-01	
  2.380000000000e+02	  5.500000000000e+01	  7.200000000000e+00	  4.929731929651e-02	 -2.787750007809e+00	  8.000000000000e-03	  7.000000000000e-03	  4.800000000000e-03	  0.000000000000e+00	  9.600000000000e-04	  5.268533908778e-03	  4.326281277162e-03	  7.558460349186e-01	 -5.857806103480e-01	 -9.999000000000e+01	  1.013361415461e+01	 -8.742475689895e+00	 -4.742362780561e+00	 -2.487639798872e+00	 -5.843767846152e+00	 -3.419379477178e-01	 -3.520438981736e-01	 -8.528151417019e-02	  0.000000000000e+00	 -3.500720054017e-01	
  2.390000000000e+02	  5.500000000000e+01	  7.200000000000e+00	  5.001977462962e-02	 -4.687822175335e+00	  8.000000000000e-03	  7.000000000000e-03	  6.400000000000e-03	  0.000000000000e+00	  9.600000000000e-04	  6.745485598285e-03	  5.769144542079e-03	  8.784512391460e-01	 -5.878352667437e-01	 -9.999000000000e+01	  1.012599148033e+01	 -8.742475689895e+00	 -4.742362780561e+00	 -2.487639798872e+00	 -5.843767846152e+00	 -3.436802387802e-01	 -3.539342925793e-01	 -8.572171573178e-02	  0.000000000000e+00	 -3.519335015941e-01	
  2.400000000000e+02	  5.500000000000e+01	  7.200000000000e+00	  5.146554182503e-02	 -8.280243737077e+00	  8.000000000014e-03	  7.000000000005e-03	  9.600000000000e-03	  0.000000000000e+00	  9.600000000025e-04	  9.699611410866e-03	  8.655980788247e-03	  1.049954295040e+00	 -5.919114136151e-01	 -9.999000000000e+01	  1.011091351792e+01	 -8.742475689895e+00	 -4.742362780561e+00	 -2.487639798872e+00	 -5.843767846152e+00	 -3.471054083698e-01	 -3.576558444439e-01	 -8.658762348574e-02	  0.000000000000e+00	 -3.555972227709e-01	
  2.410000000000e+02	  2.500000000000e+01	  7.200000000000e+00	  7.789195464802e-02	 -6.495534113162e-01	  1.200000000000e-02	  1.050000000000e-02	  4.800000000000e-03	  0.000000000000e+00	  1.440000000000e-03	  5.541661334487e-03	  4.300446819469e-03	  4.637468364074e-01	 -3.836464954761e-01	 -9.999000000000e+01	  9.166938005752e+00	 -8.447933552417e+00	 -4.548708465533e+00	 -2.711786013751e+00	 -3.421000000000e+00	 -3.775593187309e-01	 -3.935271694337e-01	 -9.460127482961e-02	  0.000000000000e+00	 -3.904114912478e-01	
  2.420000000000e+02	  2.500000000000e+01	  7.200000000000e+00	  7.810541256875e-02	 -1.026984029584e+00	  1.200000000000e-02	  1.050000000000e-02	  5.280000000000e-03	  0.000000000000e+00	  1.440000000000e-03	  5.976974152511e-03	  4.730595270485e-03	  5.047564896001e-01	 -3.840755898000e-01	 -9.999000000000e+01	  9.165672130274e+00	 -8.447933552417e+00	 -4.548708465533e+00	 -2.711786013751e+00	 -3.421000000000e+00	 -3.778904962439e-01	 -3.939021058204e-01	 -9.468676890275e-02	  0.000000000000e+00	 -3.907778893177e-01	
  2.430000000000e+02	  2.500000000000e+01	  7.200000000000e+00	  7.842563429733e-02	 -1.587931446222e+00	  1.200000000000e-02	  1.050000000000e-02	  6.000000000000e-03	  0.000000000000e+00	  1.440000000000e-03	  6.629964801894e-03	  5.375852865116e-03	  5.597008894306e-01	 -3.847182889792e-01	 -9.999000000000e+01	  9.163776232699e+00	 -8.447933552417e+00	 -4.548708465533e+00	 -2.711786013751e+00	 -3.421000000000e+00	 -3.783857897308e-01	 -3.944630447618e-01	 -9.481465327045e-02	  0.000000000000e+00	 -3.913260193899e-01	
  2.440000000000e+02	  2.500000000000e+01	  7.200000000000e+00	  7.895942893233e-02	 -2.509231644494e+00	  1.200000000000e-02	  1.050000000000e-02	  7.200000000000e-03	  0.000000000000e+00	  1.440000000000e-03	  7.718339552979e-03	  6.451374825958e-03	  6.379315434332e-01	 -3.857869459856e-01	 -9.999000000000e+01	  9.160624155858e+00	 -8.447933552417e+00	 -4.548708465533e+00	 -2.711786013751e+00	 -3.421000000000e+00	 -3.792073788723e-01	 -3.953940618035e-01	 -9.502684927068e-02	  0.000000000000e+00	 -3.922356846462e-01	
  2.450000000000e+02	  2.500000000000e+01	  7.200000000000e+00	  8.002735459958e-02	 -4.302417766004e+00	  1.200000000000e-02	  1.050000000000e-02	  9.600000000000e-03	  0.000000000000e+00	  1.440000000000e-03	  9.895301968481e-03	  8.602762947212e-03	  7.609849646125e-01	 -3.879148855331e-01	 -9.999000000000e+01	  9.154348920148e+00	 -8.447933552417e+00	 -4.548708465533e+00	 -2.711786013751e+00	 -3.421000000000e+00	 -3.808361144402e-01	 -3.972417221331e-01	 -9.544774351690e-02	  0.000000000000e+00	 -3.940406279491e-01	
  2.460000000000e+02	  2.500000000000e+01	  7.200000000000e+00	  8.216449506259e-02	 -7.702998031686e+00	  1.200000000000e-02	  1.050000000000e-02	  1.440000000000e-02	  0.000000000000e+00	  1.440000000000e-03	  1.425007180048e-02	  1.290689181335e-02	  9.333674743327e-01	 -3.921335272690e-01	 -9.999000000000e+01	  9.141912910510e+00	 -8.447933552417e+00	 -4.548708465533e+00	 -2.711786013751e+00	 -3.421000000000e+00	 -3.840371928793e-01	 -4.008809143672e-01	 -9.627587770059e-02	  0.000000000000e+00	 -3.975943345647e-01	
  2.470000000000e+02	  3.500000000000e+01	  7.200000000000e+00	  7.571826329626e-02	 -7.391823486536e-01	  1.200000000000e-02	  1.050000000000e-02	  4.800000000000e-03	  0.000000000000e+00	  1.440000000000e-03	  5.627948293595e-03	  4.331701537039e-03	  6.061332110995e-01	 -3.911467094674e-01	 -9.999000000000e+01	  9.839724876340e+00	 -8.532554079179e+00	 -4.597117738767e+00	 -2.632221320785e+00	 -4.281004617572e+00	 -3.804933621692e-01	 -3.960156061449e-01	 -9.526111268337e-02	  0.000000000000e+00	 -3.929868756131e-01	
  2.480000000000e+02	  3.500000000000e+01	  7.200000000000e+00	  7.593370324887e-02	 -1.128050036200e+00	  1.200000000000e-02	  1.050000000000e-02	  5.280000000000e-03	  0.000000000000e+00	  1.440000000000e-03	  6.068339457630e-03	  4.764983147045e-03	  6.471047209255e-01	 -3.915707993136e-01	 -9.999000000000e+01	  9.838396205286e+00	 -8.532554079179e+00	 -4.597117738767e+00	 -2.632221320785e+00	 -4.281004617572e+00	 -3.808418321995e-01	 -3.964082413655e-01	 -9.535081084838e-02	  0.000000000000e+00	 -3.933708932356e-01	
  2.490000000000e+02	  3.500000000000e+01	  7.200000000000e+00	  7.625690235158e-02	 -1.705847967586e+00	  1.200000000000e-02	  1.050000000000e-02	  6.000000000000e-03	  0.000000000000e+00	  1.440000000000e-03	  6.728942192453e-03	  5.414943002674e-03	  7.019921504506e-01	 -3.922060791458e-01	 -9.999000000000e+01	  9.836406390942e+00	 -8.532554079179e+00	 -4.597117738767e+00	 -2.632221320785e+00	 -4.281004617572e+00	 -3.813629433860e-01	 -3.969956083680e-01	 -9.548497193666e-02	  0.000000000000e+00	 -3.939453322740e-01	
  2.500000000000e+02	  3.500000000000e+01	  7.200000000000e+00	  7.679567050061e-02	 -2.654440350191e+00	  1.200000000000e-02	  1.050000000000e-02	  7.200000000000e-03	  0.000000000000e+00	  1.440000000000e-03	  7.829989382408e-03	  6.498308690781e-03	  7.801284995452e-01	 -3.932626004593e-01	 -9.999000000000e+01	  9.833098517233e+00	 -8.532554079179e+00	 -4.597117738767e+00	 -2.632221320785e+00	 -4.281004617572e+00	 -3.822272420926e-01	 -3.979703545453e-01	 -9.570755140856e-02	  0.000000000000e+00	 -3.948985277252e-01	
  2.510000000000e+02	  3.500000000000e+01	  7.200000000000e+00	  7.787358325053e-02	 -4.499379656427e+00	  1.200000000000e-02	  1.050000000000e-02	  9.600000000000e-03	  0.000000000000e+00	  1.440000000000e-03	  1.003224357479e-02	  8.665408445495e-03	  9.029956853128e-01	 -3.953671104335e-01	 -9.999000000000e+01	  9.826514385739e+00	 -8.532554079179e+00	 -4.597117738767e+00	 -2.632221320785e+00	 -4.281004617572e+00	 -3.839402165587e-01	 -3.999043011251e-01	 -9.614892587678e-02	  0.000000000000e+00	 -3.967893577951e-01	
  2.520000000000e+02	  3.500000000000e+01	  7.200000000000e+00	  8.003084334687e-02	 -7.993130436491e+00	  1.200000000000e-02	  1.050000000000e-02	  1.440000000000e-02	  0.000000000000e+00	  1.440000000000e-03	  1.443739042622e-02	  1.300105232391e-02	  1.075014873581e+00	 -3.995421119270e-01	 -9.999000000000e+01	  9.813471042738e+00	 -8.532554079179e+00	 -4.597117738767e+00	 -2.632221320785e+00	 -4.281004617572e+00	 -3.873051992809e-01	 -4.037115221670e-01	 -9.701690959190e-02	  0.000000000000e+00	 -4.005102884331e-01	
  2.530000000000e+02	  4.500000000000e+01	  7.200000000000e+00	  7.346534942376e-02	 -8.150752562938e-01	  1.200000000000e-02	  1.050000000000e-02	  4.800000000000e-03	  0.000000000000e+00	  1.440000000000e-03	  5.694530355789e-03	  4.339513827303e-03	  7.375408733534e-01	 -3.880520688838e-01	 -9.999000000000e+01	  1.044981568491e+01	 -8.631020506760e+00	 -4.662286989514e+00	 -2.557658337262e+00	 -5.086946395756e+00	 -3.836870799711e-01	 -3.987474766030e-01	 -9.598314830724e-02	  0.000000000000e+00	 -3.958088626260e-01	
  2.540000000000e+02	  4.500000000000e+01	  7.200000000000e+00	  7.368077160583e-02	 -1.214620942821e+00	  1.200000000000e-02	  1.050000000000e-02	  5.280000000000e-03	  0.000000000000e+00	  1.440000000000e-03	  6.138218664572e-03	  4.773592263489e-03	  7.784627342586e-01	 -3.884725579118e-01	 -9.999000000000e+01	  1.044838039471e+01	 -8.631020506760e+00	 -4.662286989514e+00	 -2.557658337262e+00	 -5.086946395756e+00	 -3.840513690486e-01	 -3.991559272278e-01	 -9.607664192387e-02	  0.000000000000e+00	 -3.962086963636e-01	
  2.550000000000e+02	  4.500000000000e+01	  7.200000000000e+00	  7.400395832152e-02	 -1.808164264167e+00	  1.200000000000e-02	  1.050000000000e-02	  6.000000000000e-03	  0.000000000000e+00	  1.440000000000e-03	  6.803759975791e-03	  5.424752526917e-03	  8.332759977130e-01	 -3.891025564686e-01	 -9.999000000000e+01	  1.044623107011e+01	 -8.631020506760e+00	 -4.662286989514e+00	 -2.557658337262e+00	 -5.086946395756e+00	 -3.845961195975e-01	 -3.997669310534e-01	 -9.621647471371e-02	  0.000000000000e+00	 -3.968067727206e-01	
  2.560000000000e+02	  4.500000000000e+01	  7.200000000000e+00	  7.454274319747e-02	 -2.782293170519e+00	  1.200000000000e-02	  1.050000000000e-02	  7.200000000000e-03	  0.000000000000e+00	  1.440000000000e-03	  7.913019282627e-03	  6.510132523881e-03	  9.112895477665e-01	 -3.901505905594e-01	 -9.999000000000e+01	  1.044265845447e+01	 -8.631020506760e+00	 -4.662286989514e+00	 -2.557658337262e+00	 -5.086946395756e+00	 -3.854995806632e-01	 -4.007808430187e-01	 -9.644845006564e-02	  0.000000000000e+00	 -3.977991332908e-01	
  2.570000000000e+02	  4.500000000000e+01	  7.200000000000e+00	  7.562082511669e-02	 -4.675778075183e+00	  1.200000000000e-02	  1.050000000000e-02	  9.600000000000e-03	  0.000000000000e+00	  1.440000000000e-03	  1.013162834882e-02	  8.681310991051e-03	  1.033914121269e+00	 -3.922392745499e-01	 -9.999000000000e+01	  1.043554894620e+01	 -8.631020506760e+00	 -4.662286989514e+00	 -2.557658337262e+00	 -5.086946395756e+00	 -3.872900016051e-01	 -4.027922707540e-01	 -9.690840484359e-02	  0.000000000000e+00	 -3.997674377493e-01	
  2.580000000000e+02	  4.500000000000e+01	  7.200000000000e+00	  7.777893402840e-02	 -8.257362176154e+00	  1.200000000000e-02	  1.050000000000e-02	  1.440000000000e-02	  0.000000000000e+00	  1.440000000000e-03	  1.456921718490e-02	  1.302530509011e-02	  1.205459610644e+00	 -3.963869811379e-01	 -9.999000000000e+01	  1.042147088997e+01	 -8.631020506760e+00	 -4.662286989514e+00	 -2.557658337262e+00	 -5.086946395756e+00	 -3.908064346466e-01	 -4.067511161224e-01	 -9.781272021858e-02	  0.000000000000e+00	 -4.036399587613e-01	
  2.590000000000e+02	  5.500000000000e+01	  7.200000000000e+00	  7.118400238968e-02	 -8.820181508323e-01	  1.200000000000e-02	  1.050000000000e-02	  4.800000000000e-03	  0.000000000000e+00	  1.440000000000e-03	  5.747745396473e-03	  4.329062551641e-03	  8.602074391373e-01	 -3.758766662559e-01	 -9.999000000000e+01	  1.100427481783e+01	 -8.742475689895e+00	 -4.742362780561e+00	 -2.487639798872e+00	 -5.843767846152e+00	 -3.871813778511e-01	 -4.017740983410e-01	 -9.677858626617e-02	  0.000000000000e+00	 -3.989267382454e-01	
  2.600000000000e+02	  5.500000000000e+01	  7.200000000000e+00	  7.139755052079e-02	 -1.291768333881e+00	  1.200000000000e-02	  1.050000000000e-02	  5.280000000000e-03	  0.000000000000e+00	  1.440000000000e-03	  6.193515435977e-03	  4.762121558349e-03	  9.010642753158e-01	 -3.762970265957e-01	 -9.999000000000e+01	  1.100267594461e+01	 -8.742475689895e+00	 -4.742362780561e+00	 -2.487639798872e+00	 -5.843767846152e+00	 -3.875597538231e-01	 -4.021962516799e-01	 -9.687540850436e-02	  0.000000000000e+00	 -3.993403496590e-01	
  2.610000000000e+02	  5.500000000000e+01	  7.200000000000e+00	  7.171795334128e-02	 -1.900377108865e+00	  1.200000000000e-02	  1.050000000000e-02	  6.000000000000e-03	  0.000000000000e+00	  1.440000000000e-03	  6.862169194185e-03	  5.411761208480e-03	  9.557804090792e-01	 -3.769269714605e-01	 -9.999000000000e+01	  1.100028191347e+01	 -8.742475689895e+00	 -4.742362780561e+00	 -2.487639798872e+00	 -5.843767846152e+00	 -3.881255888876e-01	 -4.028277693225e-01	 -9.702022355603e-02	  0.000000000000e+00	 -3.999590511889e-01	
  2.620000000000e+02	  5.500000000000e+01	  7.200000000000e+00	  7.225216967804e-02	 -2.898986782558e+00	  1.200000000000e-02	  1.050000000000e-02	  7.200000000000e-03	  0.000000000000e+00	  1.440000000000e-03	  7.976589175340e-03	  6.494629361620e-03	  1.033633152070e+00	 -3.779752808407e-01	 -9.999000000000e+01	  1.099630322460e+01	 -8.742475689895e+00	 -4.742362780561e+00	 -2.487639798872e+00	 -5.843767846152e+00	 -3.890640674644e-01	 -4.038757622484e-01	 -9.726047392702e-02	  0.000000000000e+00	 -4.009856754613e-01	
  2.630000000000e+02	  5.500000000000e+01	  7.200000000000e+00	  7.332137401624e-02	 -4.839174937661e+00	  1.200000000000e-02	  1.050000000000e-02	  9.600000000000e-03	  0.000000000000e+00	  1.440000000000e-03	  1.020542147365e-02	  8.660866990343e-03	  1.155940074939e+00	 -3.800658390675e-01	 -9.999000000000e+01	  1.098838814116e+01	 -8.742475689895e+00	 -4.742362780561e+00	 -2.487639798872e+00	 -5.843767846152e+00	 -3.909240538425e-01	 -4.059549355159e-01	 -9.773686910486e-02	  0.000000000000e+00	 -4.030220805552e-01	
  2.640000000000e+02	  5.500000000000e+01	  7.200000000000e+00	  7.546270842581e-02	 -8.505837227945e+00	  1.200000000000e-02	  1.050000000000e-02	  1.440000000000e-02	  0.000000000000e+00	  1.440000000000e-03	  1.466308020212e-02	  1.299529907326e-02	  1.326865585810e+00	 -3.842222670804e-01	 -9.999000000000e+01	  1.097272466942e+01	 -8.742475689895e+00	 -4.742362780561e+00	 -2.487639798872e+00	 -5.843767846152e+00	 -3.945776941322e-01	 -4.100475493595e-01	 -9.867361489236e-02	  0.000000000000e+00	 -4.070290410224e-01	
  2.650000000000e+02	  2.500000000000e+01	  7.200000000000e+00	  1.024034428600e-01	 -6.928073201733e-01	  1.600000000000e-02	  1.400000000000e-02	  6.400000000000e-03	  0.000000000000e+00	  1.920000000000e-03	  7.444525181802e-03	  5.745491174421e-03	  6.635615750539e-01	 -2.310949166302e-01	 -9.999000000000e+01	  9.797736623040e+00	 -8.447933552417e+00	 -4.548708465533e+00	 -2.711786013751e+00	 -3.421000000000e+00	 -4.110303705028e-01	 -4.320230762891e-01	 -1.033135079024e-01	  0.000000000000e+00	 -4.279269385747e-01	
  2.660000000000e+02	  2.500000000000e+01	  7.200000000000e+00	  1.026857996911e-01	 -1.075231457784e+00	  1.600000000000e-02	  1.400000000000e-02	  7.040000000000e-03	  0.000000000000e+00	  1.920000000000e-03	  8.027151590840e-03	  6.320183990550e-03	  7.045557099949e-01	 -2.315170271086e-01	 -9.999000000000e+01	  9.796525271037e+00	 -8.447933552417e+00	 -4.548708465533e+00	 -2.711786013751e+00	 -3.421000000000e+00	 -4.113700412368e-01	 -4.324206301735e-01	 -1.034027575231e-01	  0.000000000000e+00	 -4.283131981858e-01	
  2.670000000000e+02	  2.500000000000e+01	  7.200000000000e+00	  1.031094183289e-01	 -1.643574026515e+00	  1.600000000000e-02	  1.400000000000e-02	  8.000000000000e-03	  0.000000000000e+00	  1.920000000000e-03	  8.901115850306e-03	  7.182271606870e-03	  7.594769927314e-01	 -2.321494752858e-01	 -9.999000000000e+01	  9.794710465734e+00	 -8.447933552417e+00	 -4.548708465533e+00	 -2.711786013751e+00	 -3.421000000000e+00	 -4.118779679618e-01	 -4.330153987192e-01	 -1.035362523571e-01	  0.000000000000e+00	 -4.288910219861e-01	
  2.680000000000e+02	  2.500000000000e+01	  7.200000000000e+00	  1.038156684500e-01	 -2.576950324411e+00	  1.600000000000e-02	  1.400000000000e-02	  9.600000000000e-03	  0.000000000000e+00	  1.920000000000e-03	  1.035778872091e-02	  8.619212720447e-03	  8.376695433059e-01	 -2.332016326233e-01	 -9.999000000000e+01	  9.791691735851e+00	 -8.447933552417e+00	 -4.548708465533e+00	 -2.711786013751e+00	 -3.421000000000e+00	 -4.127203282610e-01	 -4.340025402932e-01	 -1.037577381177e-01	  0.000000000000e+00	 -4.298499135552e-01	
  2.690000000000e+02	  2.500000000000e+01	  7.200000000000e+00	  1.052289684775e-01	 -4.393384040467e+00	  1.600000000000e-02	  1.400000000000e-02	  1.280000000000e-02	  0.000000000000e+00	  1.920000000000e-03	  1.327138137912e-02	  1.149357234044e-02	  9.606483355018e-01	 -2.352986764526e-01	 -9.999000000000e+01	  9.785676685426e+00	 -8.447933552417e+00	 -4.548708465533e+00	 -2.711786013751e+00	 -3.421000000000e+00	 -4.143895409370e-01	 -4.359614794749e-01	 -1.041969827646e-01	  0.000000000000e+00	 -4.317523207358e-01	
  2.700000000000e+02	  2.500000000000e+01	  7.200000000000e+00	  1.080586089467e-01	 -7.837061038238e+00	  1.600000000000e-02	  1.400000000000e-02	  1.920000000000e-02	  0.000000000000e+00	  1.920000000000e-03	  1.909955571188e-02	  1.724416928078e-02	  1.132887771557e+00	 -2.394632775189e-01	 -9.999000000000e+01	  9.773736952234e+00	 -8.447933552417e+00	 -4.548708465533e+00	 -2.711786013751e+00	 -3.421000000000e+00	 -4.176673263915e-01	 -4.398193412256e-01	 -1.050609010538e-01	  0.000000000000e+00	 -4.354969968677e-01	
  2.710000000000e+02	  3.500000000000e+01	  7.200000000000e+00	  9.947146718540e-02	 -7.838137202626e-01	  1.600000000000e-02	  1.400000000000e-02	  6.400000000000e-03	  0.000000000000e+00	  1.920000000000e-03	  7.558761419980e-03	  5.784106362765e-03	  8.045027020243e-01	 -2.416546967827e-01	 -9.999000000000e+01	  1.045984745766e+01	 -8.532554079179e+00	 -4.597117738767e+00	 -2.632221320785e+00	 -4.281004617572e+00	 -4.143510113263e-01	 -4.347426620993e-01	 -1.040442134989e-01	  0.000000000000e+00	 -4.307638034119e-01	
  2.720000000000e+02	  3.500000000000e+01	  7.200000000000e+00	  9.975593043040e-02	 -1.178048661037e+00	  1.600000000000e-02	  1.400000000000e-02	  7.040000000000e-03	  0.000000000000e+00	  1.920000000000e-03	  8.148258042010e-03	  6.362675185361e-03	  8.454519281775e-01	 -2.420721182110e-01	 -9.999000000000e+01	  1.045855759869e+01	 -8.532554079179e+00	 -4.597117738767e+00	 -2.632221320785e+00	 -4.281004617572e+00	 -4.147086558085e-01	 -4.351586215467e-01	 -1.041378166724e-01	  0.000000000000e+00	 -4.311683843295e-01	
  2.730000000000e+02	  3.500000000000e+01	  7.200000000000e+00	  1.001827206551e-01	 -1.763798140901e+00	  1.600000000000e-02	  1.400000000000e-02	  8.000000000000e-03	  0.000000000000e+00	  1.920000000000e-03	  9.032518563350e-03	  7.230581567879e-03	  9.003061466654e-01	 -2.426976479600e-01	 -9.999000000000e+01	  1.045662536424e+01	 -8.532554079179e+00	 -4.597117738767e+00	 -2.632221320785e+00	 -4.281004617572e+00	 -4.152434225627e-01	 -4.357808802970e-01	 -1.042778128337e-01	  0.000000000000e+00	 -4.317735714708e-01	
  2.740000000000e+02	  3.500000000000e+01	  7.200000000000e+00	  1.008942878974e-01	 -2.725382599029e+00	  1.600000000000e-02	  1.400000000000e-02	  9.600000000000e-03	  0.000000000000e+00	  1.920000000000e-03	  1.050632794361e-02	  8.677233121221e-03	  9.783877120410e-01	 -2.437385765477e-01	 -9.999000000000e+01	  1.045341179719e+01	 -8.532554079179e+00	 -4.597117738767e+00	 -2.632221320785e+00	 -4.281004617572e+00	 -4.161301969825e-01	 -4.368135260015e-01	 -1.045100573566e-01	  0.000000000000e+00	 -4.327777544856e-01	
  2.750000000000e+02	  3.500000000000e+01	  7.200000000000e+00	  1.023183339749e-01	 -4.595358146094e+00	  1.600000000000e-02	  1.400000000000e-02	  1.280000000000e-02	  0.000000000000e+00	  1.920000000000e-03	  1.345410538824e-02	  1.157105924186e-02	  1.101147433948e+00	 -2.458142621245e-01	 -9.999000000000e+01	  1.044701032813e+01	 -8.532554079179e+00	 -4.597117738767e+00	 -2.632221320785e+00	 -4.281004617572e+00	 -4.178870562950e-01	 -4.388623147599e-01	 -1.049705353285e-01	  0.000000000000e+00	 -4.347695814009e-01	
  2.760000000000e+02	  3.500000000000e+01	  7.200000000000e+00	  1.051698777814e-01	 -8.135606529886e+00	  1.600000000001e-02	  1.400000000000e-02	  1.920000000000e-02	  0.000000000000e+00	  1.920000000000e-03	  1.935030743280e-02	  1.736076244118e-02	  1.272959903236e+00	 -2.499403035841e-01	 -9.999000000000e+01	  1.043431048381e+01	 -8.532554079179e+00	 -4.597117738767e+00	 -2.632221320785e+00	 -4.281004617572e+00	 -4.213355293439e-01	 -4.428953542891e-01	 -1.058758123863e-01	  0.000000000000e+00	 -4.386885591779e-01	
  2.770000000000e+02	  4.500000000000e+01	  7.200000000000e+00	  9.646353014601e-02	 -8.619185937163e-01	  1.600000000000e-02	  1.400000000000e-02	  6.400000000000e-03	  0.000000000000e+00	  1.920000000000e-03	  7.648200181359e-03	  5.791609379295e-03	  9.344496976474e-01	 -2.415796125926e-01	 -9.999000000000e+01	  1.106025860147e+01	 -8.631020506760e+00	 -4.662286989514e+00	 -2.557658337262e+00	 -5.086946395756e+00	 -4.179990656764e-01	 -4.377740893563e-01	 -1.048535631632e-01	  0.000000000000e+00	 -4.339155481505e-01	
  2.780000000000e+02	  4.500000000000e+01	  7.200000000000e+00	  9.674724949992e-02	 -1.267231355366e+00	  1.600000000000e-02	  1.400000000000e-02	  7.040000000000e-03	  0.000000000000e+00	  1.920000000000e-03	  8.242323564947e-03	  6.370955414409e-03	  9.753403561941e-01	 -2.419946514616e-01	 -9.999000000000e+01	  1.105883873244e+01	 -8.631020506760e+00	 -4.662286989514e+00	 -2.557658337262e+00	 -5.086946395756e+00	 -4.183728583634e-01	 -4.382060445109e-01	 -1.049510033607e-01	  0.000000000000e+00	 -4.343361545309e-01	
  2.790000000000e+02	  4.500000000000e+01	  7.200000000000e+00	  9.717295314856e-02	 -1.869324620229e+00	  1.600000000000e-02	  1.400000000000e-02	  8.000000000001e-03	  0.000000000000e+00	  1.920000000000e-03	  9.133511807076e-03	  7.240036521709e-03	  1.030107100247e+00	 -2.426167600769e-01	 -9.999000000000e+01	  1.105671198638e+01	 -8.631020506760e+00	 -4.662286989514e+00	 -2.557658337262e+00	 -5.086946395756e+00	 -4.189317710881e-01	 -4.388522264836e-01	 -1.050967371510e-01	  0.000000000000e+00	 -4.349653083577e-01	
  2.800000000000e+02	  4.500000000000e+01	  7.200000000000e+00	  9.788278598759e-02	 -2.857438684370e+00	  1.600000000000e-02	  1.400000000000e-02	  9.600000000001e-03	  0.000000000000e+00	  1.920000000000e-03	  1.061883464782e-02	  8.688669422247e-03	  1.108043869961e+00	 -2.436523863292e-01	 -9.999000000000e+01	  1.105317557037e+01	 -8.631020506760e+00	 -4.662286989514e+00	 -2.557658337262e+00	 -5.086946395756e+00	 -4.198585850788e-01	 -4.399245562063e-01	 -1.053384965763e-01	  0.000000000000e+00	 -4.360092447668e-01	
  2.810000000000e+02	  4.500000000000e+01	  7.200000000000e+00	  9.930364076434e-02	 -4.777926017340e+00	  1.600000000000e-02	  1.400000000000e-02	  1.280000000000e-02	  0.000000000000e+00	  1.920000000000e-03	  1.358951875249e-02	  1.158654443113e-02	  1.230517664363e+00	 -2.457189158216e-01	 -9.999000000000e+01	  1.104613337806e+01	 -8.631020506760e+00	 -4.662286989514e+00	 -2.557658337262e+00	 -5.086946395756e+00	 -4.216947592001e-01	 -4.420520055568e-01	 -1.058178247998e-01	  0.000000000000e+00	 -4.380798599262e-01	
  2.820000000000e+02	  4.500000000000e+01	  7.200000000000e+00	  1.021498422707e-01	 -8.409834834608e+00	  1.600000000001e-02	  1.400000000000e-02	  1.920000000000e-02	  0.000000000000e+00	  1.920000000001e-03	  1.953107167231e-02	  1.738467653190e-02	  1.401772424744e+00	 -2.498320795510e-01	 -9.999000000000e+01	  1.103217165884e+01	 -8.631020506760e+00	 -4.662286989514e+00	 -2.557658337262e+00	 -5.086946395756e+00	 -4.252988092011e-01	 -4.462395268666e-01	 -1.067600841486e-01	  0.000000000000e+00	 -4.421535331758e-01	
  2.830000000000e+02	  5.500000000000e+01	  7.200000000000e+00	  9.344630833956e-02	 -9.318720710564e-01	  1.600000000000e-02	  1.400000000000e-02	  6.400000000001e-03	  0.000000000000e+00	  1.920000000001e-03	  7.721182087582e-03	  5.774754853468e-03	  1.055642038772e+00	 -2.323102502634e-01	 -9.999000000000e+01	  1.160599847438e+01	 -8.742475689895e+00	 -4.742362780561e+00	 -2.487639798872e+00	 -5.843767846152e+00	 -4.220183139754e-01	 -4.411748071850e-01	 -1.057538719332e-01	  0.000000000000e+00	 -4.374369548515e-01	
  2.840000000000e+02	  5.500000000000e+01	  7.200000000000e+00	  9.372662180672e-02	 -1.347806835681e+00	  1.600000000000e-02	  1.400000000000e-02	  7.040000000001e-03	  0.000000000000e+00	  1.920000000001e-03	  8.318431758836e-03	  6.352458807442e-03	  1.096456227640e+00	 -2.327274036731e-01	 -9.999000000000e+01	  1.160438290665e+01	 -8.742475689895e+00	 -4.742362780561e+00	 -2.487639798872e+00	 -5.843767846152e+00	 -4.224060689503e-01	 -4.416200264207e-01	 -1.058545516871e-01	  0.000000000000e+00	 -4.378709615484e-01	
  2.850000000000e+02	  5.500000000000e+01	  7.200000000000e+00	  9.414726820739e-02	 -1.965593751687e+00	  1.600000000000e-02	  1.400000000000e-02	  8.000000000001e-03	  0.000000000000e+00	  1.920000000001e-03	  9.214291441859e-03	  7.219091165713e-03	  1.151108767824e+00	 -2.333528583946e-01	 -9.999000000000e+01	  1.160196342006e+01	 -8.742475689895e+00	 -4.742362780561e+00	 -2.487639798872e+00	 -5.843767846152e+00	 -4.229859085529e-01	 -4.422860985354e-01	 -1.060051418767e-01	  0.000000000000e+00	 -4.385202078071e-01	
  2.860000000000e+02	  5.500000000000e+01	  7.200000000000e+00	  9.484880739008e-02	 -2.979239414672e+00	  1.600000000000e-02	  1.400000000000e-02	  9.600000000001e-03	  0.000000000000e+00	  1.920000000001e-03	  1.070735267588e-02	  8.663680718530e-03	  1.228856520032e+00	 -2.343945160650e-01	 -9.999000000000e+01	  1.159794124843e+01	 -8.742475689895e+00	 -4.742362780561e+00	 -2.487639798872e+00	 -5.843767846152e+00	 -4.239475527390e-01	 -4.433915582539e-01	 -1.062549865071e-01	  0.000000000000e+00	 -4.395976059583e-01	
  2.870000000000e+02	  5.500000000000e+01	  7.200000000000e+00	  9.625356539151e-02	 -4.948537916264e+00	  1.600000000001e-02	  1.400000000001e-02	  1.280000000000e-02	  0.000000000000e+00	  1.920000000001e-03	  1.369334019080e-02	  1.155360834168e-02	  1.350957152834e+00	 -2.364747468889e-01	 -9.999000000000e+01	  1.158993553165e+01	 -8.742475689895e+00	 -4.742362780561e+00	 -2.487639798872e+00	 -5.843767846152e+00	 -4.258531834764e-01	 -4.455851643817e-01	 -1.067504460333e-01	  0.000000000000e+00	 -4.417350217660e-01	
  2.880000000000e+02	  5.500000000000e+01	  7.200000000000e+00	  9.906941851108e-02	 -8.669713614989e+00	  1.600000000000e-02	  1.400000000000e-02	  1.920000000000e-02	  0.000000000000e+00	  1.920000000000e-03	  1.966483705023e-02	  1.733638186373e-02	  1.521484439525e+00	 -2.406213906698e-01	 -9.999000000000e+01	  1.157407822204e+01	 -8.742475689895e+00	 -4.742362780561e+00	 -2.487639798872e+00	 -5.843767846152e+00	 -4.295951659294e-01	 -4.499043967242e-01	 -1.077247691587e-01	  0.000000000000e+00	 -4.459416199838e-01	
  2.890000000000e+02	  2.500000000000e+01	  7.200000000000e+00	  1.266253339099e-01	 -7.266627441331e-01	  2.000000000000e-02	  1.750000000000e-02	  8.000000000000e-03	  0.000000000000e+00	  2.400000000000e-03	  9.359284845052e-03	  7.193508674870e-03	  8.178850058132e-01	 -1.149387444561e-01	 -9.999000000000e+01	  1.028190057976e+01	 -8.447933552417e+00	 -4.548708465533e+00	 -2.711786013751e+00	 -3.421000000000e+00	 -4.372812527828e-01	 -4.632394462343e-01	 -1.102726875320e-01	  0.000000000000e+00	 -4.581744328779e-01	
  2.900000000000e+02	  2.500000000000e+01	  7.200000000000e+00	  1.269751269835e-01	 -1.113069381605e+00	  2.000000000000e-02	  1.750000000000e-02	  8.800000000000e-03	  0.000000000000e+00	  2.400000000000e-03	  1.008988327928e-02	  7.913042219571e-03	  8.588710735248e-01	 -1.153483499938e-01	 -9.999000000000e+01	  1.028075872263e+01	 -8.447933552417e+00	 -4.548708465533e+00	 -2.711786013751e+00	 -3.421000000000e+00	 -4.376224608264e-01	 -4.636523618581e-01	 -1.103640523960e-01	  0.000000000000e+00	 -4.585733567787e-01	
  2.910000000000e+02	  2.500000000000e+01	  7.200000000000e+00	  1.274999736810e-01	 -1.687318391951e+00	  2.000000000000e-02	  1.750000000000e-02	  1.000000000000e-02	  0.000000000000e+00	  2.400000000000e-03	  1.118580605694e-02	  8.992404135168e-03	  9.137803591276e-01	 -1.159623181134e-01	 -9.999000000000e+01	  1.027904728507e+01	 -8.447933552417e+00	 -4.548708465533e+00	 -2.711786013751e+00	 -3.421000000000e+00	 -4.381326378163e-01	 -4.642701324210e-01	 -1.105007101513e-01	  0.000000000000e+00	 -4.591701334737e-01	
  2.920000000000e+02	  2.500000000000e+01	  7.200000000000e+00	  1.283751301699e-01	 -2.630361584728e+00	  2.000000000000e-02	  1.750000000000e-02	  1.200000000000e-02	  0.000000000000e+00	  2.400000000000e-03	  1.301241141030e-02	  1.079150420620e-02	  9.919531909697e-01	 -1.169843973200e-01	 -9.999000000000e+01	  1.027619855652e+01	 -8.447933552417e+00	 -4.548708465533e+00	 -2.711786013751e+00	 -3.421000000000e+00	 -4.389785979983e-01	 -4.652954996832e-01	 -1.107274403307e-01	  0.000000000000e+00	 -4.601604944764e-01	
  2.930000000000e+02	  2.500000000000e+01	  7.200000000000e+00	  1.301269430845e-01	 -4.465480339241e+00	  2.000000000000e-02	  1.750000000000e-02	  1.600000000000e-02	  0.000000000000e+00	  2.400000000000e-03	  1.666587729437e-02	  1.439031282359e-02	  1.114893581288e+00	 -1.190238777389e-01	 -9.999000000000e+01	  1.027051531532e+01	 -8.447933552417e+00	 -4.548708465533e+00	 -2.711786013751e+00	 -3.421000000000e+00	 -4.406544333270e-01	 -4.673304566593e-01	 -1.111770683794e-01	  0.000000000000e+00	 -4.621253789359e-01	
  2.940000000000e+02	  2.500000000000e+01	  7.200000000000e+00	  1.336362402699e-01	 -7.944053684307e+00	  2.000000000000e-02	  1.750000000000e-02	  2.400000000000e-02	  0.000000000000e+00	  2.400000000000e-03	  2.397384685826e-02	  2.159032690191e-02	  1.287060336062e+00	 -1.230828957193e-01	 -9.999000000000e+01	  1.025920895681e+01	 -8.447933552417e+00	 -4.548708465533e+00	 -2.711786013751e+00	 -3.421000000000e+00	 -4.439430738404e-01	 -4.713385030957e-01	 -1.120613066637e-01	  0.000000000000e+00	 -4.659930534849e-01	
  2.950000000000e+02	  3.500000000000e+01	  7.200000000000e+00	  1.229467446906e-01	 -8.187707470877e-01	  2.000000000000e-02	  1.750000000000e-02	  8.000000000000e-03	  0.000000000000e+00	  2.400000000000e-03	  9.501457868596e-03	  7.238511717468e-03	  9.576731589192e-01	 -1.277831707939e-01	 -9.999000000000e+01	  1.093606006816e+01	 -8.532554079179e+00	 -4.597117738767e+00	 -2.632221320785e+00	 -4.281004617572e+00	 -4.409700698906e-01	 -4.661741525521e-01	 -1.110696016351e-01	  0.000000000000e+00	 -4.612562827645e-01	
  2.960000000000e+02	  3.500000000000e+01	  7.200000000000e+00	  1.232985377463e-01	 -1.217255606212e+00	  2.000000000000e-02	  1.750000000000e-02	  8.800000000000e-03	  0.000000000000e+00	  2.400000000000e-03	  1.024075600056e-02	  7.962568790301e-03	  9.986084517060e-01	 -1.281887719746e-01	 -9.999000000000e+01	  1.093482525839e+01	 -8.532554079179e+00	 -4.597117738767e+00	 -2.632221320785e+00	 -4.281004617572e+00	 -4.413294981826e-01	 -4.666056984206e-01	 -1.111653611123e-01	  0.000000000000e+00	 -4.616737569107e-01	
  2.970000000000e+02	  3.500000000000e+01	  7.200000000000e+00	  1.238264071940e-01	 -1.809311875037e+00	  2.000000000000e-02	  1.750000000000e-02	  1.000000000000e-02	  0.000000000000e+00	  2.400000000000e-03	  1.134971490926e-02	  9.048723620585e-03	  1.053441919928e+00	 -1.287968741169e-01	 -9.999000000000e+01	  1.093297476615e+01	 -8.532554079179e+00	 -4.597117738767e+00	 -2.632221320785e+00	 -4.281004617572e+00	 -4.418668911598e-01	 -4.672513046346e-01	 -1.113085836573e-01	  0.000000000000e+00	 -4.622982483468e-01	
  2.980000000000e+02	  3.500000000000e+01	  7.200000000000e+00	  1.247066609046e-01	 -2.781227934857e+00	  2.000000000000e-02	  1.750000000000e-02	  1.200000000000e-02	  0.000000000000e+00	  2.400000000000e-03	  1.319801174053e-02	  1.085916523945e-02	  1.131489299667e+00	 -1.298095442676e-01	 -9.999000000000e+01	  1.092989527459e+01	 -8.532554079179e+00	 -4.597117738767e+00	 -2.632221320785e+00	 -4.281004617572e+00	 -4.427579076765e-01	 -4.683227731619e-01	 -1.115461831171e-01	  0.000000000000e+00	 -4.633345067257e-01	
  2.990000000000e+02	  3.500000000000e+01	  7.200000000000e+00	  1.264688813686e-01	 -4.671205661774e+00	  2.000000000000e-02	  1.750000000000e-02	  1.600000000000e-02	  0.000000000000e+00	  2.400000000000e-03	  1.689473021731e-02	  1.448073004082e-02	  1.254182133911e+00	 -1.318315380469e-01	 -9.999000000000e+01	  1.092375421376e+01	 -8.532554079179e+00	 -4.597117738767e+00	 -2.632221320785e+00	 -4.281004617572e+00	 -4.445227266849e-01	 -4.704488473655e-01	 -1.120172817761e-01	  0.000000000000e+00	 -4.653900921107e-01	
  3.000000000000e+02	  3.500000000000e+01	  7.200000000000e+00	  1.299997791646e-01	 -8.248918476641e+00	  2.000000000000e-02	  1.750000000000e-02	  2.400000000000e-02	  0.000000000000e+00	  2.400000000000e-03	  2.428870135107e-02	  2.172653397071e-02	  1.425866679754e+00	 -1.358605710641e-01	 -9.999000000000e+01	  1.091154682534e+01	 -8.532554079179e+00	 -4.597117738767e+00	 -2.632221320785e+00	 -4.281004617572e+00	 -4.479848980691e-01	 -4.746348527979e-01	 -1.129434075809e-01	  0.000000000000e+00	 -4.694348616313e-01	
  3.010000000000e+02	  4.500000000000e+01	  7.200000000000e+00	  1.192003596414e-01	 -8.987153750806e-01	  2.000000000000e-02	  1.750000000000e-02	  8.000000000000e-03	  0.000000000000e+00	  2.400000000000e-03	  9.614236737523e-03	  7.244760217446e-03	  1.086449595216e+00	 -1.299416049422e-01	 -9.999000000000e+01	  1.152928599410e+01	 -8.631020506760e+00	 -4.662286989514e+00	 -2.557658337262e+00	 -5.086946395756e+00	 -4.450429772876e-01	 -4.694790510141e-01	 -1.119590120637e-01	  0.000000000000e+00	 -4.647110366285e-01	
  3.020000000000e+02	  4.500000000000e+01	  7.200000000000e+00	  1.195504033294e-01	 -1.308571018968e+00	  2.000000000000e-02	  1.750000000000e-02	  8.800000000000e-03	  0.000000000000e+00	  2.400000000000e-03	  1.035956803449e-02	  7.969482975193e-03	  1.127318645573e+00	 -1.303463237079e-01	 -9.999000000000e+01	  1.152790027348e+01	 -8.631020506760e+00	 -4.662286989514e+00	 -2.557658337262e+00	 -5.086946395756e+00	 -4.454185099560e-01	 -4.699263426385e-01	 -1.120585551047e-01	  0.000000000000e+00	 -4.651443265053e-01	
  3.030000000000e+02	  4.500000000000e+01	  7.200000000000e+00	  1.200756978467e-01	 -1.917412115698e+00	  2.000000000000e-02	  1.750000000000e-02	  1.000000000000e-02	  0.000000000000e+00	  2.400000000000e-03	  1.147755776051e-02	  9.056649831840e-03	  1.182053185679e+00	 -1.309532849690e-01	 -9.999000000000e+01	  1.152582398484e+01	 -8.631020506760e+00	 -4.662286989514e+00	 -2.557658337262e+00	 -5.086946395756e+00	 -4.459800010181e-01	 -4.705955190767e-01	 -1.122074399748e-01	  0.000000000000e+00	 -4.657924911628e-01	
  3.040000000000e+02	  4.500000000000e+01	  7.200000000000e+00	  1.209517884023e-01	 -2.916596179373e+00	  2.000000000000e-02	  1.750000000000e-02	  1.200000000000e-02	  0.000000000000e+00	  2.400000000000e-03	  1.334085610194e-02	  1.086881372325e-02	  1.259936835154e+00	 -1.319645303996e-01	 -9.999000000000e+01	  1.152236968338e+01	 -8.631020506760e+00	 -4.662286989514e+00	 -2.557658337262e+00	 -5.086946395756e+00	 -4.469110231276e-01	 -4.717061397501e-01	 -1.124544414009e-01	  0.000000000000e+00	 -4.668680682140e-01	
  3.050000000000e+02	  4.500000000000e+01	  7.200000000000e+00	  1.227061471846e-01	 -4.858569267732e+00	  2.000000000000e-02	  1.750000000000e-02	  1.600000000000e-02	  0.000000000000e+00	  2.400000000000e-03	  1.706739477439e-02	  1.449395355217e-02	  1.382306444726e+00	 -1.339853942380e-01	 -9.999000000000e+01	  1.151548467393e+01	 -8.631020506760e+00	 -4.662286989514e+00	 -2.557658337262e+00	 -5.086946395756e+00	 -4.487552494181e-01	 -4.739100095910e-01	 -1.129442086332e-01	  0.000000000000e+00	 -4.690017637036e-01	
  3.060000000000e+02	  4.500000000000e+01	  7.200000000000e+00	  1.262230580151e-01	 -8.530900198584e+00	  2.000000000000e-02	  1.750000000000e-02	  2.400000000000e-02	  0.000000000000e+00	  2.400000000000e-03	  2.452030535208e-02	  2.174740801861e-02	  1.553360906981e+00	 -1.380185548081e-01	 -9.999000000000e+01	  1.150181187114e+01	 -8.631020506760e+00	 -4.662286989514e+00	 -2.557658337262e+00	 -5.086946395756e+00	 -4.523737440056e-01	 -4.782494708987e-01	 -1.139071094025e-01	  0.000000000000e+00	 -4.732005485781e-01	
  3.070000000000e+02	  5.500000000000e+01	  7.200000000000e+00	  1.154674169923e-01	 -9.712164081835e-01	  2.000000000000e-02	  1.750000000000e-02	  8.000000000000e-03	  0.000000000000e+00	  2.400000000000e-03	  9.707912271997e-03	  7.220547662232e-03	  1.206451558272e+00	 -1.228021406747e-01	 -9.999000000000e+01	  1.206855991119e+01	 -8.742475689895e+00	 -4.742362780561e+00	 -2.487639798872e+00	 -5.843767846152e+00	 -4.495442836130e-01	 -4.732151040965e-01	 -1.129537533166e-01	  0.000000000000e+00	 -4.685964074168e-01	
  3.080000000000e+02	  5.500000000000e+01	  7.200000000000e+00	  1.158121979195e-01	 -1.392007831583e+00	  2.000000000000e-02	  1.750000000000e-02	  8.800000000000e-03	  0.000000000000e+00	  2.400000000000e-03	  1.045752579505e-02	  7.942914000279e-03	  1.247234386982e+00	 -1.232113710128e-01	 -9.999000000000e+01	  1.206695033319e+01	 -8.742475689895e+00	 -4.742362780561e+00	 -2.487639798872e+00	 -5.843767846152e+00	 -4.499333627046e-01	 -4.736748632781e-01	 -1.130563701748e-01	  0.000000000000e+00	 -4.690423753613e-01	
  3.090000000000e+02	  5.500000000000e+01	  7.200000000000e+00	  1.163296812584e-01	 -2.017017402225e+00	  2.000000000000e-02	  1.750000000000e-02	  1.000000000000e-02	  0.000000000000e+00	  2.400000000000e-03	  1.158191112331e-02	  9.026567683890e-03	  1.301840173129e+00	 -1.238253059187e-01	 -9.999000000000e+01	  1.206453917778e+01	 -8.742475689895e+00	 -4.742362780561e+00	 -2.487639798872e+00	 -5.843767846152e+00	 -4.505151898594e-01	 -4.743627745174e-01	 -1.132098716359e-01	  0.000000000000e+00	 -4.697095872670e-01	
  3.100000000000e+02	  5.500000000000e+01	  7.200000000000e+00	  1.171929702043e-01	 -3.042534028657e+00	  2.000000000000e-02	  1.750000000000e-02	  1.200000000000e-02	  0.000000000000e+00	  2.400000000000e-03	  1.345579587571e-02	  1.083293283680e-02	  1.379510761169e+00	 -1.248487102962e-01	 -9.999000000000e+01	  1.206052921257e+01	 -8.742475689895e+00	 -4.742362780561e+00	 -2.487639798872e+00	 -5.843767846152e+00	 -4.514801425943e-01	 -4.755047014861e-01	 -1.134645812978e-01	  0.000000000000e+00	 -4.708169826780e-01	
  3.110000000000e+02	  5.500000000000e+01	  7.200000000000e+00	  1.189225121940e-01	 -5.034947020881e+00	  2.000000000000e-02	  1.750000000000e-02	  1.600000000000e-02	  0.000000000000e+00	  2.400000000000e-03	  1.720324070210e-02	  1.444668284221e-02	  1.501459884850e+00	 -1.268958131698e-01	 -9.999000000000e+01	  1.205254202101e+01	 -8.742475689895e+00	 -4.742362780561e+00	 -2.487639798872e+00	 -5.843767846152e+00	 -4.533923264033e-01	 -4.777714414031e-01	 -1.139698062034e-01	  0.000000000000e+00	 -4.730145409153e-01	
  3.120000000000e+02	  5.500000000000e+01	  7.200000000000e+00	  1.223927363112e-01	 -8.799850173801e+00	  2.000000000000e-02	  1.750000000000e-02	  2.400000000000e-02	  0.000000000000e+00	  2.400000000000e-03	  2.469694694276e-02	  2.167815536897e-02	  1.671695199808e+00	 -1.309884955850e-01	 -9.999000000000e+01	  1.203670109865e+01	 -8.742475689895e+00	 -4.742362780561e+00	 -2.487639798872e+00	 -5.843767846152e+00	 -4.571468213212e-01	 -4.822373322650e-01	 -1.149637103737e-01	  0.000000000000e+00	 -4.773416228126e-01	
  3.130000000000e+02	  2.500000000000e+01	  7.200000000000e+00	  1.506182087766e-01	 -7.545799153713e-01	  2.400000000000e-02	  2.100000000000e-02	  9.600000000000e-03	  0.000000000000e+00	  2.880000000000e-03	  1.128358844513e-02	  8.643958720790e-03	  9.437540562201e-01	 -2.120994490022e-02	 -9.999000000000e+01	  1.067533930607e+01	 -8.447933552417e+00	 -4.548708465533e+00	 -2.711786013751e+00	 -3.421000000000e+00	 -4.586826120567e-01	 -4.895593448559e-01	 -1.160578643702e-01	  0.000000000000e+00	 -4.835346165049e-01	
  3.140000000000e+02	  2.500000000000e+01	  7.200000000000e+00	  1.510339692713e-01	 -1.144323288856e+00	  2.400000000000e-02	  2.100000000000e-02	  1.056000000000e-02	  0.000000000000e+00	  2.880000000000e-03	  1.216272210110e-02	  9.508574567333e-03	  9.847368640582e-01	 -2.160395466138e-02	 -9.999000000000e+01	  1.067427524662e+01	 -8.447933552417e+00	 -4.548708465533e+00	 -2.711786013751e+00	 -3.421000000000e+00	 -4.590210808895e-01	 -4.899830445901e-01	 -1.161503319432e-01	  0.000000000000e+00	 -4.839416858193e-01	
  3.150000000000e+02	  2.500000000000e+01	  7.200000000000e+00	  1.516578681504e-01	 -1.723527635016e+00	  2.400000000000e-02	  2.100000000000e-02	  1.200000000000e-02	  0.000000000000e+00	  2.880000000000e-03	  1.348144538252e-02	  1.080557264437e-02	  1.039641320334e+00	 -2.219484463747e-02	 -9.999000000000e+01	  1.067267949038e+01	 -8.447933552417e+00	 -4.548708465533e+00	 -2.711786013751e+00	 -3.421000000000e+00	 -4.595271277053e-01	 -4.906169906762e-01	 -1.162886427548e-01	  0.000000000000e+00	 -4.845506759501e-01	
  3.160000000000e+02	  2.500000000000e+01	  7.200000000000e+00	  1.526983757589e-01	 -2.674697903155e+00	  2.400000000000e-02	  2.100000000000e-02	  1.440000000000e-02	  0.000000000000e+00	  2.880000000000e-03	  1.567937922189e-02	  1.296743352316e-02	  1.117806266583e+00	 -2.317928084293e-02	 -9.999000000000e+01	  1.067002092258e+01	 -8.447933552417e+00	 -4.548708465533e+00	 -2.711786013751e+00	 -3.421000000000e+00	 -4.603661437267e-01	 -4.916693107573e-01	 -1.165181243224e-01	  0.000000000000e+00	 -4.855613757269e-01	
  3.170000000000e+02	  2.500000000000e+01	  7.200000000000e+00	  1.547818469757e-01	 -4.525583125639e+00	  2.400000000000e-02	  2.100000000000e-02	  1.920000000000e-02	  0.000000000000e+00	  2.880000000000e-03	  2.007548413895e-02	  1.729189061164e-02	  1.240731510094e+00	 -2.514641762355e-02	 -9.999000000000e+01	  1.066470852322e+01	 -8.447933552417e+00	 -4.548708465533e+00	 -2.711786013751e+00	 -3.421000000000e+00	 -4.620278411653e-01	 -4.937581197953e-01	 -1.169732347945e-01	  0.000000000000e+00	 -4.875668459163e-01	
  3.180000000000e+02	  2.500000000000e+01	  7.200000000000e+00	  1.589580355980e-01	 -8.033796963098e+00	  2.400000000000e-02	  2.100000000000e-02	  2.880000000000e-02	  0.000000000000e+00	  2.880000000000e-03	  2.886868435873e-02	  2.594370719164e-02	  1.412870544064e+00	 -2.907154830497e-02	 -9.999000000000e+01	  1.065410899270e+01	 -8.447933552417e+00	 -4.548708465533e+00	 -2.711786013751e+00	 -3.421000000000e+00	 -4.652870540970e-01	 -4.978734513945e-01	 -1.178683120740e-01	  0.000000000000e+00	 -4.915151299706e-01	
  3.190000000000e+02	  3.500000000000e+01	  7.200000000000e+00	  1.462041706421e-01	 -8.476310492576e-01	  2.400000000000e-02	  2.100000000000e-02	  9.600000000000e-03	  0.000000000000e+00	  2.880000000000e-03	  1.145376116152e-02	  8.694500415691e-03	  1.082567537730e+00	 -3.587222310047e-02	 -9.999000000000e+01	  1.132316207897e+01	 -8.532554079179e+00	 -4.597117738767e+00	 -2.632221320785e+00	 -4.281004617572e+00	 -4.627214651081e-01	 -4.926933200897e-01	 -1.169165417668e-01	  0.000000000000e+00	 -4.868451532641e-01	
  3.200000000000e+02	  3.500000000000e+01	  7.200000000000e+00	  1.466216173662e-01	 -1.249658633260e+00	  2.400000000000e-02	  2.100000000000e-02	  1.056000000000e-02	  0.000000000000e+00	  2.880000000000e-03	  1.234345754274e-02	  9.564204264160e-03	  1.123494338483e+00	 -3.626313965984e-02	 -9.999000000000e+01	  1.132199162462e+01	 -8.532554079179e+00	 -4.597117738767e+00	 -2.632221320785e+00	 -4.281004617572e+00	 -4.630781504715e-01	 -4.931355820316e-01	 -1.170133812509e-01	  0.000000000000e+00	 -4.872707173369e-01	
  3.210000000000e+02	  3.500000000000e+01	  7.200000000000e+00	  1.472480821784e-01	 -1.846980316964e+00	  2.400000000000e-02	  2.100000000000e-02	  1.200000000000e-02	  0.000000000000e+00	  2.880000000000e-03	  1.367800647337e-02	  1.086884544164e-02	  1.178315169044e+00	 -3.684955381752e-02	 -9.999000000000e+01	  1.132023668466e+01	 -8.532554079179e+00	 -4.597117738767e+00	 -2.632221320785e+00	 -4.281004617572e+00	 -4.636114173566e-01	 -4.937972742032e-01	 -1.171582255709e-01	  0.000000000000e+00	 -4.879073509160e-01	
  3.220000000000e+02	  3.500000000000e+01	  7.200000000000e+00	  1.482929615956e-01	 -2.827542542533e+00	  2.400000000000e-02	  2.100000000000e-02	  1.440000000000e-02	  0.000000000000e+00	  2.880000000000e-03	  1.590226776453e-02	  1.304347396619e-02	  1.256341754783e+00	 -3.782695809817e-02	 -9.999000000000e+01	  1.131731390005e+01	 -8.532554079179e+00	 -4.597117738767e+00	 -2.632221320785e+00	 -4.281004617572e+00	 -4.644955211283e-01	 -4.948955782554e-01	 -1.173985313746e-01	  0.000000000000e+00	 -4.889638597916e-01	
  3.230000000000e+02	  3.500000000000e+01	  7.200000000000e+00	  1.503855186450e-01	 -4.734329671085e+00	  2.400000000000e-02	  2.100000000000e-02	  1.920000000000e-02	  0.000000000000e+00	  2.880000000000e-03	  2.035084875884e-02	  1.739357268558e-02	  1.378994014635e+00	 -3.978157377839e-02	 -9.999000000000e+01	  1.131147714632e+01	 -8.532554079179e+00	 -4.597117738767e+00	 -2.632221320785e+00	 -4.281004617572e+00	 -4.662463501021e-01	 -4.970753814243e-01	 -1.178750470551e-01	  0.000000000000e+00	 -4.910599606785e-01	
  3.240000000000e+02	  3.500000000000e+01	  7.200000000000e+00	  1.545811402058e-01	 -8.343763228305e+00	  2.400000000000e-02	  2.100000000000e-02	  2.880000000000e-02	  0.000000000000e+00	  2.880000000000e-03	  2.924831188840e-02	  2.609707593679e-02	  1.550601491589e+00	 -4.368739446099e-02	 -9.999000000000e+01	  1.129984512256e+01	 -8.532554079179e+00	 -4.597117738767e+00	 -2.632221320785e+00	 -4.281004617572e+00	 -4.696796791473e-01	 -5.013688128895e-01	 -1.188119665154e-01	  0.000000000000e+00	 -4.951855672813e-01	
  3.250000000000e+02	  4.500000000000e+01	  7.200000000000e+00	  1.417338768978e-01	 -9.291827273079e-01	  2.400000000000e-02	  2.100000000000e-02	  9.600000000000e-03	  0.000000000000e+00	  2.880000000000e-03	  1.159036167298e-02	  8.698666556442e-03	  1.210350168322e+00	 -3.979523916127e-02	 -9.999000000000e+01	  1.191067079381e+01	 -8.631020506760e+00	 -4.662286989514e+00	 -2.557658337262e+00	 -5.086946395756e+00	 -4.671926380727e-01	 -4.962480828367e-01	 -1.178795931816e-01	  0.000000000000e+00	 -4.905787277608e-01	
  3.260000000000e+02	  4.500000000000e+01	  7.200000000000e+00	  1.421483227247e-01	 -1.342812332256e+00	  2.400000000000e-02	  2.100000000000e-02	  1.056000000000e-02	  0.000000000000e+00	  2.880000000000e-03	  1.248756441585e-02	  9.568844237654e-03	  1.251203927561e+00	 -4.018693123550e-02	 -9.999000000000e+01	  1.190933035281e+01	 -8.631020506760e+00	 -4.662286989514e+00	 -2.557658337262e+00	 -5.086946395756e+00	 -4.675651857277e-01	 -4.967055918863e-01	 -1.179801102527e-01	  0.000000000000e+00	 -4.910196589773e-01	
  3.270000000000e+02	  4.500000000000e+01	  7.200000000000e+00	  1.427703597625e-01	 -1.957268800921e+00	  2.400000000000e-02	  2.100000000000e-02	  1.200000000000e-02	  0.000000000000e+00	  2.880000000000e-03	  1.383334631952e-02	  1.087421506098e-02	  1.305915681409e+00	 -4.077471923102e-02	 -9.999000000000e+01	  1.190732105557e+01	 -8.631020506760e+00	 -4.662286989514e+00	 -2.557658337262e+00	 -5.086946395756e+00	 -4.681222080424e-01	 -4.973901317937e-01	 -1.181304635569e-01	  0.000000000000e+00	 -4.916793174032e-01	
  3.280000000000e+02	  4.500000000000e+01	  7.200000000000e+00	  1.438080516922e-01	 -2.965689511078e+00	  2.400000000000e-02	  2.100000000000e-02	  1.440000000000e-02	  0.000000000000e+00	  2.880000000000e-03	  1.607625931181e-02	  1.305010942448e-02	  1.383761755120e+00	 -4.175496112121e-02	 -9.999000000000e+01	  1.190397600501e+01	 -8.631020506760e+00	 -4.662286989514e+00	 -2.557658337262e+00	 -5.086946395756e+00	 -4.690457989249e-01	 -4.985264495218e-01	 -1.183799302435e-01	  0.000000000000e+00	 -4.927741274542e-01	
  3.290000000000e+02	  4.500000000000e+01	  7.200000000000e+00	  1.458869279908e-01	 -4.925673563641e+00	  2.400000000000e-02	  2.100000000000e-02	  1.920000000000e-02	  0.000000000000e+00	  2.880000000000e-03	  2.056188760312e-02	  1.740292228079e-02	  1.506057717928e+00	 -4.371721873878e-02	 -9.999000000000e+01	  1.189730096368e+01	 -8.631020506760e+00	 -4.662286989514e+00	 -2.557658337262e+00	 -5.086946395756e+00	 -4.708751828491e-01	 -5.007820030873e-01	 -1.188746833583e-01	  0.000000000000e+00	 -4.949465259676e-01	
  3.300000000000e+02	  4.500000000000e+01	  7.200000000000e+00	  1.500577752632e-01	 -8.632168806808e+00	  2.400000000000e-02	  2.100000000000e-02	  2.880000000000e-02	  0.000000000000e+00	  2.880000000000e-03	  2.953246570411e-02	  2.611255269589e-02	  1.676970882095e+00	 -4.764556351773e-02	 -9.999000000000e+01	  1.188401731699e+01	 -8.631020506760e+00	 -4.662286989514e+00	 -2.557658337262e+00	 -5.086946395756e+00	 -4.744637801644e-01	 -5.052256240933e-01	 -1.198476964998e-01	  0.000000000000e+00	 -4.992233130828e-01	
  3.310000000000e+02	  5.500000000000e+01	  7.200000000000e+00	  1.373020410044e-01	 -1.003926211059e+00	  2.400000000000e-02	  2.100000000000e-02	  9.600000000000e-03	  0.000000000000e+00	  2.880000000000e-03	  1.170558088821e-02	  8.666260737764e-03	  1.329335266025e+00	 -3.432702019424e-02	 -9.999000000000e+01	  1.244479837873e+01	 -8.742475689895e+00	 -4.742362780561e+00	 -2.487639798872e+00	 -5.843767846152e+00	 -4.721396863033e-01	 -5.002866047092e-01	 -1.189600427682e-01	  0.000000000000e+00	 -4.947945230691e-01	
  3.320000000000e+02	  5.500000000000e+01	  7.200000000000e+00	  1.377090855351e-01	 -1.428745105338e+00	  2.400000000000e-02	  2.100000000000e-02	  1.056000000000e-02	  0.000000000000e+00	  2.880000000000e-03	  1.260831746412e-02	  9.533287662394e-03	  1.370094237082e+00	 -3.472568524849e-02	 -9.999000000000e+01	  1.244320872753e+01	 -8.742475689895e+00	 -4.742362780561e+00	 -2.487639798872e+00	 -5.843767846152e+00	 -4.725252326843e-01	 -5.007555952190e-01	 -1.190634302593e-01	  0.000000000000e+00	 -4.952472317976e-01	
  3.330000000000e+02	  5.500000000000e+01	  7.200000000000e+00	  1.383201415118e-01	 -2.059755480718e+00	  2.400000000000e-02	  2.100000000000e-02	  1.200000000000e-02	  0.000000000000e+00	  2.880000000000e-03	  1.396236087659e-02	  1.083396204531e-02	  1.424664453218e+00	 -3.532416859137e-02	 -9.999000000000e+01	  1.244082662586e+01	 -8.742475689895e+00	 -4.742362780561e+00	 -2.487639798872e+00	 -5.843767846152e+00	 -4.731018038771e-01	 -5.014574328870e-01	 -1.192181043342e-01	  0.000000000000e+00	 -4.959246272265e-01	
  3.340000000000e+02	  5.500000000000e+01	  7.200000000000e+00	  1.393398475695e-01	 -3.095163375949e+00	  2.400000000000e-02	  2.100000000000e-02	  1.440000000000e-02	  0.000000000000e+00	  2.880000000000e-03	  1.621893994746e-02	  1.300210723557e-02	  1.502276334611e+00	 -3.632284728381e-02	 -9.999000000000e+01	  1.243686293227e+01	 -8.742475689895e+00	 -4.742362780561e+00	 -2.487639798872e+00	 -5.843767846152e+00	 -4.740581018033e-01	 -5.026227705550e-01	 -1.194748101526e-01	  0.000000000000e+00	 -4.970491766522e-01	
  3.350000000000e+02	  5.500000000000e+01	  7.200000000000e+00	  1.413838948291e-01	 -5.106932956481e+00	  2.400000000000e-02	  2.100000000000e-02	  1.920000000000e-02	  0.000000000000e+00	  2.880000000000e-03	  2.073152383104e-02	  1.733970877311e-02	  1.624110201690e+00	 -3.832415626433e-02	 -9.999000000000e+01	  1.242896072439e+01	 -8.742475689895e+00	 -4.742362780561e+00	 -2.487639798872e+00	 -5.843767846152e+00	 -4.759533078405e-01	 -5.049370062805e-01	 -1.199841673203e-01	  0.000000000000e+00	 -4.992816504873e-01	
  3.360000000000e+02	  5.500000000000e+01	  7.200000000000e+00	  1.454893519472e-01	 -8.908775445923e+00	  2.400000000000e-02	  2.100000000000e-02	  2.880000000000e-02	  0.000000000000e+00	  2.880000000000e-03	  2.975458073970e-02	  2.602001746337e-02	  1.794123555779e+00	 -4.233850288046e-02	 -9.999000000000e+01	  1.241326310954e+01	 -8.742475689895e+00	 -4.742362780561e+00	 -2.487639798872e+00	 -5.843767846152e+00	 -4.796747414900e-01	 -5.095000586392e-01	 -1.209867786319e-01	  0.000000000000e+00	 -5.036804845613e-01	
  3.370000000000e+02	  2.500000000000e+01	  7.200000000000e+00	  1.744199489542e-01	 -7.784151042409e-01	  2.800000000000e-02	  2.450000000000e-02	  1.120000000000e-02	  0.000000000000e+00	  3.360000000000e-03	  1.321592171075e-02	  1.009647612312e-02	  1.050152631510e+00	  5.735279681787e-02	 -9.999000000000e+01	  1.100719470765e+01	 -8.447933552417e+00	 -4.548708465533e+00	 -2.711786013751e+00	 -3.421000000000e+00	 -4.765857872524e-01	 -5.123418767880e-01	 -1.209981497714e-01	  0.000000000000e+00	 -5.053650788298e-01	
  3.380000000000e+02	  2.500000000000e+01	  7.200000000000e+00	  1.749002212992e-01	 -1.171047699339e+00	  2.800000000000e-02	  2.450000000000e-02	  1.232000000000e-02	  0.000000000000e+00	  3.360000000000e-03	  1.424408766266e-02	  1.110637879040e-02	  1.091135514197e+00	  5.697622932727e-02	 -9.999000000000e+01	  1.100621334789e+01	 -8.447933552417e+00	 -4.548708465533e+00	 -2.711786013751e+00	 -3.421000000000e+00	 -4.769187165540e-01	 -5.127732619204e-01	 -1.210910506503e-01	  0.000000000000e+00	 -5.057772530684e-01	
  3.390000000000e+02	  2.500000000000e+01	  7.200000000000e+00	  1.756210182034e-01	 -1.754548060390e+00	  2.800000000000e-02	  2.450000000000e-02	  1.400000000000e-02	  0.000000000000e+00	  3.360000000000e-03	  1.578635421499e-02	  1.262131914386e-02	  1.146040108352e+00	  5.641115734034e-02	 -9.999000000000e+01	  1.100474050978e+01	 -8.447933552417e+00	 -4.548708465533e+00	 -2.711786013751e+00	 -3.421000000000e+00	 -4.774164568192e-01	 -5.134187655509e-01	 -1.212300169283e-01	  0.000000000000e+00	 -5.063939248228e-01	
  3.400000000000e+02	  2.500000000000e+01	  7.200000000000e+00	  1.768233625331e-01	 -2.712777422259e+00	  2.800000000000e-02	  2.450000000000e-02	  1.680000000000e-02	  0.000000000000e+00	  3.360000000000e-03	  1.835684710475e-02	  1.514644934333e-02	  1.224205356610e+00	  5.546885375246e-02	 -9.999000000000e+01	  1.100228386549e+01	 -8.447933552417e+00	 -4.548708465533e+00	 -2.711786013751e+00	 -3.421000000000e+00	 -4.782416311057e-01	 -5.144904204250e-01	 -1.214606042598e-01	  0.000000000000e+00	 -5.074174859237e-01	
  3.410000000000e+02	  2.500000000000e+01	  7.200000000000e+00	  1.792317348548e-01	 -4.577402738970e+00	  2.800000000000e-02	  2.450000000000e-02	  2.240000000000e-02	  0.000000000000e+00	  3.360000000000e-03	  2.349802581663e-02	  2.019756620945e-02	  1.347131499341e+00	  5.358277043874e-02	 -9.999000000000e+01	  1.099736478540e+01	 -8.447933552417e+00	 -4.548708465533e+00	 -2.711786013751e+00	 -3.421000000000e+00	 -4.798756241121e-01	 -5.166181297573e-01	 -1.219179675276e-01	  0.000000000000e+00	 -5.094488603631e-01	
  3.420000000000e+02	  2.500000000000e+01	  7.200000000000e+00	  1.840622953756e-01	 -8.111599342114e+00	  2.800000000000e-02	  2.450000000000e-02	  3.360000000000e-02	  0.000000000000e+00	  3.360000000000e-03	  3.378123010940e-02	  3.030318905671e-02	  1.519273675216e+00	  4.980799764246e-02	 -9.999000000000e+01	  1.098751334403e+01	 -8.447933552417e+00	 -4.548708465533e+00	 -2.711786013751e+00	 -3.421000000000e+00	 -4.830791353835e-01	 -5.208119059355e-01	 -1.228176552947e-01	  0.000000000000e+00	 -5.134494141204e-01	
  3.430000000000e+02	  3.500000000000e+01	  7.200000000000e+00	  1.692808000625e-01	 -8.723071167179e-01	  2.800000000000e-02	  2.450000000000e-02	  1.120000000000e-02	  0.000000000000e+00	  3.360000000000e-03	  1.341419930932e-02	  1.015179370879e-02	  1.188111543100e+00	  4.118154886373e-02	 -9.999000000000e+01	  1.164973707284e+01	 -8.532554079179e+00	 -4.597117738767e+00	 -2.632221320785e+00	 -4.281004617572e+00	 -4.809578296028e-01	 -5.156603936156e-01	 -1.219145415572e-01	  0.000000000000e+00	 -5.088891616131e-01	
  3.440000000000e+02	  3.500000000000e+01	  7.200000000000e+00	  1.697622565822e-01	 -1.277390789067e+00	  2.800000000000e-02	  2.450000000000e-02	  1.232000000000e-02	  0.000000000000e+00	  3.360000000000e-03	  1.445482145698e-02	  1.116727440610e-02	  1.229033655355e+00	  4.080701178833e-02	 -9.999000000000e+01	  1.164863667440e+01	 -8.532554079179e+00	 -4.597117738767e+00	 -2.632221320785e+00	 -4.281004617572e+00	 -4.813088218098e-01	 -5.161100844092e-01	 -1.220117521200e-01	  0.000000000000e+00	 -5.093195941459e-01	
  3.450000000000e+02	  3.500000000000e+01	  7.200000000000e+00	  1.704848829807e-01	 -1.879260996465e+00	  2.800000000000e-02	  2.450000000000e-02	  1.400000000000e-02	  0.000000000000e+00	  3.360000000000e-03	  1.601574823205e-02	  1.269059697066e-02	  1.283847513903e+00	  4.024479974834e-02	 -9.999000000000e+01	  1.164698571498e+01	 -8.532554079179e+00	 -4.597117738767e+00	 -2.632221320785e+00	 -4.281004617572e+00	 -4.818335634795e-01	 -5.167829644905e-01	 -1.221571619100e-01	  0.000000000000e+00	 -5.099635691713e-01	
  3.460000000000e+02	  3.500000000000e+01	  7.200000000000e+00	  1.716904149999e-01	 -2.867308324340e+00	  2.800000000000e-02	  2.450000000000e-02	  1.680000000000e-02	  0.000000000000e+00	  3.360000000000e-03	  1.861727804427e-02	  1.522973734005e-02	  1.361862644799e+00	  3.930677947910e-02	 -9.999000000000e+01	  1.164423336971e+01	 -8.532554079179e+00	 -4.597117738767e+00	 -2.632221320785e+00	 -4.281004617572e+00	 -4.827034911910e-01	 -5.179000262660e-01	 -1.223984320651e-01	  0.000000000000e+00	 -5.110324096660e-01	
  3.470000000000e+02	  3.500000000000e+01	  7.200000000000e+00	  1.741056601216e-01	 -4.788702447267e+00	  2.800000000000e-02	  2.450000000000e-02	  2.240000000000e-02	  0.000000000000e+00	  3.360000000000e-03	  2.382029751555e-02	  2.030901975080e-02	  1.484492633972e+00	  3.742752693812e-02	 -9.999000000000e+01	  1.163872728344e+01	 -8.532554079179e+00	 -4.597117738767e+00	 -2.632221320785e+00	 -4.281004617572e+00	 -4.844260518889e-01	 -5.201177122138e-01	 -1.228769477522e-01	  0.000000000000e+00	 -5.131534858089e-01	
  3.480000000000e+02	  3.500000000000e+01	  7.200000000000e+00	  1.789517979886e-01	 -8.425883145733e+00	  2.800000000000e-02	  2.450000000000e-02	  3.360000000000e-02	  0.000000000000e+00	  3.360000000000e-03	  3.422628661339e-02	  3.047152399216e-02	  1.656058249034e+00	  3.366001473296e-02	 -9.999000000000e+01	  1.162771945286e+01	 -8.532554079179e+00	 -4.597117738767e+00	 -2.632221320785e+00	 -4.281004617572e+00	 -4.878029143250e-01	 -5.244880329127e-01	 -1.238180773302e-01	  0.000000000000e+00	 -5.173299609931e-01	
  3.490000000000e+02	  4.500000000000e+01	  7.200000000000e+00	  1.640994072122e-01	 -9.553050290856e-01	  2.800000000000e-02	  2.450000000000e-02	  1.120000000000e-02	  0.000000000000e+00	  3.360000000000e-03	  1.357509100527e-02	  1.015313266796e-02	  1.315019581133e+00	  3.580192552885e-02	 -9.999000000000e+01	  1.223248466783e+01	 -8.631020506760e+00	 -4.662286989514e+00	 -2.557658337262e+00	 -5.086946395756e+00	 -4.858038329263e-01	 -5.194442114048e-01	 -1.229456498036e-01	  0.000000000000e+00	 -5.128802351163e-01	
  3.500000000000e+02	  4.500000000000e+01	  7.200000000000e+00	  1.645763909932e-01	 -1.372182498734e+00	  2.800000000000e-02	  2.450000000000e-02	  1.232000000000e-02	  0.000000000000e+00	  3.360000000000e-03	  1.462475225519e-02	  1.116882321125e-02	  1.355862501212e+00	  3.542485916091e-02	 -9.999000000000e+01	  1.223119659542e+01	 -8.631020506760e+00	 -4.662286989514e+00	 -2.557658337262e+00	 -5.086946395756e+00	 -4.861703391522e-01	 -5.199084993058e-01	 -1.230464018810e-01	  0.000000000000e+00	 -5.133254436661e-01	
  3.510000000000e+02	  4.500000000000e+01	  7.200000000000e+00	  1.652924106427e-01	 -1.991479085534e+00	  2.800000000000e-02	  2.450000000000e-02	  1.400000000000e-02	  0.000000000000e+00	  3.360000000000e-03	  1.619920242354e-02	  1.269248560628e-02	  1.410558100397e+00	  3.485861667825e-02	 -9.999000000000e+01	  1.222926479051e+01	 -8.631020506760e+00	 -4.662286989514e+00	 -2.557658337262e+00	 -5.086946395756e+00	 -4.867183355866e-01	 -5.206032797684e-01	 -1.231971225822e-01	  0.000000000000e+00	 -5.139915833426e-01	
  3.520000000000e+02	  4.500000000000e+01	  7.200000000000e+00	  1.664871985152e-01	 -3.007880254874e+00	  2.800000000000e-02	  2.450000000000e-02	  1.680000000000e-02	  0.000000000000e+00	  3.360000000000e-03	  1.882317848628e-02	  1.523225833407e-02	  1.488377529961e+00	  3.391326515926e-02	 -9.999000000000e+01	  1.222604615195e+01	 -8.631020506760e+00	 -4.662286989514e+00	 -2.557658337262e+00	 -5.086946395756e+00	 -4.876269718630e-01	 -5.217568475586e-01	 -1.234472390438e-01	  0.000000000000e+00	 -5.150973596180e-01	
  3.530000000000e+02	  4.500000000000e+01	  7.200000000000e+00	  1.688819190818e-01	 -4.983490296401e+00	  2.800000000000e-02	  2.450000000000e-02	  2.240000000000e-02	  0.000000000000e+00	  3.360000000000e-03	  2.407075111810e-02	  2.031304721339e-02	  1.610621271541e+00	  3.201715632607e-02	 -9.999000000000e+01	  1.221961420649e+01	 -8.631020506760e+00	 -4.662286989514e+00	 -2.557658337262e+00	 -5.086946395756e+00	 -4.894267267020e-01	 -5.240475201138e-01	 -1.239434178059e-01	  0.000000000000e+00	 -5.172922433505e-01	
  3.540000000000e+02	  4.500000000000e+01	  7.200000000000e+00	  1.736905903932e-01	 -8.719839236769e+00	  2.800000000000e-02	  2.450000000000e-02	  3.360000000000e-02	  0.000000000000e+00	  3.360000000000e-03	  3.456455097487e-02	  3.047948928015e-02	  1.781434352276e+00	  2.820792324164e-02	 -9.999000000000e+01	  1.220678176125e+01	 -8.631020506760e+00	 -4.662286989514e+00	 -2.557658337262e+00	 -5.086946395756e+00	 -4.929568276365e-01	 -5.285633986671e-01	 -1.249196869627e-01	  0.000000000000e+00	 -5.216157750514e-01	
  3.550000000000e+02	  5.500000000000e+01	  7.200000000000e+00	  1.589830526574e-01	 -1.032071962772e+00	  2.800000000000e-02	  2.450000000000e-02	  1.120000000000e-02	  0.000000000000e+00	  3.360000000000e-03	  1.371263980373e-02	  1.011178356009e-02	  1.433105470128e+00	  3.989789579728e-02	 -9.999000000000e+01	  1.276232302202e+01	 -8.742475689895e+00	 -4.742362780561e+00	 -2.487639798872e+00	 -5.843767846152e+00	 -4.911658612824e-01	 -5.237573870772e-01	 -1.241044924193e-01	  0.000000000000e+00	 -5.173980649709e-01	
  3.560000000000e+02	  5.500000000000e+01	  7.200000000000e+00	  1.594502475234e-01	 -1.460353325263e+00	  2.800000000000e-02	  2.450000000000e-02	  1.232000000000e-02	  0.000000000000e+00	  3.360000000000e-03	  1.476917090380e-02	  1.112345732737e-02	  1.473845910683e+00	  3.951137133621e-02	 -9.999000000000e+01	  1.276076247815e+01	 -8.742475689895e+00	 -4.742362780561e+00	 -2.487639798872e+00	 -5.843767846152e+00	 -4.915447668628e-01	 -5.242320676050e-01	 -1.242078935600e-01	  0.000000000000e+00	 -5.178540577041e-01	
  3.570000000000e+02	  5.500000000000e+01	  7.200000000000e+00	  1.601517487659e-01	 -2.096531358909e+00	  2.800000000000e-02	  2.450000000000e-02	  1.400000000000e-02	  0.000000000000e+00	  3.360000000000e-03	  1.635387346452e-02	  1.264113357769e-02	  1.528388491922e+00	  3.893067828219e-02	 -9.999000000000e+01	  1.275842305345e+01	 -8.742475689895e+00	 -4.742362780561e+00	 -2.487639798872e+00	 -5.843767846152e+00	 -4.921114474757e-01	 -5.249425559727e-01	 -1.243626124313e-01	  0.000000000000e+00	 -5.185364860221e-01	
  3.580000000000e+02	  5.500000000000e+01	  7.200000000000e+00	  1.613227700027e-01	 -3.140479088742e+00	  2.800000000000e-02	  2.450000000000e-02	  1.680000000000e-02	  0.000000000000e+00	  3.360000000000e-03	  1.899479929004e-02	  1.517103215429e-02	  1.605954746638e+00	  3.796056184872e-02	 -9.999000000000e+01	  1.275452795796e+01	 -8.742475689895e+00	 -4.742362780561e+00	 -2.487639798872e+00	 -5.843767846152e+00	 -4.930514380918e-01	 -5.261226059423e-01	 -1.246194546888e-01	  0.000000000000e+00	 -5.196696951422e-01	
  3.590000000000e+02	  5.500000000000e+01	  7.200000000000e+00	  1.636715128804e-01	 -5.169034410657e+00	  2.800000000000e-02	  2.450000000000e-02	  2.240000000000e-02	  0.000000000000e+00	  3.360000000000e-03	  2.427576952687e-02	  2.023244951706e-02	  1.727698992216e+00	  3.601251087936e-02	 -9.999000000000e+01	  1.274675405718e+01	 -8.742475689895e+00	 -4.742362780561e+00	 -2.487639798872e+00	 -5.843767846152e+00	 -4.949146211734e-01	 -5.284672813139e-01	 -1.251292967775e-01	  0.000000000000e+00	 -5.219204207987e-01	
  3.600000000000e+02	  5.500000000000e+01	  7.200000000000e+00	  1.683940221044e-01	 -9.003152056806e+00	  2.800000000000e-02	  2.450000000001e-02	  3.360000000001e-02	  0.000000000000e+00	  3.360000000001e-03	  3.483445887796e-02	  3.036159188570e-02	  1.897539694882e+00	  3.209073281003e-02	 -9.999000000000e+01	  1.273128170558e+01	 -8.742475689895e+00	 -4.742362780561e+00	 -2.487639798872e+00	 -5.843767846152e+00	 -4.985738749645e-01	 -5.330946494959e-01	 -1.261335891644e-01	  0.000000000000e+00	 -5.263588886117e-01	
  3.610000000000e+02	  2.500000000000e+01	  7.200000000000e+00	  1.980563925324e-01	 -7.992767634386e-01	  3.200000000000e-02	  2.800000000000e-02	  1.280000000000e-02	  0.000000000000e+00	  3.840000000000e-03	  1.515522858456e-02	  1.155079744126e-02	  1.142394335432e+00	  1.249952327293e-01	 -9.999000000000e+01	  1.129455129160e+01	 -8.447933552417e+00	 -4.548708465533e+00	 -2.711786013751e+00	 -3.421000000000e+00	 -4.918397728747e-01	 -5.324413333438e-01	 -1.252997889419e-01	  0.000000000000e+00	 -5.245190776425e-01	
  3.620000000000e+02	  2.500000000000e+01	  7.200000000000e+00	  1.985997420605e-01	 -1.194470397876e+00	  3.200000000000e-02	  2.800000000000e-02	  1.408000000000e-02	  0.000000000000e+00	  3.840000000000e-03	  1.633287505225e-02	  1.270616467252e-02	  1.183379726404e+00	  1.246372469044e-01	 -9.999000000000e+01	  1.129365560531e+01	 -8.447933552417e+00	 -4.548708465533e+00	 -2.711786013751e+00	 -3.421000000000e+00	 -4.921652543249e-01	 -5.328782014473e-01	 -1.253926596580e-01	  0.000000000000e+00	 -5.249342117648e-01	
  3.630000000000e+02	  2.500000000000e+01	  7.200000000000e+00	  1.994153158348e-01	 -1.781783094819e+00	  3.200000000000e-02	  2.800000000000e-02	  1.600000000000e-02	  0.000000000000e+00	  3.840000000000e-03	  1.809935433754e-02	  1.443931312284e-02	  1.238288079284e+00	  1.240996773068e-01	 -9.999000000000e+01	  1.129231004572e+01	 -8.447933552417e+00	 -4.548708465533e+00	 -2.711786013751e+00	 -3.421000000000e+00	 -4.926518428457e-01	 -5.335319825918e-01	 -1.255315911269e-01	  0.000000000000e+00	 -5.255553699584e-01	
  3.640000000000e+02	  2.500000000000e+01	  7.200000000000e+00	  2.007760416034e-01	 -2.746287618903e+00	  3.200000000000e-02	  2.800000000000e-02	  1.920000000000e-02	  0.000000000000e+00	  3.840000000000e-03	  2.104351462092e-02	  1.732815366410e-02	  1.316459587968e+00	  1.232022506018e-01	 -9.999000000000e+01	  1.129006233576e+01	 -8.447933552417e+00	 -4.548708465533e+00	 -2.711786013751e+00	 -3.421000000000e+00	 -4.934584785258e-01	 -5.346175670545e-01	 -1.257621466069e-01	  0.000000000000e+00	 -5.265865253903e-01	
  3.650000000000e+02	  2.500000000000e+01	  7.200000000000e+00	  2.035026897658e-01	 -4.623163870390e+00	  3.200000000001e-02	  2.800000000000e-02	  2.560000000000e-02	  0.000000000000e+00	  3.840000000000e-03	  2.693195738061e-02	  2.310680547289e-02	  1.439398272315e+00	  1.214024903119e-01	 -9.999000000000e+01	  1.128554970383e+01	 -8.447933552417e+00	 -4.548708465533e+00	 -2.711786013751e+00	 -3.421000000000e+00	 -4.950555363144e-01	 -5.367735877163e-01	 -1.262195337176e-01	  0.000000000000e+00	 -5.286334801257e-01	
  3.660000000000e+02	  2.500000000000e+01	  7.200000000000e+00	  2.089754097602e-01	 -8.180648299102e+00	  3.200000000002e-02	  2.800000000000e-02	  3.840000000000e-02	  0.000000000000e+00	  3.840000000001e-03	  3.870945057208e-02	  3.466796208648e-02	  1.611565859559e+00	  1.177878587490e-01	 -9.999000000000e+01	  1.127646951531e+01	 -8.447933552417e+00	 -4.548708465533e+00	 -2.711786013751e+00	 -3.421000000000e+00	 -4.981854926839e-01	 -5.410254516848e-01	 -1.271195459870e-01	  0.000000000000e+00	 -5.326664352943e-01	
  3.670000000000e+02	  3.500000000000e+01	  7.200000000000e+00	  1.922016328874e-01	 -8.939381951350e-01	  3.200000000001e-02	  2.800000000000e-02	  1.280000000000e-02	  0.000000000000e+00	  3.840000000000e-03	  1.538174142138e-02	  1.161019253878e-02	  1.279585240579e+00	  1.075330703486e-01	 -9.999000000000e+01	  1.193255288712e+01	 -8.532554079179e+00	 -4.597117738767e+00	 -2.632221320785e+00	 -4.281004617572e+00	 -4.965296847610e-01	 -5.359310195029e-01	 -1.262702649653e-01	  0.000000000000e+00	 -5.282429541875e-01	
  3.680000000000e+02	  3.500000000000e+01	  7.200000000000e+00	  1.927454919466e-01	 -1.301723114691e+00	  3.200000000001e-02	  2.800000000000e-02	  1.408000000000e-02	  0.000000000000e+00	  3.840000000000e-03	  1.657376554119e-02	  1.277155979417e-02	  1.320505456677e+00	  1.071759437702e-01	 -9.999000000000e+01	  1.193152616291e+01	 -8.532554079179e+00	 -4.597117738767e+00	 -2.632221320785e+00	 -4.281004617572e+00	 -4.968729847675e-01	 -5.363858106165e-01	 -1.263673579224e-01	  0.000000000000e+00	 -5.286759909386e-01	
  3.690000000000e+02	  3.500000000000e+01	  7.200000000000e+00	  1.935619025600e-01	 -1.907618872440e+00	  3.200000000001e-02	  2.800000000000e-02	  1.600000000000e-02	  0.000000000000e+00	  3.840000000000e-03	  1.836178103953e-02	  1.451372809809e-02	  1.375316498640e+00	  1.066394572367e-01	 -9.999000000000e+01	  1.192998450660e+01	 -8.532554079179e+00	 -4.597117738767e+00	 -2.632221320785e+00	 -4.281004617572e+00	 -4.973862212198e-01	 -5.370664112446e-01	 -1.265126054517e-01	  0.000000000000e+00	 -5.293239351422e-01	
  3.700000000000e+02	  3.500000000000e+01	  7.200000000000e+00	  1.949242117648e-01	 -2.902303672416e+00	  3.200000000001e-02	  2.800000000000e-02	  1.920000000000e-02	  0.000000000000e+00	  3.840000000000e-03	  2.134175527199e-02	  1.741765374162e-02	  1.453327014234e+00	  1.057433011264e-01	 -9.999000000000e+01	  1.192741120339e+01	 -8.532554079179e+00	 -4.597117738767e+00	 -2.632221320785e+00	 -4.281004617572e+00	 -4.982370546404e-01	 -5.381965180521e-01	 -1.267536408738e-01	  0.000000000000e+00	 -5.303995495816e-01	
  3.710000000000e+02	  3.500000000000e+01	  7.200000000000e+00	  1.976547038969e-01	 -4.836694581113e+00	  3.200000000002e-02	  2.800000000000e-02	  2.560000000000e-02	  0.000000000000e+00	  3.840000000001e-03	  2.730153323631e-02	  2.322666532012e-02	  1.575948101699e+00	  1.039441692920e-01	 -9.999000000000e+01	  1.192225205668e+01	 -8.532554079179e+00	 -4.597117738767e+00	 -2.632221320785e+00	 -4.281004617572e+00	 -4.999216854698e-01	 -5.404408997686e-01	 -1.272318081004e-01	  0.000000000000e+00	 -5.325347116127e-01	
  3.720000000000e+02	  3.500000000000e+01	  7.200000000000e+00	  2.031376024287e-01	 -8.498708207457e+00	  3.200000000000e-02	  2.800000000000e-02	  3.840000000000e-02	  0.000000000000e+00	  3.840000000000e-03	  3.922057248924e-02	  3.484925910850e-02	  1.747497443554e+00	  1.003237915445e-01	 -9.999000000000e+01	  1.191189772841e+01	 -8.532554079179e+00	 -4.597117738767e+00	 -2.632221320785e+00	 -4.281004617572e+00	 -5.032234104046e-01	 -5.448666189025e-01	 -1.281726353632e-01	  0.000000000000e+00	 -5.367411148053e-01	
  3.730000000000e+02	  4.500000000000e+01	  7.200000000000e+00	  1.863205316415e-01	 -9.782635475114e-01	  3.200000000001e-02	  2.800000000000e-02	  1.280000000000e-02	  0.000000000000e+00	  3.840000000001e-03	  1.556737871923e-02	  1.160802183860e-02	  1.405704834902e+00	  1.009129210429e-01	 -9.999000000000e+01	  1.251120679874e+01	 -8.631020506760e+00	 -4.662286989514e+00	 -2.557658337262e+00	 -5.086946395756e+00	 -5.017299420500e-01	 -5.399256510365e-01	 -1.273645786441e-01	  0.000000000000e+00	 -5.324728297708e-01	
  3.740000000000e+02	  4.500000000000e+01	  7.200000000000e+00	  1.868582464469e-01	 -1.398006980315e+00	  3.200000000001e-02	  2.800000000001e-02	  1.408000000000e-02	  0.000000000000e+00	  3.840000000001e-03	  1.677002867769e-02	  1.276926896740e-02	  1.446540206223e+00	  1.005514496216e-01	 -9.999000000000e+01	  1.250997580219e+01	 -8.631020506760e+00	 -4.662286989514e+00	 -2.557658337262e+00	 -5.086946395756e+00	 -5.020883541853e-01	 -5.403942947069e-01	 -1.274650597977e-01	  0.000000000000e+00	 -5.329199648491e-01	
  3.750000000000e+02	  4.500000000000e+01	  7.200000000000e+00	  1.876655759364e-01	 -2.021580589335e+00	  3.200000000001e-02	  2.800000000001e-02	  1.600000000000e-02	  0.000000000000e+00	  3.840000000002e-03	  1.857393799770e-02	  1.451128904598e-02	  1.501224547924e+00	  1.000081850450e-01	 -9.999000000000e+01	  1.250812843809e+01	 -8.631020506760e+00	 -4.662286989514e+00	 -2.557658337262e+00	 -5.086946395756e+00	 -5.026242647768e-01	 -5.410957078437e-01	 -1.276153945096e-01	  0.000000000000e+00	 -5.335890848063e-01	
  3.760000000000e+02	  4.500000000000e+01	  7.200000000000e+00	  1.890131026179e-01	 -3.045048939724e+00	  3.200000000002e-02	  2.800000000001e-02	  1.920000000001e-02	  0.000000000000e+00	  3.840000000003e-03	  2.158028380091e-02	  1.741505176813e-02	  1.579025395205e+00	  9.910005693822e-02	 -9.999000000000e+01	  1.250504750499e+01	 -8.631020506760e+00	 -4.662286989514e+00	 -2.557658337262e+00	 -5.086946395756e+00	 -5.035128961363e-01	 -5.422605821730e-01	 -1.278649194506e-01	  0.000000000000e+00	 -5.347000580682e-01	
  3.770000000000e+02	  4.500000000000e+01	  7.200000000000e+00	  1.917153005921e-01	 -5.034547890992e+00	  3.200000000005e-02	  2.800000000003e-02	  2.560000000001e-02	  0.000000000000e+00	  3.840000000007e-03	  2.759237300651e-02	  2.322404558056e-02	  1.701232678979e+00	  9.727457796431e-02	 -9.999000000000e+01	  1.249888024280e+01	 -8.631020506760e+00	 -4.662286989514e+00	 -2.557658337262e+00	 -5.086946395756e+00	 -5.052731002766e-01	 -5.445747368980e-01	 -1.283600928962e-01	  0.000000000000e+00	 -5.369061248743e-01	
  3.780000000000e+02	  4.500000000000e+01	  7.200000000000e+00	  1.971463242157e-01	 -8.797599124369e+00	  3.200000000000e-02	  2.800000000000e-02	  3.840000000000e-02	  0.000000000000e+00	  3.840000000000e-03	  3.961438835602e-02	  3.484778119692e-02	  1.871975867155e+00	  9.359280369807e-02	 -9.999000000000e+01	  1.248653870909e+01	 -8.631020506760e+00	 -4.662286989514e+00	 -2.557658337262e+00	 -5.086946395756e+00	 -5.087255284857e-01	 -5.491405249499e-01	 -1.293349475034e-01	  0.000000000000e+00	 -5.412546719813e-01	
  3.790000000000e+02	  5.500000000000e+01	  7.200000000000e+00	  1.805321703045e-01	 -1.056887545478e+00	  3.199999999999e-02	  2.800000000002e-02	  1.280000000001e-02	  0.000000000000e+00	  3.840000000005e-03	  1.572798932383e-02	  1.155704381922e-02	  1.522977059466e+00	  1.038451533162e-01	 -9.999000000000e+01	  1.303735335434e+01	 -8.742475689895e+00	 -4.742362780561e+00	 -2.487639798872e+00	 -5.843767846152e+00	 -5.074806816000e-01	 -5.444897765125e-01	 -1.285956206818e-01	  0.000000000000e+00	 -5.372684897003e-01	
  3.800000000000e+02	  5.500000000000e+01	  7.200000000000e+00	  1.810574850977e-01	 -1.488222466959e+00	  3.199999999999e-02	  2.800000000003e-02	  1.408000000001e-02	  0.000000000000e+00	  3.840000000007e-03	  1.693892102754e-02	  1.271334274726e-02	  1.563702931455e+00	  1.034717349775e-01	 -9.999000000000e+01	  1.303582824308e+01	 -8.742475689895e+00	 -4.742362780561e+00	 -2.487639798872e+00	 -5.843767846152e+00	 -5.078508854684e-01	 -5.449676699135e-01	 -1.286985223478e-01	  0.000000000000e+00	 -5.377253705095e-01	
  3.810000000000e+02	  5.500000000000e+01	  7.200000000000e+00	  1.818464294536e-01	 -2.128964747074e+00	  3.200000000000e-02	  2.800000000004e-02	  1.600000000001e-02	  0.000000000000e+00	  3.840000000009e-03	  1.875518590113e-02	  1.444798990267e-02	  1.618223774842e+00	  1.029102608260e-01	 -9.999000000000e+01	  1.303354085965e+01	 -8.742475689895e+00	 -4.742362780561e+00	 -2.487639798872e+00	 -5.843767846152e+00	 -5.084046024610e-01	 -5.456831204990e-01	 -1.288525218193e-01	  0.000000000000e+00	 -5.384092633208e-01	
  3.820000000000e+02	  5.500000000000e+01	  7.200000000000e+00	  1.831638748319e-01	 -3.180472380337e+00	  3.200000000000e-02	  2.800000000000e-02	  1.920000000000e-02	  0.000000000000e+00	  3.840000000000e-03	  2.178194826141e-02	  1.733959441799e-02	  1.695754111856e+00	  1.019710383178e-01	 -9.999000000000e+01	  1.302972965323e+01	 -8.742475689895e+00	 -4.742362780561e+00	 -2.487639798872e+00	 -5.843767846152e+00	 -5.093232117954e-01	 -5.468718061360e-01	 -1.291082411427e-01	  0.000000000000e+00	 -5.395452511427e-01	
  3.830000000000e+02	  5.500000000000e+01	  7.200000000000e+00	  1.858079319908e-01	 -5.223945193153e+00	  3.200000000000e-02	  2.800000000000e-02	  2.560000000000e-02	  0.000000000000e+00	  3.840000000000e-03	  2.783422878848e-02	  2.312474823860e-02	  1.817427724112e+00	  1.000807430363e-01	 -9.999000000000e+01	  1.302211354175e+01	 -8.742475689895e+00	 -4.742362780561e+00	 -2.487639798872e+00	 -5.843767846152e+00	 -5.111443960972e-01	 -5.492350221553e-01	 -1.296161007521e-01	  0.000000000000e+00	 -5.418027048757e-01	
  3.840000000000e+02	  5.500000000000e+01	  7.200000000000e+00	  1.911301840893e-01	 -9.086933439998e+00	  3.200000000000e-02	  2.800000000000e-02	  3.840000000000e-02	  0.000000000000e+00	  3.840000000000e-03	  3.993419367184e-02	  3.470262692417e-02	  1.987132158840e+00	  9.625999570068e-02	 -9.999000000000e+01	  1.300692160201e+01	 -8.742475689895e+00	 -4.742362780561e+00	 -2.487639798872e+00	 -5.843767846152e+00	 -5.147221587777e-01	 -5.539038465160e-01	 -1.306173293627e-01	  0.000000000000e+00	 -5.462586391524e-01	
  3.850000000000e+02	  2.500000000000e+01	  7.200000000000e+00	  2.626981543677e-02	 -8.530199102770e-01	  4.000000000000e-03	  3.500000000000e-03	  4.000000000000e-04	  0.000000000000e+00	  4.800000000000e-04	  7.177846269448e-04	  3.558048112174e-04	 -9.132847273807e-01	 -9.962355384419e-01	 -9.999000000000e+01	  6.661839338539e+00	 -8.447933552417e+00	 -4.548708465533e+00	 -2.711786013751e+00	 -3.421000000000e+00	 -2.568062318728e-01	 -2.621915440373e-01	 -6.400039891630e-02	  0.000000000000e+00	 -2.611407514198e-01	
  3.860000000000e+02	  2.500000000000e+01	  7.200000000000e+00	  2.628775720005e-02	 -9.483037798968e-01	  4.000000000000e-03	  3.500000000000e-03	  4.400000000000e-04	  0.000000000000e+00	  4.800000000000e-04	  7.536195333854e-04	  3.913870244562e-04	 -8.719686981816e-01	 -9.963362435274e-01	 -9.999000000000e+01	  6.661523247187e+00	 -8.447933552417e+00	 -4.548708465533e+00	 -2.711786013751e+00	 -3.421000000000e+00	 -2.568736827731e-01	 -2.622626729991e-01	 -6.401728419595e-02	  0.000000000000e+00	 -2.612111627111e-01	
  3.870000000000e+02	  2.500000000000e+01	  7.200000000000e+00	  2.631466980822e-02	 -1.090890085373e+00	  4.000000000000e-03	  3.500000000000e-03	  5.000000000000e-04	  0.000000000000e+00	  4.800000000000e-04	  8.073723929151e-04	  4.447609329215e-04	 -8.165662867054e-01	 -9.964872292787e-01	 -9.999000000000e+01	  6.661049332897e+00	 -8.447933552417e+00	 -4.548708465533e+00	 -2.711786013751e+00	 -3.421000000000e+00	 -2.569747950104e-01	 -2.623693023211e-01	 -6.404259632742e-02	  0.000000000000e+00	 -2.613167155287e-01	
  3.880000000000e+02	  2.500000000000e+01	  7.200000000000e+00	  2.635952405843e-02	 -1.327632890840e+00	  4.000000000000e-03	  3.500000000000e-03	  6.000000000000e-04	  0.000000000000e+00	  4.800000000000e-04	  8.969618235761e-04	  5.337190146481e-04	 -7.375763880992e-01	 -9.967386808380e-01	 -9.999000000000e+01	  6.660260068723e+00	 -8.447933552417e+00	 -4.548708465533e+00	 -2.711786013751e+00	 -3.421000000000e+00	 -2.571431447517e-01	 -2.625468471837e-01	 -6.408474118975e-02	  0.000000000000e+00	 -2.614924662213e-01	
  3.890000000000e+02	  2.500000000000e+01	  7.200000000000e+00	  2.644923220465e-02	 -1.797768320732e+00	  4.000000000000e-03	  3.500000000000e-03	  8.000000000000e-04	  0.000000000000e+00	  4.800000000000e-04	  1.076145667466e-03	  7.116410432074e-04	 -6.130196741338e-01	 -9.972408684575e-01	 -9.999000000000e+01	  6.658683757343e+00	 -8.447933552417e+00	 -4.548708465533e+00	 -2.711786013751e+00	 -3.421000000000e+00	 -2.574792063940e-01	 -2.629012989959e-01	 -6.416887385009e-02	  0.000000000000e+00	 -2.618433297078e-01	
  3.900000000000e+02	  2.500000000000e+01	  7.200000000000e+00	  2.662864714667e-02	 -2.724857768180e+00	  4.000000000000e-03	  3.500000000000e-03	  1.200000000000e-03	  0.000000000000e+00	  4.800000000000e-04	  1.434533205578e-03	  1.067508456808e-03	 -4.376897882904e-01	 -9.982423978956e-01	 -9.999000000000e+01	  6.655539950837e+00	 -8.447933552417e+00	 -4.548708465533e+00	 -2.711786013751e+00	 -3.421000000000e+00	 -2.581487946131e-01	 -2.636076672782e-01	 -6.433651495190e-02	  0.000000000000e+00	 -2.625425213923e-01	
  3.910000000000e+02	  3.500000000000e+01	  7.200000000000e+00	  2.562336188083e-02	 -9.155074466485e-01	  4.000000000000e-03	  3.500000000000e-03	  4.000000000000e-04	  0.000000000000e+00	  4.800000000000e-04	  7.351209144335e-04	  3.589729970397e-04	 -7.652900601505e-01	 -9.908311334626e-01	 -9.999000000000e+01	  7.381011015833e+00	 -8.532554079179e+00	 -4.597117738767e+00	 -2.632221320785e+00	 -4.281004617572e+00	 -2.587362280484e-01	 -2.639890172340e-01	 -6.446007315781e-02	  0.000000000000e+00	 -2.629640827587e-01	
  3.920000000000e+02	  3.500000000000e+01	  7.200000000000e+00	  2.564154010475e-02	 -1.013525365494e+00	  4.000000000000e-03	  3.500000000000e-03	  4.400000000000e-04	  0.000000000000e+00	  4.800000000000e-04	  7.713651863792e-04	  3.948720529112e-04	 -7.239790926019e-01	 -9.909311282468e-01	 -9.999000000000e+01	  7.380687885990e+00	 -8.532554079179e+00	 -4.597117738767e+00	 -2.632221320785e+00	 -4.281004617572e+00	 -2.588069939433e-01	 -2.640635096648e-01	 -6.447777107711e-02	  0.000000000000e+00	 -2.630378480606e-01	
  3.930000000000e+02	  3.500000000000e+01	  7.200000000000e+00	  2.566880732786e-02	 -1.160192852263e+00	  4.000000000000e-03	  3.500000000000e-03	  5.000000000000e-04	  0.000000000000e+00	  4.800000000000e-04	  8.257320449684e-04	  4.487212333745e-04	 -6.685842667038e-01	 -9.910810498451e-01	 -9.999000000000e+01	  7.380203422556e+00	 -8.532554079179e+00	 -4.597117738767e+00	 -2.632221320785e+00	 -4.281004617572e+00	 -2.589130728530e-01	 -2.641751783552e-01	 -6.450430073132e-02	  0.000000000000e+00	 -2.631484260621e-01	
  3.940000000000e+02	  3.500000000000e+01	  7.200000000000e+00	  2.571425240070e-02	 -1.403684964085e+00	  4.000000000000e-03	  3.500000000000e-03	  6.000000000000e-04	  0.000000000000e+00	  4.800000000000e-04	  9.163446763434e-04	  5.384714564022e-04	 -5.896069923837e-01	 -9.913307312816e-01	 -9.999000000000e+01	  7.379396599303e+00	 -8.532554079179e+00	 -4.597117738767e+00	 -2.632221320785e+00	 -4.281004617572e+00	 -2.590896849061e-01	 -2.643611066482e-01	 -6.454847097768e-02	  0.000000000000e+00	 -2.633325365522e-01	
  3.950000000000e+02	  3.500000000000e+01	  7.200000000000e+00	  2.580514143608e-02	 -1.887124083369e+00	  4.000000000000e-03	  3.500000000000e-03	  8.000000000000e-04	  0.000000000000e+00	  4.800000000000e-04	  1.097574431188e-03	  7.179778463914e-04	 -4.650754585319e-01	 -9.918293916641e-01	 -9.999000000000e+01	  7.377785254788e+00	 -8.532554079179e+00	 -4.597117738767e+00	 -2.632221320785e+00	 -4.281004617572e+00	 -2.594422134279e-01	 -2.647322674223e-01	 -6.463664015080e-02	  0.000000000000e+00	 -2.637000617649e-01	
  3.960000000000e+02	  3.500000000000e+01	  7.200000000000e+00	  2.598691515096e-02	 -2.840060655887e+00	  4.000000000000e-03	  3.500000000000e-03	  1.200000000000e-03	  0.000000000000e+00	  4.800000000000e-04	  1.460051836806e-03	  1.077014289980e-03	 -2.897956616334e-01	 -9.928239187556e-01	 -9.999000000000e+01	  7.374571717668e+00	 -8.532554079179e+00	 -4.597117738767e+00	 -2.632221320785e+00	 -4.281004617572e+00	 -2.601445066537e-01	 -2.654718242596e-01	 -6.481229780849e-02	  0.000000000000e+00	 -2.644323476536e-01	
  3.970000000000e+02	  4.500000000000e+01	  7.200000000000e+00	  2.492528730723e-02	 -9.753275668264e-01	  4.000000000000e-03	  3.500000000000e-03	  4.000000000000e-04	  0.000000000000e+00	  4.800000000000e-04	  7.501820251894e-04	  3.601455969095e-04	 -6.281863433708e-01	 -9.746630579291e-01	 -9.999000000000e+01	  8.034095459527e+00	 -8.631020506760e+00	 -4.662286989514e+00	 -2.557658337262e+00	 -5.086946395756e+00	 -2.607377281961e-01	 -2.658474120941e-01	 -6.493670599263e-02	  0.000000000000e+00	 -2.648504006018e-01	
  3.980000000000e+02	  4.500000000000e+01	  7.200000000000e+00	  2.494357033281e-02	 -1.075848249898e+00	  4.000000000000e-03	  3.500000000000e-03	  4.400000000000e-04	  0.000000000000e+00	  4.800000000000e-04	  7.866619116377e-04	  3.961620291235e-04	 -5.868817660130e-01	 -9.747621097379e-01	 -9.999000000000e+01	  8.033760096512e+00	 -8.631020506760e+00	 -4.662286989514e+00	 -2.557658337262e+00	 -5.086946395756e+00	 -2.608116659139e-01	 -2.659250978321e-01	 -6.495517856975e-02	  0.000000000000e+00	 -2.649273550188e-01	
  3.990000000000e+02	  4.500000000000e+01	  7.200000000000e+00	  2.497099475081e-02	 -1.226251816295e+00	  4.000000000000e-03	  3.500000000000e-03	  5.000000000000e-04	  0.000000000000e+00	  4.800000000000e-04	  8.413821412797e-04	  4.501873135070e-04	 -5.314965172083e-01	 -9.749106195755e-01	 -9.999000000000e+01	  8.033257294926e+00	 -8.631020506760e+00	 -4.662286989514e+00	 -2.557658337262e+00	 -5.086946395756e+00	 -2.609224972001e-01	 -2.660415511240e-01	 -6.498286888795e-02	  0.000000000000e+00	 -2.650427113340e-01	
  4.000000000000e+02	  4.500000000000e+01	  7.200000000000e+00	  2.501670179475e-02	 -1.475922900863e+00	  4.000000000000e-03	  3.500000000000e-03	  6.000000000000e-04	  0.000000000000e+00	  4.800000000000e-04	  9.325835894158e-04	  5.402311478775e-04	 -4.525351829194e-01	 -9.751579552745e-01	 -9.999000000000e+01	  8.032419938936e+00	 -8.631020506760e+00	 -4.662286989514e+00	 -2.557658337262e+00	 -5.086946395756e+00	 -2.611070156328e-01	 -2.662354395007e-01	 -6.502897005672e-02	  0.000000000000e+00	 -2.652347714289e-01	
  4.010000000000e+02	  4.500000000000e+01	  7.200000000000e+00	  2.510811469559e-02	 -1.971542956101e+00	  4.000000000000e-03	  3.500000000000e-03	  8.000000000000e-04	  0.000000000000e+00	  4.800000000000e-04	  1.114990472958e-03	  7.203251517378e-04	 -3.280354477926e-01	 -9.756519511046e-01	 -9.999000000000e+01	  8.030747644005e+00	 -8.631020506760e+00	 -4.662286989514e+00	 -2.557658337262e+00	 -5.086946395756e+00	 -2.614753037487e-01	 -2.666224672613e-01	 -6.512098794939e-02	  0.000000000000e+00	 -2.656181426735e-01	
  4.020000000000e+02	  4.500000000000e+01	  7.200000000000e+00	  2.529093583120e-02	 -2.948151121714e+00	  4.000000000000e-03	  3.500000000000e-03	  1.200000000000e-03	  0.000000000000e+00	  4.800000000000e-04	  1.479820127503e-03	  1.080538373585e-03	 -1.528189259149e-01	 -9.766372562683e-01	 -9.999000000000e+01	  8.027412661417e+00	 -8.631020506760e+00	 -4.662286989514e+00	 -2.557658337262e+00	 -5.086946395756e+00	 -2.622089055372e-01	 -2.673935473826e-01	 -6.530429104998e-02	  0.000000000000e+00	 -2.663819099494e-01	
  4.030000000000e+02	  5.500000000000e+01	  7.200000000000e+00	  2.418939298506e-02	 -1.034169485228e+00	  4.000000000000e-03	  3.500000000000e-03	  4.000000000000e-04	  0.000000000000e+00	  4.800000000000e-04	  7.636703799620e-04	  3.597857369166e-04	 -4.997741972098e-01	 -9.495671620697e-01	 -9.999000000000e+01	  8.628019555801e+00	 -8.742475689895e+00	 -4.742362780561e+00	 -2.487639798872e+00	 -5.843767846152e+00	 -2.628254936673e-01	 -2.677843192292e-01	 -6.543423393647e-02	  0.000000000000e+00	 -2.668167435098e-01	
  4.040000000000e+02	  5.500000000000e+01	  7.200000000000e+00	  2.420766329835e-02	 -1.137055968672e+00	  4.000000000000e-03	  3.500000000000e-03	  4.400000000000e-04	  0.000000000000e+00	  4.800000000000e-04	  8.002613470524e-04	  3.957664024275e-04	 -4.584779636988e-01	 -9.496654175416e-01	 -9.999000000000e+01	  8.627664375079e+00	 -8.742475689895e+00	 -4.742362780561e+00	 -2.487639798872e+00	 -5.843767846152e+00	 -2.629024677855e-01	 -2.678650387616e-01	 -6.545344546002e-02	  0.000000000000e+00	 -2.668967322297e-01	
  4.050000000000e+02	  5.500000000000e+01	  7.200000000000e+00	  2.423506873356e-02	 -1.290991579560e+00	  4.000000000000e-03	  3.500000000000e-03	  5.000000000000e-04	  0.000000000000e+00	  4.800000000000e-04	  8.551481348282e-04	  4.497381111112e-04	 -4.031052201638e-01	 -9.498127365588e-01	 -9.999000000000e+01	  8.627131864728e+00	 -8.742475689895e+00	 -4.742362780561e+00	 -2.487639798872e+00	 -5.843767846152e+00	 -2.630178489361e-01	 -2.679860380265e-01	 -6.548224302870e-02	  0.000000000000e+00	 -2.670166352771e-01	
  4.060000000000e+02	  5.500000000000e+01	  7.200000000000e+00	  2.428074436720e-02	 -1.546505309445e+00	  4.000000000000e-03	  3.500000000000e-03	  6.000000000000e-04	  0.000000000000e+00	  4.800000000000e-04	  9.466270126454e-04	  5.396928504995e-04	 -3.241647000593e-01	 -9.500580973621e-01	 -9.999000000000e+01	  8.626245041471e+00	 -8.742475689895e+00	 -4.742362780561e+00	 -2.487639798872e+00	 -5.843767846152e+00	 -2.632099378795e-01	 -2.681874904747e-01	 -6.553018650539e-02	  0.000000000000e+00	 -2.672162607001e-01	
  4.070000000000e+02	  5.500000000000e+01	  7.200000000000e+00	  2.437209529647e-02	 -2.053647433737e+00	  4.000000000000e-03	  3.500000000000e-03	  8.000000000000e-04	  0.000000000000e+00	  4.800000000000e-04	  1.129588130778e-03	  7.196094034549e-04	 -1.997064890208e-01	 -9.505481800308e-01	 -9.999000000000e+01	  8.624473988742e+00	 -8.742475689895e+00	 -4.742362780561e+00	 -2.487639798872e+00	 -5.843767846152e+00	 -2.635933200007e-01	 -2.685895995365e-01	 -6.562587740815e-02	  0.000000000000e+00	 -2.676147157247e-01	
  4.080000000000e+02	  5.500000000000e+01	  7.200000000000e+00	  2.455479584823e-02	 -3.052663064559e+00	  4.000000000000e-03	  3.500000000000e-03	  1.200000000000e-03	  0.000000000000e+00	  4.800000000000e-04	  1.495523772845e-03	  1.079470657536e-03	 -2.457260176641e-02	 -9.515258043160e-01	 -9.999000000000e+01	  8.620942191463e+00	 -8.742475689895e+00	 -4.742362780561e+00	 -2.487639798872e+00	 -5.843767846152e+00	 -2.643569234420e-01	 -2.693906565909e-01	 -6.581648052935e-02	  0.000000000000e+00	 -2.684084647570e-01	
  4.090000000000e+02	  2.500000000000e+01	  7.200000000000e+00	  5.069169300656e-02	 -9.482410793939e-01	  8.000000000000e-03	  7.000000000000e-03	  8.000000000000e-04	  0.000000000000e+00	  9.600000000000e-04	  1.488798527311e-03	  7.145152170736e-04	 -4.172334641667e-01	 -5.954900899047e-01	 -9.999000000000e+01	  8.280469894612e+00	 -8.447933552417e+00	 -4.548708465533e+00	 -2.711786013751e+00	 -3.421000000000e+00	 -3.269593789400e-01	 -3.373511760063e-01	 -8.166325196273e-02	  0.000000000000e+00	 -3.353235082861e-01	
  4.100000000000e+02	  2.500000000000e+01	  7.200000000000e+00	  5.072757097826e-02	 -1.046567038593e+00	  8.000000000000e-03	  7.000000000000e-03	  8.800000000000e-04	  0.000000000000e+00	  9.600000000000e-04	  1.560967267876e-03	  7.859709120756e-04	 -3.759325424001e-01	 -5.955996140334e-01	 -9.999000000000e+01	  8.280138148119e+00	 -8.447933552417e+00	 -4.548708465533e+00	 -2.711786013751e+00	 -3.421000000000e+00	 -3.270400656995e-01	 -3.374392177501e-01	 -8.168371787875e-02	  0.000000000000e+00	 -3.354101149109e-01	
  4.110000000000e+02	  2.500000000000e+01	  7.200000000000e+00	  5.078138836177e-02	 -1.193696827320e+00	  8.000000000000e-03	  7.000000000000e-03	  1.000000000000e-03	  0.000000000000e+00	  9.600000000000e-04	  1.669221400608e-03	  8.931558723981e-04	 -3.205527662073e-01	 -5.957638269078e-01	 -9.999000000000e+01	  8.279640755594e+00	 -8.447933552417e+00	 -4.548708465533e+00	 -2.711786013751e+00	 -3.421000000000e+00	 -3.271610083974e-01	 -3.375711930116e-01	 -8.171439539624e-02	  0.000000000000e+00	 -3.355399374771e-01	
  4.120000000000e+02	  2.500000000000e+01	  7.200000000000e+00	  5.087108513482e-02	 -1.437960052276e+00	  8.000000000000e-03	  7.000000000000e-03	  1.200000000000e-03	  0.000000000000e+00	  9.600000000000e-04	  1.849647677425e-03	  1.071801248597e-03	 -2.416005242545e-01	 -5.960373197730e-01	 -9.999000000000e+01	  8.278812373063e+00	 -8.447933552417e+00	 -4.548708465533e+00	 -2.711786013751e+00	 -3.421000000000e+00	 -3.273623468268e-01	 -3.377909192795e-01	 -8.176546775053e-02	  0.000000000000e+00	 -3.357560758741e-01	
  4.130000000000e+02	  2.500000000000e+01	  7.200000000000e+00	  5.105048291943e-02	 -1.922943460613e+00	  8.000000000000e-03	  7.000000000000e-03	  1.600000000000e-03	  0.000000000000e+00	  9.600000000000e-04	  2.210510420992e-03	  1.429106124825e-03	 -1.171188665634e-01	 -5.965835750175e-01	 -9.999000000000e+01	  8.277157870747e+00	 -8.447933552417e+00	 -4.548708465533e+00	 -2.711786013751e+00	 -3.421000000000e+00	 -3.277641539145e-01	 -3.382295029130e-01	 -8.186740003739e-02	  0.000000000000e+00	 -3.361874835962e-01	
  4.140000000000e+02	  2.500000000000e+01	  7.200000000000e+00	  5.140929533962e-02	 -2.878975186210e+00	  8.000000000000e-03	  7.000000000000e-03	  2.400000000000e-03	  0.000000000000e+00	  9.600000000000e-04	  2.932276524297e-03	  2.143772103128e-03	  5.806192685298e-02	 -5.976731769723e-01	 -9.999000000000e+01	  8.273857870436e+00	 -8.447933552417e+00	 -4.548708465533e+00	 -2.711786013751e+00	 -3.421000000000e+00	 -3.285643119897e-01	 -3.391032175343e-01	 -8.207042058557e-02	  0.000000000000e+00	 -3.370468457207e-01	
  4.150000000000e+02	  3.500000000000e+01	  7.200000000000e+00	  4.926147918243e-02	 -1.013988634716e+00	  8.000000000000e-03	  7.000000000000e-03	  8.000000000000e-04	  0.000000000000e+00	  9.600000000000e-04	  1.522009928694e-03	  7.201893401746e-04	 -2.726524222892e-01	 -5.985568655522e-01	 -9.999000000000e+01	  8.969026372098e+00	 -8.532554079179e+00	 -4.597117738767e+00	 -2.632221320785e+00	 -4.281004617572e+00	 -3.292306508153e-01	 -3.393292540477e-01	 -8.218439058957e-02	  0.000000000000e+00	 -3.373587948804e-01	
  4.160000000000e+02	  3.500000000000e+01	  7.200000000000e+00	  4.929777273418e-02	 -1.115390887401e+00	  8.000000000000e-03	  7.000000000000e-03	  8.800000000000e-04	  0.000000000000e+00	  9.600000000000e-04	  1.595014713242e-03	  7.922126490419e-04	 -2.313593332298e-01	 -5.986651253529e-01	 -9.999000000000e+01	  8.968682794096e+00	 -8.532554079179e+00	 -4.597117738767e+00	 -2.632221320785e+00	 -4.281004617572e+00	 -3.293155910172e-01	 -3.394216344277e-01	 -8.220589484457e-02	  0.000000000000e+00	 -3.374497235184e-01	
  4.170000000000e+02	  3.500000000000e+01	  7.200000000000e+00	  4.935221347361e-02	 -1.267112709576e+00	  8.000000000000e-03	  7.000000000000e-03	  1.000000000000e-03	  0.000000000000e+00	  9.600000000000e-04	  1.704522740125e-03	  9.002490981600e-04	 -1.759912935989e-01	 -5.988274454237e-01	 -9.999000000000e+01	  8.968167669350e+00	 -8.532554079179e+00	 -4.597117738767e+00	 -2.632221320785e+00	 -4.281004617572e+00	 -3.294429059077e-01	 -3.395601096698e-01	 -8.223812791652e-02	  0.000000000000e+00	 -3.375860211308e-01	
  4.180000000000e+02	  3.500000000000e+01	  7.200000000000e+00	  4.944294913448e-02	 -1.518970007696e+00	  8.000000000000e-03	  7.000000000000e-03	  1.200000000000e-03	  0.000000000000e+00	  9.600000000000e-04	  1.887038383135e-03	  1.080313802923e-03	 -9.705857934610e-02	 -5.990977934305e-01	 -9.999000000000e+01	  8.967309773099e+00	 -8.532554079179e+00	 -4.597117738767e+00	 -2.632221320785e+00	 -4.281004617572e+00	 -3.296548434603e-01	 -3.397906480329e-01	 -8.229178766527e-02	  0.000000000000e+00	 -3.378129300675e-01	
  4.190000000000e+02	  3.500000000000e+01	  7.200000000000e+00	  4.962442454311e-02	 -2.018922029354e+00	  8.000000000000e-03	  7.000000000000e-03	  1.600000000000e-03	  0.000000000000e+00	  9.600000000000e-04	  2.252078149225e-03	  1.440458008354e-03	  2.738414695006e-02	 -5.996377956134e-01	 -9.999000000000e+01	  8.965596392453e+00	 -8.532554079179e+00	 -4.597117738767e+00	 -2.632221320785e+00	 -4.281004617572e+00	 -3.300777696930e-01	 -3.402507767243e-01	 -8.239887535104e-02	  0.000000000000e+00	 -3.382657997426e-01	
  4.200000000000e+02	  3.500000000000e+01	  7.200000000000e+00	  4.998739155559e-02	 -3.004034871514e+00	  8.000000000000e-03	  7.000000000000e-03	  2.400000000000e-03	  0.000000000000e+00	  9.600000000000e-04	  2.982191499449e-03	  2.160805294391e-03	  2.024875687370e-01	 -6.007150369271e-01	 -9.999000000000e+01	  8.962179225559e+00	 -8.532554079179e+00	 -4.597117738767e+00	 -2.632221320785e+00	 -4.281004617572e+00	 -3.309198526541e-01	 -3.411672679230e-01	 -8.261212987701e-02	  0.000000000000e+00	 -3.391677722608e-01	
  4.210000000000e+02	  4.500000000000e+01	  7.200000000000e+00	  4.776526913416e-02	 -1.077016860036e+00	  8.000000000000e-03	  7.000000000000e-03	  8.000000000000e-04	  0.000000000000e+00	  9.600000000000e-04	  1.550723526000e-03	  7.219134252857e-04	 -1.389748013038e-01	 -5.910639284479e-01	 -9.999000000000e+01	  9.593772850138e+00	 -8.631020506760e+00	 -4.662286989514e+00	 -2.557658337262e+00	 -5.086946395756e+00	 -3.316705903940e-01	 -3.414624705665e-01	 -8.274597120039e-02	  0.000000000000e+00	 -3.395518598011e-01	
  4.220000000000e+02	  4.500000000000e+01	  7.200000000000e+00	  4.780166941540e-02	 -1.181276381693e+00	  8.000000000000e-03	  7.000000000000e-03	  8.800000000000e-04	  0.000000000000e+00	  9.600000000000e-04	  1.624246866390e-03	  7.941096182819e-04	 -9.769182634067e-02	 -5.911709582199e-01	 -9.999000000000e+01	  9.593408706425e+00	 -8.631020506760e+00	 -4.662286989514e+00	 -2.557658337262e+00	 -5.086946395756e+00	 -3.317595090033e-01	 -3.415588512335e-01	 -8.276843930443e-02	  0.000000000000e+00	 -3.396467844569e-01	
  4.230000000000e+02	  4.500000000000e+01	  7.200000000000e+00	  4.785627053737e-02	 -1.337263829003e+00	  8.000000000000e-03	  7.000000000000e-03	  1.000000000000e-03	  0.000000000000e+00	  9.600000000000e-04	  1.734532514982e-03	  9.024055546131e-04	 -4.233894239912e-02	 -5.913314388975e-01	 -9.999000000000e+01	  9.592862754905e+00	 -8.631020506760e+00	 -4.662286989514e+00	 -2.557658337262e+00	 -5.086946395756e+00	 -3.318927848362e-01	 -3.417033202963e-01	 -8.280211651877e-02	  0.000000000000e+00	 -3.397890694748e-01	
  4.240000000000e+02	  4.500000000000e+01	  7.200000000000e+00	  4.794727426783e-02	 -1.596176816348e+00	  8.000000000000e-03	  7.000000000000e-03	  1.200000000000e-03	  0.000000000000e+00	  9.600000000000e-04	  1.918343629999e-03	  1.082903166263e-03	  3.656855347349e-02	 -5.915987362692e-01	 -9.999000000000e+01	  9.591953538677e+00	 -8.631020506760e+00	 -4.662286989514e+00	 -2.557658337262e+00	 -5.086946395756e+00	 -3.321146395524e-01	 -3.419438307773e-01	 -8.285817883228e-02	  0.000000000000e+00	 -3.400259398066e-01	
  4.250000000000e+02	  4.500000000000e+01	  7.200000000000e+00	  4.812928866232e-02	 -2.110041489462e+00	  8.000000000000e-03	  7.000000000000e-03	  1.600000000000e-03	  0.000000000000e+00	  9.600000000000e-04	  2.285972233198e-03	  1.443914783239e-03	  1.609609963929e-01	 -5.921326932058e-01	 -9.999000000000e+01	  9.590137734555e+00	 -8.631020506760e+00	 -4.662286989514e+00	 -2.557658337262e+00	 -5.086946395756e+00	 -3.325573338741e-01	 -3.424238380499e-01	 -8.297005544654e-02	  0.000000000000e+00	 -3.404986665034e-01	
  4.260000000000e+02	  4.500000000000e+01	  7.200000000000e+00	  4.849334485365e-02	 -3.122204426765e+00	  8.000000000000e-03	  7.000000000000e-03	  2.400000000000e-03	  0.000000000000e+00	  9.600000000000e-04	  3.021254897318e-03	  2.166003222084e-03	  3.359644591970e-01	 -5.931980657979e-01	 -9.999000000000e+01	  9.586516579374e+00	 -8.631020506760e+00	 -4.662286989514e+00	 -2.557658337262e+00	 -5.086946395756e+00	 -3.334386902848e-01	 -3.433798259798e-01	 -8.319282357272e-02	  0.000000000000e+00	 -3.414400921857e-01	
  4.270000000000e+02	  5.500000000000e+01	  7.200000000000e+00	  4.623626541161e-02	 -1.138817950774e+00	  8.000000000000e-03	  7.000000000000e-03	  8.000000000000e-04	  0.000000000000e+00	  9.600000000000e-04	  1.576335578838e-03	  7.205744972896e-04	 -1.394430599908e-02	 -5.746217283302e-01	 -9.999000000000e+01	  1.016187026907e+01	 -8.742475689895e+00	 -4.742362780561e+00	 -2.487639798872e+00	 -5.843767846152e+00	 -3.343150370831e-01	 -3.437934714925e-01	 -8.335752546200e-02	  0.000000000000e+00	 -3.419440208760e-01	
  4.280000000000e+02	  5.500000000000e+01	  7.200000000000e+00	  4.627248690618e-02	 -1.245797362517e+00	  8.000000000000e-03	  7.000000000000e-03	  8.800000000000e-04	  0.000000000000e+00	  9.600000000000e-04	  1.650156658065e-03	  7.926376069577e-04	  2.732539810421e-02	 -5.747280433982e-01	 -9.999000000000e+01	  1.016147377653e+01	 -8.742475689895e+00	 -4.742362780561e+00	 -2.487639798872e+00	 -5.843767846152e+00	 -3.344076163293e-01	 -3.438934761451e-01	 -8.338087321968e-02	  0.000000000000e+00	 -3.420425766688e-01	
  4.290000000000e+02	  5.500000000000e+01	  7.200000000000e+00	  4.632682053725e-02	 -1.405846251604e+00	  8.000000000000e-03	  7.000000000000e-03	  1.000000000000e-03	  0.000000000000e+00	  9.600000000000e-04	  1.760888621404e-03	  9.007341925203e-04	  8.265839603809e-02	 -5.748874589885e-01	 -9.999000000000e+01	  1.016087933568e+01	 -8.742475689895e+00	 -4.742362780561e+00	 -2.487639798872e+00	 -5.843767846152e+00	 -3.345463782818e-01	 -3.440433764919e-01	 -8.341586873782e-02	  0.000000000000e+00	 -3.421903036705e-01	
  4.300000000000e+02	  5.500000000000e+01	  7.200000000000e+00	  4.641738027992e-02	 -1.671479598832e+00	  8.000000000000e-03	  7.000000000000e-03	  1.200000000000e-03	  0.000000000000e+00	  9.600000000000e-04	  1.945442813808e-03	  1.080900282319e-03	  1.615328025102e-01	 -5.751529997299e-01	 -9.999000000000e+01	  1.015988939419e+01	 -8.742475689895e+00	 -4.742362780561e+00	 -2.487639798872e+00	 -5.843767846152e+00	 -3.347773636544e-01	 -3.442929266118e-01	 -8.347412509102e-02	  0.000000000000e+00	 -3.424362314006e-01	
  4.310000000000e+02	  5.500000000000e+01	  7.200000000000e+00	  4.659851351461e-02	 -2.198604591344e+00	  8.000000000000e-03	  7.000000000000e-03	  1.600000000000e-03	  0.000000000000e+00	  9.600000000000e-04	  2.314554659330e-03	  1.441251578642e-03	  2.858592679846e-01	 -5.756835123829e-01	 -9.999000000000e+01	  1.015791247686e+01	 -8.742475689895e+00	 -4.742362780561e+00	 -2.487639798872e+00	 -5.843767846152e+00	 -3.352382711265e-01	 -3.447909663970e-01	 -8.359037806518e-02	  0.000000000000e+00	 -3.429270258565e-01	
  4.320000000000e+02	  5.500000000000e+01	  7.200000000000e+00	  4.696083428046e-02	 -3.236583743028e+00	  8.000000000000e-03	  7.000000000000e-03	  2.400000000000e-03	  0.000000000000e+00	  9.600000000000e-04	  3.052792269892e-03	  2.162030173598e-03	  4.607315740855e-01	 -5.767422688298e-01	 -9.999000000000e+01	  1.015397043506e+01	 -8.742475689895e+00	 -4.742362780561e+00	 -2.487639798872e+00	 -5.843767846152e+00	 -3.361558621569e-01	 -3.457828331844e-01	 -8.382185226997e-02	  0.000000000000e+00	 -3.439043998132e-01	
  4.330000000000e+02	  2.500000000000e+01	  7.200000000000e+00	  7.446461021347e-02	 -1.002868948700e+00	  1.200000000000e-02	  1.050000000000e-02	  1.200000000000e-03	  0.000000000000e+00	  1.440000000000e-03	  2.276779272042e-03	  1.074593928524e-03	 -1.327576738770e-01	 -3.732717870572e-01	 -9.999000000000e+01	  9.187256208371e+00	 -8.447933552417e+00	 -4.548708465533e+00	 -2.711786013751e+00	 -3.421000000000e+00	 -3.721270772443e-01	 -3.873923223380e-01	 -9.320068741592e-02	  0.000000000000e+00	 -3.844137379295e-01	
  4.340000000000e+02	  2.500000000000e+01	  7.200000000000e+00	  7.451814167057e-02	 -1.103085530348e+00	  1.200000000000e-02	  1.050000000000e-02	  1.320000000000e-03	  0.000000000000e+00	  1.440000000000e-03	  2.385555543392e-03	  1.182060110645e-03	 -9.146448619520e-02	 -3.733824969033e-01	 -9.999000000000e+01	  9.186930068362e+00	 -8.447933552417e+00	 -4.548708465533e+00	 -2.711786013751e+00	 -3.421000000000e+00	 -3.722136283013e-01	 -3.874898473438e-01	 -9.322297732358e-02	  0.000000000000e+00	 -3.845091216770e-01	
  4.350000000000e+02	  2.500000000000e+01	  7.200000000000e+00	  7.459844090533e-02	 -1.253040115455e+00	  1.200000000000e-02	  1.050000000000e-02	  1.500000000000e-03	  0.000000000000e+00	  1.440000000000e-03	  2.548721350937e-03	  1.343261690438e-03	 -3.609629423925e-02	 -3.735484981071e-01	 -9.999000000000e+01	  9.186441057833e+00	 -8.447933552417e+00	 -4.548708465533e+00	 -2.711786013751e+00	 -3.421000000000e+00	 -3.723433542374e-01	 -3.876360346229e-01	 -9.325638777861e-02	  0.000000000000e+00	 -3.846520969867e-01	
  4.360000000000e+02	  2.500000000000e+01	  7.200000000000e+00	  7.473227840873e-02	 -1.501981813910e+00	  1.200000000000e-02	  1.050000000000e-02	  1.800000000000e-03	  0.000000000000e+00	  1.440000000000e-03	  2.820668096047e-03	  1.611937132659e-03	  4.283668559847e-02	 -3.738249973590e-01	 -9.999000000000e+01	  9.185626571789e+00	 -8.447933552417e+00	 -4.548708465533e+00	 -2.711786013751e+00	 -3.421000000000e+00	 -3.725592962289e-01	 -3.878794133027e-01	 -9.331200690803e-02	  0.000000000000e+00	 -3.848901221664e-01	
  4.370000000000e+02	  2.500000000000e+01	  7.200000000000e+00	  7.499997370984e-02	 -1.996212662668e+00	  1.200000000000e-02	  1.050000000000e-02	  2.400000000000e-03	  0.000000000000e+00	  1.440000000000e-03	  3.364575568512e-03	  2.149310995259e-03	  1.672799869702e-01	 -3.743773611258e-01	 -9.999000000000e+01	  9.183999589769e+00	 -8.447933552417e+00	 -4.548708465533e+00	 -2.711786013751e+00	 -3.421000000000e+00	 -3.729901789226e-01	 -3.883651735331e-01	 -9.342300237582e-02	  0.000000000000e+00	 -3.853651745847e-01	
  4.380000000000e+02	  2.500000000000e+01	  7.200000000000e+00	  7.553544452258e-02	 -2.970310352252e+00	  1.200000000000e-02	  1.050000000000e-02	  3.600000000000e-03	  0.000000000000e+00	  1.440000000000e-03	  4.452446327160e-03	  3.224150196840e-03	  3.423847344643e-01	 -3.754795543789e-01	 -9.999000000000e+01	  9.180753562056e+00	 -8.447933552417e+00	 -4.548708465533e+00	 -2.711786013751e+00	 -3.421000000000e+00	 -3.738479649497e-01	 -3.893327310768e-01	 -9.364402845727e-02	  0.000000000000e+00	 -3.863113132959e-01	
  4.390000000000e+02	  3.500000000000e+01	  7.200000000000e+00	  7.225248352645e-02	 -1.069841470207e+00	  1.200000000000e-02	  1.050000000000e-02	  1.200000000000e-03	  0.000000000000e+00	  1.440000000000e-03	  2.324959216257e-03	  1.082386821979e-03	  9.871889249446e-03	 -3.809195177945e-01	 -9.999000000000e+01	  9.859787179831e+00	 -8.532554079179e+00	 -4.597117738767e+00	 -2.632221320785e+00	 -4.281004617572e+00	 -3.747623718531e-01	 -3.895741309760e-01	 -9.378773537882e-02	  0.000000000000e+00	 -3.866840316349e-01	
  4.400000000000e+02	  3.500000000000e+01	  7.200000000000e+00	  7.230653619991e-02	 -1.173306172620e+00	  1.200000000000e-02	  1.050000000000e-02	  1.320000000000e-03	  0.000000000000e+00	  1.440000000000e-03	  2.435012351168e-03	  1.190632819201e-03	  5.115508278405e-02	 -3.810288203398e-01	 -9.999000000000e+01	  9.859444693937e+00	 -8.532554079179e+00	 -4.597117738767e+00	 -2.632221320785e+00	 -4.281004617572e+00	 -3.748536122913e-01	 -3.896764522123e-01	 -9.381116611818e-02	  0.000000000000e+00	 -3.867841907643e-01	
  4.410000000000e+02	  3.500000000000e+01	  7.200000000000e+00	  7.238761753444e-02	 -1.328109558566e+00	  1.200000000000e-02	  1.050000000000e-02	  1.500000000000e-03	  0.000000000000e+00	  1.440000000000e-03	  2.600093095349e-03	  1.353004299154e-03	  1.065083006369e-01	 -3.811927164849e-01	 -9.999000000000e+01	  9.858931184687e+00	 -8.532554079179e+00	 -4.597117738767e+00	 -2.632221320785e+00	 -4.281004617572e+00	 -3.749903635747e-01	 -3.898298251693e-01	 -9.384628569833e-02	  0.000000000000e+00	 -3.869343204679e-01	
  4.420000000000e+02	  3.500000000000e+01	  7.200000000000e+00	  7.252275926586e-02	 -1.585070693778e+00	  1.200000000000e-02	  1.050000000000e-02	  1.800000000000e-03	  0.000000000000e+00	  1.440000000000e-03	  2.875230447063e-03	  1.623630046508e-03	  1.854163691528e-01	 -3.814657229642e-01	 -9.999000000000e+01	  9.858075920928e+00	 -8.532554079179e+00	 -4.597117738767e+00	 -2.632221320785e+00	 -4.281004617572e+00	 -3.752179912707e-01	 -3.900851569203e-01	 -9.390474772372e-02	  0.000000000000e+00	 -3.871842465496e-01	
  4.430000000000e+02	  3.500000000000e+01	  7.200000000000e+00	  7.279306571737e-02	 -2.095111294217e+00	  1.200000000000e-02	  1.050000000000e-02	  2.400000000000e-03	  0.000000000000e+00	  1.440000000000e-03	  3.425515567546e-03	  2.164906275375e-03	  3.098100176896e-01	 -3.820111595360e-01	 -9.999000000000e+01	  9.856367583203e+00	 -8.532554079179e+00	 -4.597117738767e+00	 -2.632221320785e+00	 -4.281004617572e+00	 -3.756721587245e-01	 -3.905947371966e-01	 -9.402140790438e-02	  0.000000000000e+00	 -3.876830145679e-01	
  4.440000000000e+02	  3.500000000000e+01	  7.200000000000e+00	  7.333376932527e-02	 -3.099934741032e+00	  1.200000000000e-02	  1.050000000000e-02	  3.600000000000e-03	  0.000000000000e+00	  1.440000000000e-03	  4.526127469344e-03	  3.247557139357e-03	  4.848161319893e-01	 -3.830997289772e-01	 -9.999000000000e+01	  9.852959636338e+00	 -8.532554079179e+00	 -4.597117738767e+00	 -2.632221320785e+00	 -4.281004617572e+00	 -3.765761706174e-01	 -3.916095933291e-01	 -9.425367981404e-02	  0.000000000000e+00	 -3.886762425561e-01	
  4.450000000000e+02	  4.500000000000e+01	  7.200000000000e+00	  6.997585700668e-02	 -1.134194651811e+00	  1.200000000000e-02	  1.050000000000e-02	  1.200000000000e-03	  0.000000000000e+00	  1.440000000000e-03	  2.366734430386e-03	  1.084288479824e-03	  1.416059321958e-01	 -3.780074470476e-01	 -9.999000000000e+01	  1.046999012992e+01	 -8.631020506760e+00	 -4.662286989514e+00	 -2.557658337262e+00	 -5.086946395756e+00	 -3.776503044433e-01	 -3.919953551297e-01	 -9.443568296020e-02	  0.000000000000e+00	 -3.891963208494e-01	
  4.460000000000e+02	  4.500000000000e+01	  7.200000000000e+00	  7.002991855031e-02	 -1.240694902810e+00	  1.200000000000e-02	  1.050000000000e-02	  1.320000000000e-03	  0.000000000000e+00	  1.440000000000e-03	  2.477620182374e-03	  1.192725689462e-03	  1.828761413057e-01	 -3.781156153847e-01	 -9.999000000000e+01	  1.046962005350e+01	 -8.631020506760e+00	 -4.662286989514e+00	 -2.557658337262e+00	 -5.086946395756e+00	 -3.777458384370e-01	 -3.921019717398e-01	 -9.446014546704e-02	  0.000000000000e+00	 -3.893007749978e-01	
  4.470000000000e+02	  4.500000000000e+01	  7.200000000000e+00	  7.011101415156e-02	 -1.400030642687e+00	  1.200000000000e-02	  1.050000000000e-02	  1.500000000000e-03	  0.000000000000e+00	  1.440000000000e-03	  2.643949374844e-03	  1.355384342236e-03	  2.382099039371e-01	 -3.782778185551e-01	 -9.999000000000e+01	  1.046906518799e+01	 -8.631020506760e+00	 -4.662286989514e+00	 -2.557658337262e+00	 -5.086946395756e+00	 -3.778890235665e-01	 -3.922617814676e-01	 -9.449681113335e-02	  0.000000000000e+00	 -3.894573409016e-01	
  4.480000000000e+02	  4.500000000000e+01	  7.200000000000e+00	  7.024618221245e-02	 -1.664490174556e+00	  1.200000000000e-02	  1.050000000000e-02	  1.800000000000e-03	  0.000000000000e+00	  1.440000000000e-03	  2.921166204361e-03	  1.626489652732e-03	  3.170856040360e-01	 -3.785480255525e-01	 -9.999000000000e+01	  1.046814107570e+01	 -8.631020506760e+00	 -4.662286989514e+00	 -2.557658337262e+00	 -5.086946395756e+00	 -3.781273570666e-01	 -3.925278244202e-01	 -9.455784580180e-02	  0.000000000000e+00	 -3.897179771317e-01	
  4.490000000000e+02	  4.500000000000e+01	  7.200000000000e+00	  7.051655080944e-02	 -2.189321947812e+00	  1.200000000000e-02	  1.050000000000e-02	  2.400000000000e-03	  0.000000000000e+00	  1.440000000000e-03	  3.475605544016e-03	  2.168728521024e-03	  4.414147282661e-01	 -3.790879455846e-01	 -9.999000000000e+01	  1.046629533466e+01	 -8.631020506760e+00	 -4.662286989514e+00	 -2.557658337262e+00	 -5.086946395756e+00	 -3.786028715335e-01	 -3.930587644494e-01	 -9.467963568422e-02	  0.000000000000e+00	 -3.902381024170e-01	
  4.500000000000e+02	  4.500000000000e+01	  7.200000000000e+00	  7.105741602713e-02	 -3.222925040290e+00	  1.200000000000e-02	  1.050000000000e-02	  3.600000000000e-03	  0.000000000000e+00	  1.440000000000e-03	  4.584507119778e-03	  3.253318573985e-03	  6.162926360173e-01	 -3.801658069765e-01	 -9.999000000000e+01	  1.046261374876e+01	 -8.631020506760e+00	 -4.662286989514e+00	 -2.557658337262e+00	 -5.086946395756e+00	 -3.795493204577e-01	 -3.941160907432e-01	 -9.492210499259e-02	  0.000000000000e+00	 -3.912737941021e-01	
  4.510000000000e+02	  5.500000000000e+01	  7.200000000000e+00	  6.768563838351e-02	 -1.197330545855e+00	  1.200000000000e-02	  1.050000000000e-02	  1.200000000000e-03	  0.000000000000e+00	  1.440000000000e-03	  2.404183316124e-03	  1.081590130300e-03	  2.647191896976e-01	 -3.660280579602e-01	 -9.999000000000e+01	  1.102504580526e+01	 -8.742475689895e+00	 -4.742362780561e+00	 -2.487639798872e+00	 -5.843767846152e+00	 -3.808360752873e-01	 -3.947116311559e-01	 -9.515677160059e-02	  0.000000000000e+00	 -3.920042056206e-01	
  4.520000000000e+02	  5.500000000000e+01	  7.200000000000e+00	  6.773922835763e-02	 -1.306730394120e+00	  1.200000000000e-02	  1.050000000000e-02	  1.320000000000e-03	  0.000000000000e+00	  1.440000000000e-03	  2.515600466004e-03	  1.189759221063e-03	  3.059723946449e-01	 -3.661358992459e-01	 -9.999000000000e+01	  1.102463343462e+01	 -8.742475689895e+00	 -4.742362780561e+00	 -2.487639798872e+00	 -5.843767846152e+00	 -3.809354241733e-01	 -3.948219659866e-01	 -9.518213775641e-02	  0.000000000000e+00	 -3.921123968523e-01	
  4.530000000000e+02	  5.500000000000e+01	  7.200000000000e+00	  6.781961846624e-02	 -1.470396809863e+00	  1.200000000000e-02	  1.050000000000e-02	  1.500000000000e-03	  0.000000000000e+00	  1.440000000000e-03	  2.682726069747e-03	  1.352016276529e-03	  3.612806792972e-01	 -3.662976217982e-01	 -9.999000000000e+01	  1.102401517393e+01	 -8.742475689895e+00	 -4.742362780561e+00	 -2.487639798872e+00	 -5.843767846152e+00	 -3.810843282817e-01	 -3.949873500673e-01	 -9.522015810975e-02	  0.000000000000e+00	 -3.922745653286e-01	
  4.540000000000e+02	  5.500000000000e+01	  7.200000000000e+00	  6.795361564850e-02	 -1.742024537825e+00	  1.200000000000e-02	  1.050000000000e-02	  1.800000000000e-03	  0.000000000000e+00	  1.440000000000e-03	  2.961268429083e-03	  1.622453803268e-03	  4.401139912767e-01	 -3.665670541949e-01	 -9.999000000000e+01	  1.102298552597e+01	 -8.742475689895e+00	 -4.742362780561e+00	 -2.487639798872e+00	 -5.843767846152e+00	 -3.813321844335e-01	 -3.952626756414e-01	 -9.528344848726e-02	  0.000000000000e+00	 -3.925445310155e-01	
  4.550000000000e+02	  5.500000000000e+01	  7.200000000000e+00	  6.822166087593e-02	 -2.281008870367e+00	  1.200000000000e-02	  1.050000000000e-02	  2.400000000000e-03	  0.000000000000e+00	  1.440000000000e-03	  3.518352034085e-03	  2.163362869570e-03	  5.643586198804e-01	 -3.671055232819e-01	 -9.999000000000e+01	  1.102092917332e+01	 -8.742475689895e+00	 -4.742362780561e+00	 -2.487639798872e+00	 -5.843767846152e+00	 -3.818267103914e-01	 -3.958121508709e-01	 -9.540974186727e-02	  0.000000000000e+00	 -3.930832844359e-01	
  4.560000000000e+02	  5.500000000000e+01	  7.200000000000e+00	  6.875795178430e-02	 -3.342198159535e+00	  1.200000000000e-02	  1.050000000000e-02	  3.600000000000e-03	  0.000000000000e+00	  1.440000000000e-03	  4.632515265314e-03	  3.245316160780e-03	  7.390686487428e-01	 -3.681808692832e-01	 -9.999000000000e+01	  1.101682819341e+01	 -8.742475689895e+00	 -4.742362780561e+00	 -2.487639798872e+00	 -5.843767846152e+00	 -3.828110460269e-01	 -3.969064261426e-01	 -9.566118622449e-02	  0.000000000000e+00	 -3.941561080713e-01	
  4.570000000000e+02	  2.500000000000e+01	  7.200000000000e+00	  9.784794963391e-02	 -1.040629407369e+00	  1.600000000000e-02	  1.400000000000e-02	  1.600000000000e-03	  0.000000000000e+00	  1.920000000000e-03	  3.074643869322e-03	  1.435614199592e-03	  6.721558845312e-02	 -2.201979031995e-01	 -9.999000000000e+01	  9.817415085204e+00	 -8.447933552417e+00	 -4.548708465533e+00	 -2.711786013751e+00	 -3.421000000000e+00	 -4.054226707112e-01	 -4.254815003861e-01	 -1.018427433174e-01	  0.000000000000e+00	 -4.215675824008e-01	
  4.580000000000e+02	  2.500000000000e+01	  7.200000000000e+00	  9.791878755415e-02	 -1.142229703265e+00	  1.600000000000e-02	  1.400000000000e-02	  1.760000000000e-03	  0.000000000000e+00	  1.920000000000e-03	  3.220231269602e-03	  1.579185046713e-03	  1.085044354883e-01	 -2.203068385272e-01	 -9.999000000000e+01	  9.817102617933e+00	 -8.447933552417e+00	 -4.548708465533e+00	 -2.711786013751e+00	 -3.421000000000e+00	 -4.055117589907e-01	 -4.255851104393e-01	 -1.018660704018e-01	  0.000000000000e+00	 -4.216683589371e-01	
  4.590000000000e+02	  2.500000000000e+01	  7.200000000000e+00	  9.802504959981e-02	 -1.294252528794e+00	  1.600000000000e-02	  1.400000000000e-02	  2.000000000000e-03	  0.000000000000e+00	  1.920000000000e-03	  3.438613971298e-03	  1.794544520826e-03	  1.638661278760e-01	 -2.204701936112e-01	 -9.999000000000e+01	  9.816634070310e+00	 -8.447933552417e+00	 -4.548708465533e+00	 -2.711786013751e+00	 -3.421000000000e+00	 -4.056452832008e-01	 -4.257404183688e-01	 -1.019010349839e-01	  0.000000000000e+00	 -4.218194163848e-01	
  4.600000000000e+02	  2.500000000000e+01	  7.200000000000e+00	  9.820216672739e-02	 -1.546621844386e+00	  1.600000000000e-02	  1.400000000000e-02	  2.400000000000e-03	  0.000000000000e+00	  1.920000000000e-03	  3.802589411756e-03	  2.153485509150e-03	  2.427883054585e-01	 -2.207423241623e-01	 -9.999000000000e+01	  9.815853566627e+00	 -8.447933552417e+00	 -4.548708465533e+00	 -2.711786013751e+00	 -3.421000000000e+00	 -4.058675354919e-01	 -4.259989796710e-01	 -1.019592399565e-01	  0.000000000000e+00	 -4.220708930019e-01	
  4.610000000000e+02	  2.500000000000e+01	  7.200000000000e+00	  9.855645205079e-02	 -2.047635651939e+00	  1.600000000000e-02	  1.400000000000e-02	  3.200000000000e-03	  0.000000000000e+00	  1.920000000000e-03	  4.530556314609e-03	  2.871399404647e-03	  3.672101158517e-01	 -2.212861044425e-01	 -9.999000000000e+01	  9.814294094826e+00	 -8.447933552417e+00	 -4.548708465533e+00	 -2.711786013751e+00	 -3.421000000000e+00	 -4.063109632060e-01	 -4.265150358764e-01	 -1.020753907227e-01	  0.000000000000e+00	 -4.225727777944e-01	
  4.620000000000e+02	  2.500000000000e+01	  7.200000000000e+00	  9.926522410300e-02	 -3.035015237565e+00	  1.600000000000e-02	  1.400000000000e-02	  4.800000000000e-03	  0.000000000000e+00	  1.920000000000e-03	  5.986554249444e-03	  4.307354297307e-03	  5.422723330733e-01	 -2.223717333564e-01	 -9.999000000000e+01	  9.811181306261e+00	 -8.447933552417e+00	 -4.548708465533e+00	 -2.711786013751e+00	 -3.421000000000e+00	 -4.071935370917e-01	 -4.275429080328e-01	 -1.023066618168e-01	  0.000000000000e+00	 -4.235722990687e-01	
  4.630000000000e+02	  3.500000000000e+01	  7.200000000000e+00	  9.486551707777e-02	 -1.108218282920e+00	  1.600000000000e-02	  1.400000000000e-02	  1.600000000000e-03	  0.000000000000e+00	  1.920000000000e-03	  3.137292746606e-03	  1.445229418093e-03	  2.084483849167e-01	 -2.309190573565e-01	 -9.999000000000e+01	  1.047932792496e+01	 -8.532554079179e+00	 -4.597117738767e+00	 -2.632221320785e+00	 -4.281004617572e+00	 -4.084208528504e-01	 -4.278682838513e-01	 -1.024949338689e-01	  0.000000000000e+00	 -4.240736631682e-01	
  4.640000000000e+02	  3.500000000000e+01	  7.200000000000e+00	  9.493691562652e-02	 -1.213175174390e+00	  1.600000000000e-02	  1.400000000000e-02	  1.760000000000e-03	  0.000000000000e+00	  1.920000000000e-03	  3.284609684817e-03	  1.589762774774e-03	  2.497254363032e-01	 -2.310266207087e-01	 -9.999000000000e+01	  1.047899500405e+01	 -8.532554079179e+00	 -4.597117738767e+00	 -2.632221320785e+00	 -4.281004617572e+00	 -4.085148375416e-01	 -4.279769052451e-01	 -1.025194479413e-01	  0.000000000000e+00	 -4.241794286200e-01	
  4.650000000000e+02	  3.500000000000e+01	  7.200000000000e+00	  9.504401941507e-02	 -1.370209119725e+00	  1.600000000000e-02	  1.400000000000e-02	  2.000000000000e-03	  0.000000000000e+00	  1.920000000000e-03	  3.505586090615e-03	  1.806566346742e-03	  3.050694562013e-01	 -2.311879257788e-01	 -9.999000000000e+01	  1.047849579993e+01	 -8.532554079179e+00	 -4.597117738767e+00	 -2.632221320785e+00	 -4.281004617572e+00	 -4.086556976359e-01	 -4.281397216159e-01	 -1.025561909013e-01	  0.000000000000e+00	 -4.243379608393e-01	
  4.660000000000e+02	  3.500000000000e+01	  7.200000000000e+00	  9.522254156709e-02	 -1.630867354333e+00	  1.600000000000e-02	  1.400000000000e-02	  2.400000000000e-03	  0.000000000000e+00	  1.920000000000e-03	  3.873882767828e-03	  2.167915050804e-03	  3.839622354304e-01	 -2.314566607453e-01	 -9.999000000000e+01	  1.047766426592e+01	 -8.532554079179e+00	 -4.597117738767e+00	 -2.632221320785e+00	 -4.281004617572e+00	 -4.088901531559e-01	 -4.284107741771e-01	 -1.026173542365e-01	  0.000000000000e+00	 -4.246018725144e-01	
  4.670000000000e+02	  3.500000000000e+01	  7.200000000000e+00	  9.557964479447e-02	 -2.148225939311e+00	  1.600000000000e-02	  1.400000000000e-02	  3.200000000000e-03	  0.000000000000e+00	  1.920000000000e-03	  4.610486158463e-03	  2.890647677459e-03	  5.083254572772e-01	 -2.319937283726e-01	 -9.999000000000e+01	  1.047600297209e+01	 -8.532554079179e+00	 -4.597117738767e+00	 -2.632221320785e+00	 -4.281004617572e+00	 -4.093579004641e-01	 -4.289517276470e-01	 -1.027394007991e-01	  0.000000000000e+00	 -4.251285418552e-01	
  4.680000000000e+02	  3.500000000000e+01	  7.200000000000e+00	  9.629408336134e-02	 -3.167385562743e+00	  1.600000000000e-02	  1.400000000000e-02	  4.800000000000e-03	  0.000000000000e+00	  1.920000000000e-03	  6.083733333790e-03	  4.336253056311e-03	  6.832713217780e-01	 -2.330662412579e-01	 -9.999000000000e+01	  1.047268748842e+01	 -8.532554079179e+00	 -4.597117738767e+00	 -2.632221320785e+00	 -4.281004617572e+00	 -4.102887684416e-01	 -4.300290555306e-01	 -1.029823803359e-01	  0.000000000000e+00	 -4.261772921962e-01	
  4.690000000000e+02	  4.500000000000e+01	  7.200000000000e+00	  9.182859830418e-02	 -1.173317544471e+00	  1.599999999999e-02	  1.400000000000e-02	  1.600000000000e-03	  0.000000000000e+00	  1.920000000000e-03	  3.191872127984e-03	  1.447019343434e-03	  3.387889510997e-01	 -2.310374664867e-01	 -9.999000000000e+01	  1.107997743177e+01	 -8.631020506760e+00	 -4.662286989514e+00	 -2.557658337262e+00	 -5.086946395756e+00	 -4.117414199014e-01	 -4.305662825538e-01	 -1.032251577092e-01	  0.000000000000e+00	 -4.268931386216e-01	
  4.700000000000e+02	  4.500000000000e+01	  7.200000000000e+00	  9.189982321744e-02	 -1.281424347711e+00	  1.599999999999e-02	  1.400000000000e-02	  1.760000000000e-03	  0.000000000000e+00	  1.920000000000e-03	  3.340360269824e-03	  1.591733502020e-03	  3.800506472885e-01	 -2.311441430588e-01	 -9.999000000000e+01	  1.107961082579e+01	 -8.631020506760e+00	 -4.662286989514e+00	 -2.557658337262e+00	 -5.086946395756e+00	 -4.118398014263e-01	 -4.306792651859e-01	 -1.032507187162e-01	  0.000000000000e+00	 -4.270032722572e-01	
  4.710000000000e+02	  4.500000000000e+01	  7.200000000000e+00	  9.200666855889e-02	 -1.443162037136e+00	  1.599999999999e-02	  1.400000000000e-02	  2.000000000000e-03	  0.000000000000e+00	  1.920000000000e-03	  3.563092643751e-03	  1.808808888968e-03	  4.353716607409e-01	 -2.313041288060e-01	 -9.999000000000e+01	  1.107906112941e+01	 -8.631020506760e+00	 -4.662286989514e+00	 -2.557658337262e+00	 -5.086946395756e+00	 -4.119872512034e-01	 -4.308486182580e-01	 -1.032890307672e-01	  0.000000000000e+00	 -4.271683515156e-01	
  4.720000000000e+02	  4.500000000000e+01	  7.200000000000e+00	  9.218476528829e-02	 -1.711603893963e+00	  1.599999999999e-02	  1.400000000000e-02	  2.400000000000e-03	  0.000000000000e+00	  1.920000000000e-03	  3.934313708581e-03	  2.170612245341e-03	  5.142261659742e-01	 -2.315706936826e-01	 -9.999000000000e+01	  1.107814553572e+01	 -8.631020506760e+00	 -4.662286989514e+00	 -2.557658337262e+00	 -5.086946395756e+00	 -4.122326746789e-01	 -4.311305515630e-01	 -1.033528057571e-01	  0.000000000000e+00	 -4.274431609514e-01	
  4.730000000000e+02	  4.500000000000e+01	  7.200000000000e+00	  9.254103744865e-02	 -2.244322429190e+00	  1.599999999999e-02	  1.400000000000e-02	  3.200000000000e-03	  0.000000000000e+00	  1.920000000000e-03	  4.676757573463e-03	  2.894260245742e-03	  6.385131013658e-01	 -2.321035280967e-01	 -9.999000000000e+01	  1.107631647475e+01	 -8.631020506760e+00	 -4.662286989514e+00	 -2.557658337262e+00	 -5.086946395756e+00	 -4.127223022009e-01	 -4.316932148779e-01	 -1.034800625091e-01	  0.000000000000e+00	 -4.279915733800e-01	
  4.740000000000e+02	  4.500000000000e+01	  7.200000000000e+00	  9.325389160869e-02	 -3.293391965772e+00	  1.599999999999e-02	  1.400000000000e-02	  4.800000000000e-03	  0.000000000000e+00	  1.920000000000e-03	  6.161652848249e-03	  4.341720391380e-03	  8.133074293496e-01	 -2.331679950652e-01	 -9.999000000000e+01	  1.107266686016e+01	 -8.631020506760e+00	 -4.662286989514e+00	 -2.557658337262e+00	 -5.086946395756e+00	 -4.136967077647e-01	 -4.328137555444e-01	 -1.037334099113e-01	  0.000000000000e+00	 -4.290835998801e-01	
  4.750000000000e+02	  5.500000000000e+01	  7.200000000000e+00	  8.880419516558e-02	 -1.237272707609e+00	  1.599999999999e-02	  1.400000000000e-02	  1.600000000000e-03	  0.000000000000e+00	  1.920000000000e-03	  3.241121081876e-03	  1.442665917056e-03	  4.605179500308e-01	 -2.219697942823e-01	 -9.999000000000e+01	  1.162651740248e+01	 -8.742475689895e+00	 -4.742362780561e+00	 -2.487639798872e+00	 -5.843767846152e+00	 -4.154337971293e-01	 -4.336386571382e-01	 -1.040470922718e-01	  0.000000000000e+00	 -4.300864893316e-01	
  4.760000000000e+02	  5.500000000000e+01	  7.200000000000e+00	  8.887455263157e-02	 -1.348396936692e+00	  1.599999999999e-02	  1.400000000000e-02	  1.760000000000e-03	  0.000000000000e+00	  1.920000000000e-03	  3.390410507621e-03	  1.586947638774e-03	  5.017595956409e-01	 -2.220766367930e-01	 -9.999000000000e+01	  1.162610012161e+01	 -8.742475689895e+00	 -4.742362780561e+00	 -2.487639798872e+00	 -5.843767846152e+00	 -4.155359609033e-01	 -4.337552441928e-01	 -1.040735337324e-01	  0.000000000000e+00	 -4.302002620875e-01	
  4.770000000000e+02	  5.500000000000e+01	  7.200000000000e+00	  8.898010038108e-02	 -1.514642172245e+00	  1.599999999999e-02	  1.400000000000e-02	  2.000000000000e-03	  0.000000000000e+00	  1.920000000000e-03	  3.614343582063e-03	  1.803375353771e-03	  5.570505680453e-01	 -2.222368842032e-01	 -9.999000000000e+01	  1.162547446845e+01	 -8.742475689895e+00	 -4.742362780561e+00	 -2.487639798872e+00	 -5.843767846152e+00	 -4.156890828692e-01	 -4.339300034473e-01	 -1.041131662492e-01	  0.000000000000e+00	 -4.303707994321e-01	
  4.780000000000e+02	  5.500000000000e+01	  7.200000000000e+00	  8.915604395543e-02	 -1.790547321467e+00	  1.599999999999e-02	  1.400000000000e-02	  2.400000000000e-03	  0.000000000000e+00	  1.920000000000e-03	  3.987562558353e-03	  2.164101871500e-03	  6.358550974863e-01	 -2.225039190013e-01	 -9.999000000000e+01	  1.162443242811e+01	 -8.742475689895e+00	 -4.742362780561e+00	 -2.487639798872e+00	 -5.843767846152e+00	 -4.159439567593e-01	 -4.342209457702e-01	 -1.041791414248e-01	  0.000000000000e+00	 -4.306547040119e-01	
  4.790000000000e+02	  5.500000000000e+01	  7.200000000000e+00	  8.950804511766e-02	 -2.338009602037e+00	  1.599999999999e-02	  1.400000000000e-02	  3.200000000000e-03	  0.000000000000e+00	  1.920000000000e-03	  4.733990113009e-03	  2.885605947910e-03	  7.600424270579e-01	 -2.230378187602e-01	 -9.999000000000e+01	  1.162235102786e+01	 -8.742475689895e+00	 -4.742362780561e+00	 -2.487639798872e+00	 -5.843767846152e+00	 -4.164524724963e-01	 -4.348016217455e-01	 -1.043107962091e-01	  0.000000000000e+00	 -4.312212999408e-01	
  4.800000000000e+02	  5.500000000000e+01	  7.200000000000e+00	  9.021249618972e-02	 -3.415850362733e+00	  1.599999999999e-02	  1.400000000000e-02	  4.800000000001e-03	  0.000000000000e+00	  1.920000000000e-03	  6.226804825814e-03	  4.328816862615e-03	  9.346389143679e-01	 -2.241049084334e-01	 -9.999000000000e+01	  1.161819894336e+01	 -8.742475689895e+00	 -4.742362780561e+00	 -2.487639798872e+00	 -5.843767846152e+00	 -4.174646003482e-01	 -4.359581620671e-01	 -1.045729293816e-01	  0.000000000000e+00	 -4.323496622195e-01	
  4.810000000000e+02	  2.500000000000e+01	  7.200000000000e+00	  1.209533242248e-01	 -1.069269354522e+00	  2.000000000000e-02	  1.750000000000e-02	  2.000000000000e-03	  0.000000000000e+00	  2.400000000000e-03	  3.879384020453e-03	  1.797360038296e-03	  2.216029662779e-01	 -1.036887838768e-01	 -9.999000000000e+01	  1.030072901269e+01	 -8.447933552417e+00	 -4.548708465533e+00	 -2.711786013751e+00	 -3.421000000000e+00	 -4.316112957203e-01	 -4.564067271864e-01	 -1.087581423711e-01	  0.000000000000e+00	 -4.515685942174e-01	
  4.820000000000e+02	  2.500000000000e+01	  7.200000000000e+00	  1.210411005861e-01	 -1.171968680259e+00	  2.000000000000e-02	  1.750000000000e-02	  2.200000000000e-03	  0.000000000000e+00	  2.400000000000e-03	  4.061948841035e-03	  1.977108049477e-03	  2.628894384983e-01	 -1.037944517519e-01	 -9.999000000000e+01	  1.030043425527e+01	 -8.447933552417e+00	 -4.548708465533e+00	 -2.711786013751e+00	 -3.421000000000e+00	 -4.317010638064e-01	 -4.565144894266e-01	 -1.087820679897e-01	  0.000000000000e+00	 -4.516728454031e-01	
  4.830000000000e+02	  2.500000000000e+01	  7.200000000000e+00	  1.211727751270e-01	 -1.325634857306e+00	  2.000000000000e-02	  1.750000000000e-02	  2.500000000000e-03	  0.000000000000e+00	  2.400000000000e-03	  4.335797682395e-03	  2.246734147803e-03	  3.182475761412e-01	 -1.039529252280e-01	 -9.999000000000e+01	  1.029999221305e+01	 -8.447933552417e+00	 -4.548708465533e+00	 -2.711786013751e+00	 -3.421000000000e+00	 -4.318356037891e-01	 -4.566760226901e-01	 -1.088179296535e-01	  0.000000000000e+00	 -4.518291116850e-01	
  4.840000000000e+02	  2.500000000000e+01	  7.200000000000e+00	  1.213922592396e-01	 -1.580729296117e+00	  2.000000000000e-02	  1.750000000000e-02	  3.000000000000e-03	  0.000000000000e+00	  2.400000000000e-03	  4.792216719636e-03	  2.696121849875e-03	  3.971638490855e-01	 -1.042169716305e-01	 -9.999000000000e+01	  1.029925572767e+01	 -8.447933552417e+00	 -4.548708465533e+00	 -2.711786013751e+00	 -3.421000000000e+00	 -4.320595384963e-01	 -4.569449516404e-01	 -1.088776278318e-01	  0.000000000000e+00	 -4.520892612708e-01	
  4.850000000000e+02	  2.500000000000e+01	  7.200000000000e+00	  1.218313262075e-01	 -2.087141970286e+00	  2.000000000000e-02	  1.750000000000e-02	  4.000000000000e-03	  0.000000000000e+00	  2.400000000000e-03	  5.705070971831e-03	  3.594937937159e-03	  5.215739249363e-01	 -1.047447759296e-01	 -9.999000000000e+01	  1.029778370882e+01	 -8.447933552417e+00	 -4.548708465533e+00	 -2.711786013751e+00	 -3.421000000000e+00	 -4.325062912732e-01	 -4.574817131458e-01	 -1.089967576962e-01	  0.000000000000e+00	 -4.526084600975e-01	
  4.860000000000e+02	  2.500000000000e+01	  7.200000000000e+00	  1.227098490086e-01	 -3.085116523633e+00	  2.000000000000e-02	  1.750000000000e-02	  6.000000000000e-03	  0.000000000000e+00	  2.400000000000e-03	  7.530844538918e-03	  5.392732184313e-03	  6.966129717435e-01	 -1.057992055476e-01	 -9.999000000000e+01	  1.029484354057e+01	 -8.447933552417e+00	 -4.548708465533e+00	 -2.711786013751e+00	 -3.421000000000e+00	 -4.333953543339e-01	 -4.585508733807e-01	 -1.092339571827e-01	  0.000000000000e+00	 -4.536424794204e-01	
  4.870000000000e+02	  3.500000000000e+01	  7.200000000000e+00	  1.172133260599e-01	 -1.137221428552e+00	  2.000000000000e-02	  1.750000000000e-02	  2.000000000000e-03	  0.000000000000e+00	  2.400000000000e-03	  3.956194941314e-03	  1.808550042410e-03	  3.617259926855e-01	 -1.167018233557e-01	 -9.999000000000e+01	  1.095475321278e+01	 -8.532554079179e+00	 -4.597117738767e+00	 -2.632221320785e+00	 -4.281004617572e+00	 -4.349623066121e-01	 -4.589910384543e-01	 -1.094728238490e-01	  0.000000000000e+00	 -4.543025054119e-01	
  4.880000000000e+02	  3.500000000000e+01	  7.200000000000e+00	  1.173016431562e-01	 -1.243354261676e+00	  2.000000000000e-02	  1.750000000000e-02	  2.200000000000e-03	  0.000000000000e+00	  2.400000000000e-03	  4.140952306602e-03	  1.989418635398e-03	  4.029991062928e-01	 -1.168062517658e-01	 -9.999000000000e+01	  1.095443423337e+01	 -8.532554079179e+00	 -4.597117738767e+00	 -2.632221320785e+00	 -4.281004617572e+00	 -4.350570543576e-01	 -4.591038912046e-01	 -1.094979518245e-01	  0.000000000000e+00	 -4.544118254784e-01	
  4.890000000000e+02	  3.500000000000e+01	  7.200000000000e+00	  1.174341303548e-01	 -1.402146816684e+00	  2.000000000000e-02	  1.750000000000e-02	  2.500000000000e-03	  0.000000000000e+00	  2.400000000000e-03	  4.418089066493e-03	  2.260726140373e-03	  4.583372302936e-01	 -1.169628759288e-01	 -9.999000000000e+01	  1.095395588510e+01	 -8.532554079179e+00	 -4.597117738767e+00	 -2.632221320785e+00	 -4.281004617572e+00	 -4.351990555261e-01	 -4.592730522489e-01	 -1.095356150494e-01	  0.000000000000e+00	 -4.545756870347e-01	
  4.900000000000e+02	  3.500000000000e+01	  7.200000000000e+00	  1.176549730179e-01	 -1.665721971261e+00	  2.000000000000e-02	  1.750000000000e-02	  3.000000000000e-03	  0.000000000000e+00	  2.400000000000e-03	  4.879985578500e-03	  2.712917605215e-03	  5.372202117252e-01	 -1.172238663636e-01	 -9.999000000000e+01	  1.095315896139e+01	 -8.532554079179e+00	 -4.597117738767e+00	 -2.632221320785e+00	 -4.281004617572e+00	 -4.354354034276e-01	 -4.595546728963e-01	 -1.095983105707e-01	  0.000000000000e+00	 -4.548484739755e-01	
  4.910000000000e+02	  3.500000000000e+01	  7.200000000000e+00	  1.180967723622e-01	 -2.188861838360e+00	  2.000000000000e-02	  1.750000000000e-02	  4.000000000000e-03	  0.000000000000e+00	  2.400000000000e-03	  5.803785864152e-03	  3.617346500170e-03	  6.615639454164e-01	 -1.177456561428e-01	 -9.999000000000e+01	  1.095156633454e+01	 -8.532554079179e+00	 -4.597117738767e+00	 -2.632221320785e+00	 -4.281004617572e+00	 -4.359068998404e-01	 -4.601167381746e-01	 -1.097234154415e-01	  0.000000000000e+00	 -4.553928672801e-01	
  4.920000000000e+02	  3.500000000000e+01	  7.200000000000e+00	  1.189808196600e-01	 -3.219376166975e+00	  2.000000000000e-02	  1.750000000000e-02	  6.000000000000e-03	  0.000000000000e+00	  2.400000000000e-03	  7.651416174207e-03	  5.426387209000e-03	  8.364712619263e-01	 -1.187884394308e-01	 -9.999000000000e+01	  1.094838602155e+01	 -8.532554079179e+00	 -4.597117738767e+00	 -2.632221320785e+00	 -4.281004617572e+00	 -4.368451205933e-01	 -4.612361886236e-01	 -1.099724865462e-01	  0.000000000000e+00	 -4.564769558372e-01	
  4.930000000000e+02	  4.500000000000e+01	  7.200000000000e+00	  1.134342698311e-01	 -1.202818471085e+00	  2.000000000000e-02	  1.750000000000e-02	  2.000000000000e-03	  0.000000000000e+00	  2.400000000000e-03	  4.023464774923e-03	  1.809985322545e-03	  4.909551572591e-01	 -1.190578365172e-01	 -9.999000000000e+01	  1.154833705687e+01	 -8.631020506760e+00	 -4.662286989514e+00	 -2.557658337262e+00	 -5.086946395756e+00	 -4.386942899223e-01	 -4.619483152376e-01	 -1.102800677435e-01	  0.000000000000e+00	 -4.574109444444e-01	
  4.940000000000e+02	  4.500000000000e+01	  7.200000000000e+00	  1.135221572368e-01	 -1.312184036296e+00	  2.000000000000e-02	  1.750000000000e-02	  2.200000000000e-03	  0.000000000000e+00	  2.400000000000e-03	  4.209752585880e-03	  1.991000193657e-03	  5.322108744971e-01	 -1.191617020692e-01	 -9.999000000000e+01	  1.154797895562e+01	 -8.631020506760e+00	 -4.662286989514e+00	 -2.557658337262e+00	 -5.086946395756e+00	 -4.387934297734e-01	 -4.620654720069e-01	 -1.103062304098e-01	  0.000000000000e+00	 -4.575245857174e-01	
  4.950000000000e+02	  4.500000000000e+01	  7.200000000000e+00	  1.136540033074e-01	 -1.475804658490e+00	  2.000000000000e-02	  1.750000000000e-02	  2.500000000000e-03	  0.000000000000e+00	  2.400000000000e-03	  4.489183729986e-03	  2.262528045937e-03	  5.875229344419e-01	 -1.193174951626e-01	 -9.999000000000e+01	  1.154744196432e+01	 -8.631020506760e+00	 -4.662286989514e+00	 -2.557658337262e+00	 -5.086946395756e+00	 -4.389420148523e-01	 -4.622410855304e-01	 -1.103454447191e-01	  0.000000000000e+00	 -4.576949253981e-01	
  4.960000000000e+02	  4.500000000000e+01	  7.200000000000e+00	  1.138737864630e-01	 -1.747370868844e+00	  2.000000000000e-02	  1.750000000000e-02	  3.000000000000e-03	  0.000000000000e+00	  2.400000000000e-03	  4.954900802346e-03	  2.715089228760e-03	  6.663625568974e-01	 -1.195771355256e-01	 -9.999000000000e+01	  1.154654740809e+01	 -8.631020506760e+00	 -4.662286989514e+00	 -2.557658337262e+00	 -5.086946395756e+00	 -4.391893245721e-01	 -4.625334507970e-01	 -1.104107228325e-01	  0.000000000000e+00	 -4.579784993385e-01	
  4.970000000000e+02	  4.500000000000e+01	  7.200000000000e+00	  1.143135003646e-01	 -2.286286287825e+00	  2.000000000000e-02	  1.750000000000e-02	  4.000000000000e-03	  0.000000000000e+00	  2.400000000000e-03	  5.886329485299e-03	  3.620266778800e-03	  7.906198754075e-01	 -1.200963552228e-01	 -9.999000000000e+01	  1.154475991302e+01	 -8.631020506760e+00	 -4.662286989514e+00	 -2.557658337262e+00	 -5.086946395756e+00	 -4.396827017486e-01	 -4.631169693234e-01	 -1.105409832633e-01	  0.000000000000e+00	 -4.585444293088e-01	
  4.980000000000e+02	  4.500000000000e+01	  7.200000000000e+00	  1.151935085903e-01	 -3.347543770514e+00	  2.000000000000e-02	  1.750000000000e-02	  6.000000000000e-03	  0.000000000000e+00	  2.400000000000e-03	  7.749166283417e-03	  5.430841269192e-03	  9.653555616838e-01	 -1.211345082838e-01	 -9.999000000000e+01	  1.154119144875e+01	 -8.631020506760e+00	 -4.662286989514e+00	 -2.557658337262e+00	 -5.086946395756e+00	 -4.406645106796e-01	 -4.642791799406e-01	 -1.108003264935e-01	  0.000000000000e+00	 -4.596714395970e-01	
  4.990000000000e+02	  5.500000000000e+01	  7.200000000000e+00	  1.096979226031e-01	 -1.267365492158e+00	  2.000000000000e-02	  1.750000000000e-02	  2.000000000000e-03	  0.000000000000e+00	  2.400000000000e-03	  4.084571785058e-03	  1.803728368551e-03	  6.115718673891e-01	 -1.121192268927e-01	 -9.999000000000e+01	  1.208859443355e+01	 -8.742475689895e+00	 -4.742362780561e+00	 -2.487639798872e+00	 -5.843767846152e+00	 -4.428582578137e-01	 -4.653463319473e-01	 -1.111943252600e-01	  0.000000000000e+00	 -4.609584150432e-01	
  5.000000000000e+02	  5.500000000000e+01	  7.200000000000e+00	  1.097844590934e-01	 -1.379835917423e+00	  2.000000000000e-02	  1.750000000000e-02	  2.200000000000e-03	  0.000000000000e+00	  2.400000000000e-03	  4.271960825621e-03	  1.984121899153e-03	  6.528049367084e-01	 -1.122237968697e-01	 -9.999000000000e+01	  1.208817831760e+01	 -8.742475689895e+00	 -4.742362780561e+00	 -2.487639798872e+00	 -5.843767846152e+00	 -4.429610608306e-01	 -4.654668749447e-01	 -1.112213225808e-01	  0.000000000000e+00	 -4.610754965810e-01	
  5.010000000000e+02	  5.500000000000e+01	  7.200000000000e+00	  1.099142846041e-01	 -1.548095555956e+00	  2.000000000000e-02	  1.750000000000e-02	  2.500000000000e-03	  0.000000000000e+00	  2.400000000000e-03	  4.553041913086e-03	  2.254719213917e-03	  7.080830650508e-01	 -1.123806620023e-01	 -9.999000000000e+01	  1.208755436706e+01	 -8.742475689895e+00	 -4.742362780561e+00	 -2.487639798872e+00	 -5.843767846152e+00	 -4.431151419734e-01	 -4.656475703173e-01	 -1.112617893199e-01	  0.000000000000e+00	 -4.612509989331e-01	
  5.020000000000e+02	  5.500000000000e+01	  7.200000000000e+00	  1.101307155820e-01	 -1.827344994656e+00	  2.000000000000e-02	  1.750000000000e-02	  3.000000000000e-03	  0.000000000000e+00	  2.400000000000e-03	  5.021503840624e-03	  2.705733417518e-03	  7.868662419818e-01	 -1.126421298968e-01	 -9.999000000000e+01	  1.208651504625e+01	 -8.742475689895e+00	 -4.742362780561e+00	 -2.487639798872e+00	 -5.843767846152e+00	 -4.433716151728e-01	 -4.659484118671e-01	 -1.113291559773e-01	  0.000000000000e+00	 -4.615431832438e-01	
  5.030000000000e+02	  5.500000000000e+01	  7.200000000000e+00	  1.105637824309e-01	 -2.381446894989e+00	  2.000000000000e-02	  1.750000000000e-02	  4.000000000000e-03	  0.000000000000e+00	  2.400000000000e-03	  5.958403422404e-03	  3.607831615765e-03	  9.110110695200e-01	 -1.131651558416e-01	 -9.999000000000e+01	  1.208443864978e+01	 -8.742475689895e+00	 -4.742362780561e+00	 -2.487639798872e+00	 -5.843767846152e+00	 -4.438833310685e-01	 -4.665489064669e-01	 -1.114635976232e-01	  0.000000000000e+00	 -4.621263551696e-01	
  5.040000000000e+02	  5.500000000000e+01	  7.200000000000e+00	  1.114307217126e-01	 -3.472370998921e+00	  2.000000000000e-02	  1.750000000000e-02	  6.000000000000e-03	  0.000000000000e+00	  2.400000000000e-03	  7.832107749143e-03	  5.412305207876e-03	  1.085523360824e+00	 -1.142115123491e-01	 -9.999000000000e+01	  1.208029489100e+01	 -8.742475689895e+00	 -4.742362780561e+00	 -2.487639798872e+00	 -5.843767846152e+00	 -4.449018577577e-01	 -4.677451557088e-01	 -1.117313180791e-01	  0.000000000000e+00	 -4.632879268403e-01	
  5.050000000000e+02	  2.500000000000e+01	  7.200000000000e+00	  1.438415572900e-01	 -1.092250547968e+00	  2.400000000000e-02	  2.100000000000e-02	  2.400000000000e-03	  0.000000000000e+00	  2.880000000000e-03	  4.689364774120e-03	  2.159699848387e-03	  3.474769241084e-01	 -9.715348891988e-03	 -9.999000000000e+01	  1.069320235973e+01	 -8.447933552417e+00	 -4.548708465533e+00	 -2.711786013751e+00	 -3.421000000000e+00	 -4.530211210792e-01	 -4.825086403236e-01	 -1.145159716772e-01	  0.000000000000e+00	 -4.767549780320e-01	
  5.060000000000e+02	  2.500000000000e+01	  7.200000000000e+00	  1.439458975785e-01	 -1.195867105279e+00	  2.400000000000e-02	  2.100000000000e-02	  2.640000000000e-03	  0.000000000000e+00	  2.880000000000e-03	  4.909049737631e-03	  2.375684311242e-03	  3.887623003070e-01	 -9.816895461574e-03	 -9.999000000000e+01	  1.069292761137e+01	 -8.447933552417e+00	 -4.548708465533e+00	 -2.711786013751e+00	 -3.421000000000e+00	 -4.531104161842e-01	 -4.826193251878e-01	 -1.145402225386e-01	  0.000000000000e+00	 -4.768614892846e-01	
  5.070000000000e+02	  2.500000000000e+01	  7.200000000000e+00	  1.441024247383e-01	 -1.350905291950e+00	  2.400000000000e-02	  2.100000000000e-02	  3.000000000000e-03	  0.000000000000e+00	  2.880000000000e-03	  5.238578603846e-03	  2.699665929190e-03	  4.441187983529e-01	 -9.969209472829e-03	 -9.999000000000e+01	  1.069251551294e+01	 -8.447933552417e+00	 -4.548708465533e+00	 -2.711786013751e+00	 -3.421000000000e+00	 -4.532442452473e-01	 -4.827852423187e-01	 -1.145765719932e-01	  0.000000000000e+00	 -4.770211453291e-01	
  5.080000000000e+02	  2.500000000000e+01	  7.200000000000e+00	  1.443633477289e-01	 -1.608276202070e+00	  2.400000000000e-02	  2.100000000000e-02	  3.600000000000e-03	  0.000000000000e+00	  2.880000000000e-03	  5.787797186616e-03	  3.239648409362e-03	  5.230323504998e-01	 -1.022304969359e-02	 -9.999000000000e+01	  1.069182874894e+01	 -8.447933552417e+00	 -4.548708465533e+00	 -2.711786013751e+00	 -3.421000000000e+00	 -4.534669911587e-01	 -4.830614774431e-01	 -1.146370829413e-01	  0.000000000000e+00	 -4.772869435340e-01	
  5.090000000000e+02	  2.500000000000e+01	  7.200000000000e+00	  1.448853587395e-01	 -2.119203681220e+00	  2.400000000000e-02	  2.100000000000e-02	  4.800000000000e-03	  0.000000000000e+00	  2.880000000000e-03	  6.886248733990e-03	  4.319662471355e-03	  6.474370294816e-01	 -1.073066250451e-02	 -9.999000000000e+01	  1.069045548732e+01	 -8.447933552417e+00	 -4.548708465533e+00	 -2.711786013751e+00	 -3.421000000000e+00	 -4.539113511480e-01	 -4.836128496896e-01	 -1.147578374099e-01	  0.000000000000e+00	 -4.778174353401e-01	
  5.100000000000e+02	  2.500000000000e+01	  7.200000000000e+00	  1.459300299138e-01	 -3.126056538122e+00	  2.400000000000e-02	  2.100000000000e-02	  7.200000000000e-03	  0.000000000000e+00	  2.880000000000e-03	  9.083210193300e-03	  6.479886325231e-03	  8.224654631832e-01	 -1.174557285268e-02	 -9.999000000000e+01	  1.068771015200e+01	 -8.447933552417e+00	 -4.548708465533e+00	 -2.711786013751e+00	 -3.421000000000e+00	 -4.547955644062e-01	 -4.847112205385e-01	 -1.149982813908e-01	  0.000000000000e+00	 -4.788740193420e-01	
  5.110000000000e+02	  3.500000000000e+01	  7.200000000000e+00	  1.393562270839e-01	 -1.160441780190e+00	  2.400000000000e-02	  2.100000000000e-02	  2.400000000000e-03	  0.000000000000e+00	  2.880000000000e-03	  4.780138191284e-03	  2.172248290762e-03	  4.866645334600e-01	 -2.454937117323e-02	 -9.999000000000e+01	  1.134095338139e+01	 -8.532554079179e+00	 -4.597117738767e+00	 -2.632221320785e+00	 -4.281004617572e+00	 -4.567121447414e-01	 -4.852801712936e-01	 -1.152899762033e-01	  0.000000000000e+00	 -4.797059222102e-01	
  5.120000000000e+02	  3.500000000000e+01	  7.200000000000e+00	  1.394610345926e-01	 -1.267550441191e+00	  2.400000000000e-02	  2.100000000000e-02	  2.640000000000e-03	  0.000000000000e+00	  2.880000000000e-03	  5.002487939056e-03	  2.389489900703e-03	  5.279351573895e-01	 -2.464987113438e-02	 -9.999000000000e+01	  1.134065091211e+01	 -8.532554079179e+00	 -4.597117738767e+00	 -2.632221320785e+00	 -4.281004617572e+00	 -4.568064299408e-01	 -4.853959420323e-01	 -1.153154263473e-01	  0.000000000000e+00	 -4.798175006486e-01	
  5.130000000000e+02	  3.500000000000e+01	  7.200000000000e+00	  1.396182651152e-01	 -1.427802949160e+00	  2.400000000000e-02	  2.100000000000e-02	  3.000000000000e-03	  0.000000000000e+00	  2.880000000000e-03	  5.336012740253e-03	  2.715358016681e-03	  5.832695541619e-01	 -2.480062694552e-02	 -9.999000000000e+01	  1.134019726151e+01	 -8.532554079179e+00	 -4.597117738767e+00	 -2.632221320785e+00	 -4.281004617572e+00	 -4.569477365462e-01	 -4.855694808948e-01	 -1.153535729525e-01	  0.000000000000e+00	 -4.799847502902e-01	
  5.140000000000e+02	  3.500000000000e+01	  7.200000000000e+00	  1.398803670866e-01	 -1.693801265504e+00	  2.400000000000e-02	  2.100000000000e-02	  3.600000000000e-03	  0.000000000000e+00	  2.880000000000e-03	  5.891887914047e-03	  3.258486725213e-03	  6.621463430011e-01	 -2.505190121666e-02	 -9.999000000000e+01	  1.133944132178e+01	 -8.532554079179e+00	 -4.597117738767e+00	 -2.632221320785e+00	 -4.281004617572e+00	 -4.571829247662e-01	 -4.858584000189e-01	 -1.154170744227e-01	  0.000000000000e+00	 -4.802631853355e-01	
  5.150000000000e+02	  3.500000000000e+01	  7.200000000000e+00	  1.404047609270e-01	 -2.221749682333e+00	  2.400000000000e-02	  2.100000000000e-02	  4.800000000000e-03	  0.000000000000e+00	  2.880000000000e-03	  7.003640331919e-03	  4.344800933282e-03	  7.864777645863e-01	 -2.555449734846e-02	 -9.999000000000e+01	  1.133793000073e+01	 -8.532554079179e+00	 -4.597117738767e+00	 -2.632221320785e+00	 -4.281004617572e+00	 -4.576520934187e-01	 -4.864350694087e-01	 -1.155437922029e-01	  0.000000000000e+00	 -4.808188789716e-01	
  5.160000000000e+02	  3.500000000000e+01	  7.200000000000e+00	  1.414542950097e-01	 -3.261730673361e+00	  2.400000000000e-02	  2.100000000000e-02	  7.200000000000e-03	  0.000000000000e+00	  2.880000000000e-03	  9.227154789824e-03	  6.517655419409e-03	  9.613607500432e-01	 -2.655982594820e-02	 -9.999000000000e+01	  1.133490971446e+01	 -8.532554079179e+00	 -4.597117738767e+00	 -2.632221320785e+00	 -4.281004617572e+00	 -4.585856204602e-01	 -4.875837509372e-01	 -1.157960918984e-01	  0.000000000000e+00	 -4.819255791368e-01	
  5.170000000000e+02	  4.500000000000e+01	  7.200000000000e+00	  1.348510546247e-01	 -1.226410357125e+00	  2.400000000000e-02	  2.100000000000e-02	  2.400000000000e-03	  0.000000000000e+00	  2.880000000000e-03	  4.860059575758e-03	  2.173115976331e-03	  6.149531174422e-01	 -2.866988286723e-02	 -9.999000000000e+01	  1.192893279345e+01	 -8.631020506760e+00	 -4.662286989514e+00	 -2.557658337262e+00	 -5.086946395756e+00	 -4.608340930788e-01	 -4.884785592769e-01	 -1.161690631900e-01	  0.000000000000e+00	 -4.830845170919e-01	
  5.180000000000e+02	  4.500000000000e+01	  7.200000000000e+00	  1.349551111284e-01	 -1.336816315924e+00	  2.400000000000e-02	  2.100000000000e-02	  2.640000000000e-03	  0.000000000000e+00	  2.880000000000e-03	  5.084317059896e-03	  2.390448213742e-03	  6.562045375367e-01	 -2.877018787685e-02	 -9.999000000000e+01	  1.192858624947e+01	 -8.631020506760e+00	 -4.662286989514e+00	 -2.557658337262e+00	 -5.086946395756e+00	 -4.609327065228e-01	 -4.885985043041e-01	 -1.161955202680e-01	  0.000000000000e+00	 -4.832002998589e-01	
  5.190000000000e+02	  4.500000000000e+01	  7.200000000000e+00	  1.351112202951e-01	 -1.501993962329e+00	  2.400000000000e-02	  2.100000000000e-02	  3.000000000000e-03	  0.000000000000e+00	  2.880000000000e-03	  5.420701653723e-03	  2.716453575740e-03	  7.115101625867e-01	 -2.892066673368e-02	 -9.999000000000e+01	  1.192806652985e+01	 -8.631020506760e+00	 -4.662286989514e+00	 -2.557658337262e+00	 -5.086946395756e+00	 -4.610805027892e-01	 -4.887783029497e-01	 -1.162351767432e-01	  0.000000000000e+00	 -4.833738541379e-01	
  5.200000000000e+02	  4.500000000000e+01	  7.200000000000e+00	  1.353714670007e-01	 -1.776145691998e+00	  2.400000000000e-02	  2.100000000000e-02	  3.600000000000e-03	  0.000000000000e+00	  2.880000000000e-03	  5.981338333873e-03	  3.259814495802e-03	  7.903390890769e-01	 -2.917152040966e-02	 -9.999000000000e+01	  1.192720058991e+01	 -8.631020506760e+00	 -4.662286989514e+00	 -2.557658337262e+00	 -5.086946395756e+00	 -4.613264998173e-01	 -4.890776505525e-01	 -1.163011932266e-01	  0.000000000000e+00	 -4.836627918725e-01	
  5.210000000000e+02	  4.500000000000e+01	  7.200000000000e+00	  1.358922010245e-01	 -2.320196378640e+00	  2.400000000000e-02	  2.100000000000e-02	  4.800000000000e-03	  0.000000000000e+00	  2.880000000000e-03	  7.102595823741e-03	  4.346606056435e-03	  9.145751239080e-01	 -2.967342731051e-02	 -9.999000000000e+01	  1.192546969948e+01	 -8.631020506760e+00	 -4.662286989514e+00	 -2.557658337262e+00	 -5.086946395756e+00	 -4.618172582144e-01	 -4.896751594244e-01	 -1.164329355087e-01	  0.000000000000e+00	 -4.842394713834e-01	
  5.220000000000e+02	  4.500000000000e+01	  7.200000000000e+00	  1.369346144217e-01	 -3.391580915279e+00	  2.400000000000e-02	  2.100000000000e-02	  7.200000000000e-03	  0.000000000000e+00	  2.880000000000e-03	  9.345049538884e-03	  6.520466380136e-03	  1.089268675918e+00	 -3.067797180981e-02	 -9.999000000000e+01	  1.192201200127e+01	 -8.631020506760e+00	 -4.662286989514e+00	 -2.557658337262e+00	 -5.086946395756e+00	 -4.627938493642e-01	 -4.908654453206e-01	 -1.166952610842e-01	  0.000000000000e+00	 -4.853880607438e-01	
  5.230000000000e+02	  5.500000000000e+01	  7.200000000000e+00	  1.304214731651e-01	 -1.291429877337e+00	  2.400000000000e-02	  2.100000000000e-02	  2.400000000000e-03	  0.000000000000e+00	  2.880000000000e-03	  4.933126285853e-03	  2.164737876306e-03	  7.346224212885e-01	 -2.339779750107e-02	 -9.999000000000e+01	  1.246421146895e+01	 -8.742475689895e+00	 -4.742362780561e+00	 -2.487639798872e+00	 -5.843767846152e+00	 -4.654380729293e-01	 -4.921744749282e-01	 -1.171680764487e-01	  0.000000000000e+00	 -4.869576160016e-01	
  5.240000000000e+02	  5.500000000000e+01	  7.200000000000e+00	  1.305236187132e-01	 -1.405010488140e+00	  2.400000000000e-02	  2.100000000000e-02	  2.640000000000e-03	  0.000000000000e+00	  2.880000000000e-03	  5.158810916487e-03	  2.381238349363e-03	  7.758489128924e-01	 -2.349936682796e-02	 -9.999000000000e+01	  1.246380031168e+01	 -8.742475689895e+00	 -4.742362780561e+00	 -2.487639798872e+00	 -5.843767846152e+00	 -4.655401893377e-01	 -4.922975311739e-01	 -1.171953108670e-01	  0.000000000000e+00	 -4.870765864253e-01	
  5.250000000000e+02	  5.500000000000e+01	  7.200000000000e+00	  1.306768699852e-01	 -1.574932248340e+00	  2.400000000000e-02	  2.100000000000e-02	  3.000000000000e-03	  0.000000000000e+00	  2.880000000000e-03	  5.497333527063e-03	  2.705998109508e-03	  8.311171900776e-01	 -2.365176008734e-02	 -9.999000000000e+01	  1.246318374064e+01	 -8.742475689895e+00	 -4.742362780561e+00	 -2.487639798872e+00	 -5.843767846152e+00	 -4.656932440035e-01	 -4.924820023505e-01	 -1.172361345083e-01	  0.000000000000e+00	 -4.872549275511e-01	
  5.260000000000e+02	  5.500000000000e+01	  7.200000000000e+00	  1.309323761799e-01	 -1.856943427766e+00	  2.400000000000e-02	  2.100000000000e-02	  3.600000000000e-03	  0.000000000000e+00	  2.880000000000e-03	  6.061526388893e-03	  3.247288461677e-03	  9.098839895182e-01	 -2.390585188561e-02	 -9.999000000000e+01	  1.246215656452e+01	 -8.742475689895e+00	 -4.742362780561e+00	 -2.487639798872e+00	 -5.843767846152e+00	 -4.659480153734e-01	 -4.927891524903e-01	 -1.173040992994e-01	  0.000000000000e+00	 -4.875518574431e-01	
  5.270000000000e+02	  5.500000000000e+01	  7.200000000000e+00	  1.314437132858e-01	 -2.416536791985e+00	  2.400000000000e-02	  2.100000000000e-02	  4.800000000000e-03	  0.000000000000e+00	  2.880000000000e-03	  7.189869508995e-03	  4.329959152507e-03	  1.033996216178e+00	 -2.441441062087e-02	 -9.999000000000e+01	  1.246010388790e+01	 -8.742475689895e+00	 -4.742362780561e+00	 -2.487639798872e+00	 -5.843767846152e+00	 -4.664563599232e-01	 -4.934023211468e-01	 -1.174397492267e-01	  0.000000000000e+00	 -4.881445726154e-01	
  5.280000000000e+02	  5.500000000000e+01	  7.200000000000e+00	  1.324676629956e-01	 -3.518313742445e+00	  2.400000000000e-02	  2.100000000000e-02	  7.200000000000e-03	  0.000000000000e+00	  2.880000000000e-03	  9.446389008720e-03	  6.495657907806e-03	  1.208443921644e+00	 -2.543294328486e-02	 -9.999000000000e+01	  1.245600536586e+01	 -8.742475689895e+00	 -4.742362780561e+00	 -2.487639798872e+00	 -5.843767846152e+00	 -4.674682633003e-01	 -4.946241342144e-01	 -1.177099316650e-01	  0.000000000000e+00	 -4.893254276946e-01	
  5.290000000000e+02	  2.500000000000e+01	  7.200000000000e+00	  1.665505027108e-01	 -1.111404548876e+00	  2.800000000000e-02	  2.450000000000e-02	  2.800000000000e-03	  0.000000000000e+00	  3.360000000000e-03	  5.503570210176e-03	  2.522544902328e-03	  4.538406342468e-01	  6.901710186402e-02	 -9.999000000000e+01	  1.102402464724e+01	 -8.447933552417e+00	 -4.548708465533e+00	 -2.711786013751e+00	 -3.421000000000e+00	 -4.709800404934e-01	 -5.051228935491e-01	 -1.194398877410e-01	  0.000000000000e+00	 -4.984608734407e-01	
  5.300000000000e+02	  2.500000000000e+01	  7.200000000000e+00	  1.666710317439e-01	 -1.215812437811e+00	  2.800000000000e-02	  2.450000000000e-02	  3.080000000000e-03	  0.000000000000e+00	  3.360000000000e-03	  5.760501669598e-03	  2.774816193046e-03	  4.951258088076e-01	  6.892020111496e-02	 -9.999000000000e+01	  1.102377131485e+01	 -8.447933552417e+00	 -4.548708465533e+00	 -2.711786013751e+00	 -3.421000000000e+00	 -4.710681005645e-01	 -5.052356620720e-01	 -1.194642815095e-01	  0.000000000000e+00	 -4.985688208023e-01	
  5.310000000000e+02	  2.500000000000e+01	  7.200000000000e+00	  1.668518507965e-01	 -1.372034712624e+00	  2.800000000000e-02	  2.450000000000e-02	  3.500000000000e-03	  0.000000000000e+00	  3.360000000000e-03	  6.145899886538e-03	  3.153228846017e-03	  5.504820063443e-01	  6.877483098888e-02	 -9.999000000000e+01	  1.102339126179e+01	 -8.447933552417e+00	 -4.548708465533e+00	 -2.711786013751e+00	 -3.421000000000e+00	 -4.712000774110e-01	 -5.054047068242e-01	 -1.195008457310e-01	  0.000000000000e+00	 -4.987306327924e-01	
  5.320000000000e+02	  2.500000000000e+01	  7.200000000000e+00	  1.671532835443e-01	 -1.631371346317e+00	  2.800000000000e-02	  2.450000000000e-02	  4.200000000000e-03	  0.000000000000e+00	  3.360000000000e-03	  6.788233018852e-03	  3.783931834661e-03	  6.293950629085e-01	  6.853249810394e-02	 -9.999000000000e+01	  1.102275769862e+01	 -8.447933552417e+00	 -4.548708465533e+00	 -2.711786013751e+00	 -3.421000000000e+00	 -4.714197370915e-01	 -5.056861602181e-01	 -1.195617156800e-01	  0.000000000000e+00	 -4.990000288763e-01	
  5.330000000000e+02	  2.500000000000e+01	  7.200000000000e+00	  1.677564004418e-01	 -2.146201200047e+00	  2.800000000000e-02	  2.450000000000e-02	  5.600000000000e-03	  0.000000000000e+00	  3.360000000000e-03	  8.072909873323e-03	  5.045394861117e-03	  7.537987709580e-01	  6.804765618637e-02	 -9.999000000000e+01	  1.102149006752e+01	 -8.447933552417e+00	 -4.548708465533e+00	 -2.711786013751e+00	 -3.421000000000e+00	 -4.718579269824e-01	 -5.062479890730e-01	 -1.196831919359e-01	  0.000000000000e+00	 -4.995377330553e-01	
  5.340000000000e+02	  2.500000000000e+01	  7.200000000000e+00	  1.689636221163e-01	 -3.160742703520e+00	  2.800000000000e-02	  2.450000000000e-02	  8.400000000000e-03	  0.000000000000e+00	  3.360000000000e-03	  1.064230745833e-02	  7.568548503378e-03	  9.288253473405e-01	  6.707733529711e-02	 -9.999000000000e+01	  1.101895298053e+01	 -8.447933552417e+00	 -4.548708465533e+00	 -2.711786013751e+00	 -3.421000000000e+00	 -4.727298047891e-01	 -5.073673473229e-01	 -1.199250933052e-01	  0.000000000000e+00	 -5.006088024382e-01	
  5.350000000000e+02	  3.500000000000e+01	  7.200000000000e+00	  1.613312223975e-01	 -1.179768059895e+00	  2.800000000000e-02	  2.450000000000e-02	  2.800000000000e-03	  0.000000000000e+00	  3.360000000000e-03	  5.608173105756e-03	  2.536257284776e-03	  5.922098824049e-01	  5.267374615083e-02	 -9.999000000000e+01	  1.166655817493e+01	 -8.532554079179e+00	 -4.597117738767e+00	 -2.632221320785e+00	 -4.281004617572e+00	 -4.749978243004e-01	 -5.080707248919e-01	 -1.202700302208e-01	  0.000000000000e+00	 -5.016174759960e-01	
  5.360000000000e+02	  3.500000000000e+01	  7.200000000000e+00	  1.614520961775e-01	 -1.287714951743e+00	  2.800000000000e-02	  2.450000000000e-02	  3.080000000000e-03	  0.000000000000e+00	  3.360000000000e-03	  5.868249981145e-03	  2.789902963269e-03	  6.334790369214e-01	  5.257765823768e-02	 -9.999000000000e+01	  1.166627383725e+01	 -8.532554079179e+00	 -4.597117738767e+00	 -2.632221320785e+00	 -4.281004617572e+00	 -4.750908401542e-01	 -5.081885198706e-01	 -1.202956085399e-01	  0.000000000000e+00	 -5.017304360235e-01	
  5.370000000000e+02	  3.500000000000e+01	  7.200000000000e+00	  1.616334360727e-01	 -1.449222041474e+00	  2.800000000000e-02	  2.450000000000e-02	  3.500000000000e-03	  0.000000000000e+00	  3.360000000000e-03	  6.258364694346e-03	  3.170378260926e-03	  6.888112340274e-01	  5.243349391947e-02	 -9.999000000000e+01	  1.166584730722e+01	 -8.532554079179e+00	 -4.597117738767e+00	 -2.632221320785e+00	 -4.281004617572e+00	 -4.752302439532e-01	 -5.083650983481e-01	 -1.203339480616e-01	  0.000000000000e+00	 -5.018997609052e-01	
  5.380000000000e+02	  3.500000000000e+01	  7.200000000000e+00	  1.619357467518e-01	 -1.717303942280e+00	  2.800000000000e-02	  2.450000000000e-02	  4.200000000000e-03	  0.000000000000e+00	  3.360000000000e-03	  6.908554326834e-03	  3.804521814152e-03	  7.676843686928e-01	  5.219313508993e-02	 -9.999000000000e+01	  1.166513636508e+01	 -8.532554079179e+00	 -4.597117738767e+00	 -2.632221320785e+00	 -4.281004617572e+00	 -4.754622639411e-01	 -5.086590920252e-01	 -1.203977727692e-01	  0.000000000000e+00	 -5.021816621551e-01	
  5.390000000000e+02	  3.500000000000e+01	  7.200000000000e+00	  1.625406560513e-01	 -2.249391752886e+00	  2.800000000000e-02	  2.450000000000e-02	  5.600000000000e-03	  0.000000000000e+00	  3.360000000000e-03	  8.208928046616e-03	  5.072876481980e-03	  8.920085270973e-01	  5.171210923518e-02	 -9.999000000000e+01	  1.166371428648e+01	 -8.532554079179e+00	 -4.597117738767e+00	 -2.632221320785e+00	 -4.281004617572e+00	 -4.759251069991e-01	 -5.092459414896e-01	 -1.205251432154e-01	  0.000000000000e+00	 -5.027443152476e-01	
  5.400000000000e+02	  3.500000000000e+01	  7.200000000000e+00	  1.637516053685e-01	 -3.297539910448e+00	  2.800000000000e-02	  2.450000000000e-02	  8.400000000000e-03	  0.000000000000e+00	  3.360000000000e-03	  1.080965551847e-02	  7.609854874234e-03	  1.066877169840e+00	  5.074890399454e-02	 -9.999000000000e+01	  1.166086954975e+01	 -8.532554079179e+00	 -4.597117738767e+00	 -2.632221320785e+00	 -4.281004617572e+00	 -4.768460203060e-01	 -5.104150994065e-01	 -1.207787713342e-01	  0.000000000000e+00	 -5.038650351918e-01	
  5.410000000000e+02	  4.500000000000e+01	  7.200000000000e+00	  1.561141337398e-01	 -1.246036918703e+00	  2.800000000000e-02	  2.450000000000e-02	  2.800000000000e-03	  0.000000000000e+00	  3.360000000000e-03	  5.700750840328e-03	  2.536365631453e-03	  7.196725535560e-01	  4.709947044083e-02	 -9.999000000000e+01	  1.224988321957e+01	 -8.631020506760e+00	 -4.662286989514e+00	 -2.557658337262e+00	 -5.086946395756e+00	 -4.794896860195e-01	 -5.114930834361e-01	 -1.212161987099e-01	  0.000000000000e+00	 -5.052485180865e-01	
  5.420000000000e+02	  4.500000000000e+01	  7.200000000000e+00	  1.562338763928e-01	 -1.357334001603e+00	  2.800000000000e-02	  2.450000000000e-02	  3.080000000000e-03	  0.000000000000e+00	  3.360000000000e-03	  5.963128890592e-03	  2.790027272948e-03	  7.609208707947e-01	  4.700318201600e-02	 -9.999000000000e+01	  1.224955022338e+01	 -8.631020506760e+00	 -4.662286989514e+00	 -2.557658337262e+00	 -5.086946395756e+00	 -4.795869332623e-01	 -5.116148779228e-01	 -1.212427470568e-01	  0.000000000000e+00	 -5.053655228671e-01	
  5.430000000000e+02	  4.500000000000e+01	  7.200000000000e+00	  1.564135268209e-01	 -1.523845865951e+00	  2.800000000000e-02	  2.450000000000e-02	  3.500000000000e-03	  0.000000000000e+00	  3.360000000000e-03	  6.356692951166e-03	  3.170528248787e-03	  8.162218490557e-01	  4.685869930084e-02	 -9.999000000000e+01	  1.224905075111e+01	 -8.631020506760e+00	 -4.662286989514e+00	 -2.557658337262e+00	 -5.086946395756e+00	 -4.797326831010e-01	 -5.117974560992e-01	 -1.212825415467e-01	  0.000000000000e+00	 -5.055409150264e-01	
  5.440000000000e+02	  4.500000000000e+01	  7.200000000000e+00	  1.567130408714e-01	 -1.800214673866e+00	  2.800000000000e-02	  2.450000000000e-02	  4.200000000000e-03	  0.000000000000e+00	  3.360000000000e-03	  7.012625079918e-03	  3.804719206672e-03	  8.950430509395e-01	  4.661776313090e-02	 -9.999000000000e+01	  1.224821836020e+01	 -8.631020506760e+00	 -4.662286989514e+00	 -2.557658337262e+00	 -5.086946395756e+00	 -4.799752769158e-01	 -5.121014502944e-01	 -1.213487909733e-01	  0.000000000000e+00	 -5.058329286595e-01	
  5.450000000000e+02	  4.500000000000e+01	  7.200000000000e+00	  1.573124279772e-01	 -2.348674463955e+00	  2.800000000000e-02	  2.450000000000e-02	  5.600000000000e-03	  0.000000000000e+00	  3.360000000000e-03	  8.324459891487e-03	  5.073185858905e-03	  1.019263712076e+00	  4.613540976770e-02	 -9.999000000000e+01	  1.224655384139e+01	 -8.631020506760e+00	 -4.662286989514e+00	 -2.557658337262e+00	 -5.086946395756e+00	 -4.804592559222e-01	 -5.127083036576e-01	 -1.214810097899e-01	  0.000000000000e+00	 -5.064158065385e-01	
  5.460000000000e+02	  4.500000000000e+01	  7.200000000000e+00	  1.585126114556e-01	 -3.428775338096e+00	  2.800000000000e-02	  2.450000000000e-02	  8.400000000000e-03	  0.000000000000e+00	  3.360000000000e-03	  1.094801516370e-02	  7.610456122259e-03	  1.193926821380e+00	  4.516887502998e-02	 -9.999000000000e+01	  1.224322606233e+01	 -8.631020506760e+00	 -4.662286989514e+00	 -2.557658337262e+00	 -5.086946395756e+00	 -4.814223882333e-01	 -5.139174735817e-01	 -1.217443287847e-01	  0.000000000000e+00	 -5.075769691235e-01	
  5.470000000000e+02	  5.500000000000e+01	  7.200000000000e+00	  1.510074116229e-01	 -1.311458991411e+00	  2.800000000000e-02	  2.450000000000e-02	  2.800000000000e-03	  0.000000000000e+00	  3.360000000000e-03	  5.785901174577e-03	  2.525670777381e-03	  8.385055633922e-01	  5.100654401882e-02	 -9.999000000000e+01	  1.278102790870e+01	 -8.742475689895e+00	 -4.742362780561e+00	 -2.487639798872e+00	 -5.843767846152e+00	 -4.845059316155e-01	 -5.154624509982e-01	 -1.222933953229e-01	  0.000000000000e+00	 -5.094221545333e-01	
  5.480000000000e+02	  5.500000000000e+01	  7.200000000000e+00	  1.511246150257e-01	 -1.425989155975e+00	  2.800000000000e-02	  2.450000000000e-02	  3.080000000000e-03	  0.000000000000e+00	  3.360000000000e-03	  6.050055313692e-03	  2.778270897595e-03	  8.797269067963e-01	  5.090842125857e-02	 -9.999000000000e+01	  1.278062425475e+01	 -8.742475689895e+00	 -4.742362780561e+00	 -2.487639798872e+00	 -5.843767846152e+00	 -4.846065037146e-01	 -5.155870497949e-01	 -1.223206578750e-01	  0.000000000000e+00	 -5.095420651938e-01	
  5.490000000000e+02	  5.500000000000e+01	  7.200000000000e+00	  1.513004683123e-01	 -1.597333232660e+00	  2.800000000000e-02	  2.450000000000e-02	  3.500000000000e-03	  0.000000000000e+00	  3.360000000000e-03	  6.446279884403e-03	  3.157182284460e-03	  9.349874730855e-01	  5.076116669217e-02	 -9.999000000000e+01	  1.278001886887e+01	 -8.742475689895e+00	 -4.742362780561e+00	 -2.487639798872e+00	 -5.843767846152e+00	 -4.847572474623e-01	 -5.157738434663e-01	 -1.223615255556e-01	  0.000000000000e+00	 -5.097218247338e-01	
  5.500000000000e+02	  5.500000000000e+01	  7.200000000000e+00	  1.515936849071e-01	 -1.881709498464e+00	  2.800000000000e-02	  2.450000000000e-02	  4.200000000000e-03	  0.000000000000e+00	  3.360000000000e-03	  7.106636574558e-03	  3.788731085210e-03	  1.013741451500e+00	  5.051555694800e-02	 -9.999000000000e+01	  1.277901015027e+01	 -8.742475689895e+00	 -4.742362780561e+00	 -2.487639798872e+00	 -5.843767846152e+00	 -4.850081818607e-01	 -5.160848872667e-01	 -1.224295685865e-01	  0.000000000000e+00	 -5.100211398704e-01	
  5.510000000000e+02	  5.500000000000e+01	  7.200000000000e+00	  1.521805925946e-01	 -2.446012176122e+00	  2.800000000000e-02	  2.450000000000e-02	  5.600000000000e-03	  0.000000000000e+00	  3.360000000000e-03	  8.427284690556e-03	  5.051940108089e-03	  1.137828150732e+00	  5.002365753005e-02	 -9.999000000000e+01	  1.277699370903e+01	 -8.742475689895e+00	 -4.742362780561e+00	 -2.487639798872e+00	 -5.843767846152e+00	 -4.855089055348e-01	 -5.167059270167e-01	 -1.225653927348e-01	  0.000000000000e+00	 -5.106187033129e-01	
  5.520000000000e+02	  5.500000000000e+01	  7.200000000000e+00	  1.533562702050e-01	 -3.557121021891e+00	  2.800000000000e-02	  2.450000000000e-02	  8.400000000000e-03	  0.000000000000e+00	  3.360000000000e-03	  1.106832532394e-02	  7.578800644656e-03	  1.312225262458e+00	  4.903725724182e-02	 -9.999000000000e+01	  1.277296502889e+01	 -8.742475689895e+00	 -4.742362780561e+00	 -2.487639798872e+00	 -5.843767846152e+00	 -4.865057678985e-01	 -5.179438032905e-01	 -1.228359914697e-01	  0.000000000000e+00	 -5.118095524823e-01	
  5.530000000000e+02	  2.500000000000e+01	  7.200000000000e+00	  1.891058580376e-01	 -1.127811084877e+00	  3.200000000000e-02	  2.800000000000e-02	  3.200000000000e-03	  0.000000000000e+00	  3.840000000000e-03	  6.321312693690e-03	  2.885831346933e-03	  5.460192303893e-01	  1.367745601064e-01	 -9.999000000000e+01	  1.131030699061e+01	 -8.447933552417e+00	 -4.548708465533e+00	 -2.711786013751e+00	 -3.421000000000e+00	 -4.863228438017e-01	 -5.250895446994e-01	 -1.237328543226e-01	  0.000000000000e+00	 -5.175253103779e-01	
  5.540000000000e+02	  2.500000000000e+01	  7.200000000000e+00	  1.892422024682e-01	 -1.232918068122e+00	  3.200000000000e-02	  2.800000000000e-02	  3.520000000000e-03	  0.000000000000e+00	  3.840000000000e-03	  6.615604911509e-03	  3.174433424722e-03	  5.873048615114e-01	  1.366826413290e-01	 -9.999000000000e+01	  1.131007597163e+01	 -8.447933552417e+00	 -4.548708465533e+00	 -2.711786013751e+00	 -3.421000000000e+00	 -4.864091443348e-01	 -5.252037958408e-01	 -1.237572635697e-01	  0.000000000000e+00	 -5.176341077420e-01	
  5.550000000000e+02	  2.500000000000e+01	  7.200000000000e+00	  1.894467555808e-01	 -1.390186746263e+00	  3.200000000000e-02	  2.800000000000e-02	  4.000000000000e-03	  0.000000000000e+00	  3.840000000000e-03	  7.057043665358e-03	  3.607342992166e-03	  6.426617437176e-01	  1.365447173200e-01	 -9.999000000000e+01	  1.130972930237e+01	 -8.447933552417e+00	 -4.548708465533e+00	 -2.711786013751e+00	 -3.421000000000e+00	 -4.865384835149e-01	 -5.253750684090e-01	 -1.237938517842e-01	  0.000000000000e+00	 -5.177971981858e-01	
  5.560000000000e+02	  2.500000000000e+01	  7.200000000000e+00	  1.897877741559e-01	 -1.651261402956e+00	  3.200000000000e-02	  2.800000000000e-02	  4.800000000000e-03	  0.000000000000e+00	  3.840000000000e-03	  7.792776108264e-03	  4.328876132090e-03	  7.215759410480e-01	  1.363147235618e-01	 -9.999000000000e+01	  1.130915115033e+01	 -8.447933552417e+00	 -4.548708465533e+00	 -2.711786013751e+00	 -3.421000000000e+00	 -4.867537513451e-01	 -5.256602450471e-01	 -1.238547637560e-01	  0.000000000000e+00	 -5.180687340808e-01	
  5.570000000000e+02	  2.500000000000e+01	  7.200000000000e+00	  1.904701705079e-01	 -2.169544779314e+00	  3.200000000000e-02	  2.800000000000e-02	  6.400000000000e-03	  0.000000000000e+00	  3.840000000000e-03	  9.264245760207e-03	  5.772006836087e-03	  8.459819300440e-01	  1.358542967683e-01	 -9.999000000000e+01	  1.130799349536e+01	 -8.447933552417e+00	 -4.548708465533e+00	 -2.711786013751e+00	 -3.421000000000e+00	 -4.871831727484e-01	 -5.262295577026e-01	 -1.239763314699e-01	  0.000000000000e+00	 -5.186107508822e-01	
  5.580000000000e+02	  2.500000000000e+01	  7.200000000000e+00	  1.918363733430e-01	 -3.190902641823e+00	  3.200000000000e-02	  2.800000000000e-02	  9.600000000000e-03	  0.000000000000e+00	  3.840000000000e-03	  1.220720653722e-02	  8.658525504640e-03	  1.021013071420e+00	  1.349317792700e-01	 -9.999000000000e+01	  1.130567305872e+01	 -8.447933552417e+00	 -4.548708465533e+00	 -2.711786013751e+00	 -3.421000000000e+00	 -4.880375686853e-01	 -5.273640252206e-01	 -1.242184437706e-01	  0.000000000000e+00	 -5.196905702869e-01	
  5.590000000000e+02	  3.500000000000e+01	  7.200000000000e+00	  1.831631374927e-01	 -1.196308632049e+00	  3.200000000000e-02	  2.800000000000e-02	  3.200000000000e-03	  0.000000000000e+00	  3.840000000000e-03	  6.439656429586e-03	  2.900529439222e-03	  6.836542731607e-01	  1.191419062809e-01	 -9.999000000000e+01	  1.194836151301e+01	 -8.532554079179e+00	 -4.597117738767e+00	 -2.632221320785e+00	 -4.281004617572e+00	 -4.906545915094e-01	 -5.282030346954e-01	 -1.246161138249e-01	  0.000000000000e+00	 -5.208765091957e-01	
  5.600000000000e+02	  3.500000000000e+01	  7.200000000000e+00	  1.832996591264e-01	 -1.304993533196e+00	  3.200000000000e-02	  2.800000000000e-02	  3.520000000000e-03	  0.000000000000e+00	  3.840000000000e-03	  6.737582417807e-03	  3.190605446172e-03	  7.249227132642e-01	  1.190505369471e-01	 -9.999000000000e+01	  1.194809637755e+01	 -8.532554079179e+00	 -4.597117738767e+00	 -2.632221320785e+00	 -4.281004617572e+00	 -4.907457855295e-01	 -5.283222156505e-01	 -1.246416852854e-01	  0.000000000000e+00	 -5.209902292854e-01	
  5.610000000000e+02	  3.500000000000e+01	  7.200000000000e+00	  1.835044831590e-01	 -1.467605604700e+00	  3.200000000000e-02	  2.800000000000e-02	  4.000000000000e-03	  0.000000000000e+00	  3.840000000000e-03	  7.184469773102e-03	  3.625727297609e-03	  7.802538408070e-01	  1.189134220111e-01	 -9.999000000000e+01	  1.194769856592e+01	 -8.532554079179e+00	 -4.597117738767e+00	 -2.632221320785e+00	 -4.281004617572e+00	 -4.908824592074e-01	 -5.285008782550e-01	 -1.246800155734e-01	  0.000000000000e+00	 -5.211606989286e-01	
  5.620000000000e+02	  3.500000000000e+01	  7.200000000000e+00	  1.838459668162e-01	 -1.737523692367e+00	  3.200000000000e-02	  2.800000000000e-02	  4.800000000000e-03	  0.000000000000e+00	  3.840000000000e-03	  7.929277758550e-03	  4.350951269792e-03	  8.591251984526e-01	  1.186847367442e-01	 -9.999000000000e+01	  1.194703526296e+01	 -8.532554079179e+00	 -4.597117738767e+00	 -2.632221320785e+00	 -4.281004617572e+00	 -4.911099358615e-01	 -5.287983590589e-01	 -1.247438276626e-01	  0.000000000000e+00	 -5.214445203862e-01	
  5.630000000000e+02	  3.500000000000e+01	  7.200000000000e+00	  1.845293435283e-01	 -2.273263246644e+00	  3.200000000000e-02	  2.800000000000e-02	  6.400000000000e-03	  0.000000000000e+00	  3.840000000000e-03	  9.418878140766e-03	  5.801477383257e-03	  9.834458244386e-01	  1.182267789515e-01	 -9.999000000000e+01	  1.194570763121e+01	 -8.532554079179e+00	 -4.597117738767e+00	 -2.632221320785e+00	 -4.281004617572e+00	 -4.915637170557e-01	 -5.293922324790e-01	 -1.248711829969e-01	  0.000000000000e+00	 -5.220110587378e-01	
  5.640000000000e+02	  3.500000000000e+01	  7.200000000000e+00	  1.858977032182e-01	 -3.328630994610e+00	  3.200000000000e-02	  2.800000000000e-02	  9.600000000000e-03	  0.000000000000e+00	  3.840000000000e-03	  1.239801987514e-02	  8.702841074227e-03	  1.158307493851e+00	  1.173086217939e-01	 -9.999000000000e+01	  1.194304854916e+01	 -8.532554079179e+00	 -4.597117738767e+00	 -2.632221320785e+00	 -4.281004617572e+00	 -4.924665986768e-01	 -5.305756278366e-01	 -1.251248193796e-01	  0.000000000000e+00	 -5.231397197078e-01	
  5.650000000000e+02	  4.500000000000e+01	  7.200000000000e+00	  1.772468314698e-01	 -1.262834619191e+00	  3.200000000000e-02	  2.800000000000e-02	  3.200000000000e-03	  0.000000000000e+00	  3.840000000000e-03	  6.544922869950e-03	  2.899702631804e-03	  8.103735956395e-01	  1.123318875042e-01	 -9.999000000000e+01	  1.252769444726e+01	 -8.631020506760e+00	 -4.662286989514e+00	 -2.557658337262e+00	 -5.086946395756e+00	 -4.954981053714e-01	 -5.318337058227e-01	 -1.256250799081e-01	  0.000000000000e+00	 -5.247438325639e-01	
  5.660000000000e+02	  4.500000000000e+01	  7.200000000000e+00	  1.773817882473e-01	 -1.374914607139e+00	  3.200000000000e-02	  2.800000000000e-02	  3.520000000000e-03	  0.000000000000e+00	  3.840000000000e-03	  6.845558158377e-03	  3.189702510660e-03	  8.516196993210e-01	  1.122399037949e-01	 -9.999000000000e+01	  1.252737635933e+01	 -8.631020506760e+00	 -4.662286989514e+00	 -2.557658337262e+00	 -5.086946395756e+00	 -4.955934160806e-01	 -5.319566826713e-01	 -1.256515790380e-01	  0.000000000000e+00	 -5.248614111414e-01	
  5.670000000000e+02	  4.500000000000e+01	  7.200000000000e+00	  1.775842746058e-01	 -1.542599136500e+00	  3.200000000000e-02	  2.800000000000e-02	  4.000000000000e-03	  0.000000000000e+00	  3.840000000000e-03	  7.296506375087e-03	  3.624712384725e-03	  9.069173619460e-01	  1.121018475974e-01	 -9.999000000000e+01	  1.252689916638e+01	 -8.631020506760e+00	 -4.662286989514e+00	 -2.557658337262e+00	 -5.086946395756e+00	 -4.957362654658e-01	 -5.321410417600e-01	 -1.256913012352e-01	  0.000000000000e+00	 -5.250376707758e-01	
  5.680000000000e+02	  4.500000000000e+01	  7.200000000000e+00	  1.779218876117e-01	 -1.820917818173e+00	  3.200000000000e-02	  2.800000000000e-02	  4.800000000000e-03	  0.000000000000e+00	  3.840000000000e-03	  8.048074257403e-03	  4.349755613825e-03	  9.857330504059e-01	  1.118715414361e-01	 -9.999000000000e+01	  1.252610368801e+01	 -8.631020506760e+00	 -4.662286989514e+00	 -2.557658337262e+00	 -5.086946395756e+00	 -4.959740365955e-01	 -5.324480235558e-01	 -1.257574342098e-01	  0.000000000000e+00	 -5.253311480514e-01	
  5.690000000000e+02	  4.500000000000e+01	  7.200000000000e+00	  1.785976175086e-01	 -2.373259872379e+00	  3.200000000001e-02	  2.800000000000e-02	  6.400000000000e-03	  0.000000000000e+00	  3.840000000000e-03	  9.551163873967e-03	  5.799942177671e-03	  1.109942732758e+00	  1.114101490718e-01	 -9.999000000000e+01	  1.252451218296e+01	 -8.631020506760e+00	 -4.662286989514e+00	 -2.557658337262e+00	 -5.086946395756e+00	 -4.964484117450e-01	 -5.330609233343e-01	 -1.258894349110e-01	  0.000000000000e+00	 -5.259170186339e-01	
  5.700000000000e+02	  4.500000000000e+01	  7.200000000000e+00	  1.799510536555e-01	 -3.461052786189e+00	  3.200000000001e-02	  2.800000000000e-02	  9.600000000001e-03	  0.000000000000e+00	  3.840000000001e-03	  1.255716345513e-02	  8.700713473419e-03	  1.284584081749e+00	  1.104843719910e-01	 -9.999000000000e+01	  1.252132728033e+01	 -8.631020506760e+00	 -4.662286989514e+00	 -2.557658337262e+00	 -5.086946395756e+00	 -4.973924929632e-01	 -5.342824589626e-01	 -1.261523742188e-01	  0.000000000000e+00	 -5.270844168164e-01	
  5.710000000000e+02	  5.500000000000e+01	  7.200000000000e+00	  1.714770653626e-01	 -1.328614952189e+00	  3.199999999999e-02	  2.800000000001e-02	  3.200000000001e-03	  0.000000000000e+00	  3.840000000002e-03	  6.642292701413e-03	  2.886512069140e-03	  9.284507283618e-01	  1.150841869995e-01	 -9.999000000000e+01	  1.305529265635e+01	 -8.742475689895e+00	 -4.742362780561e+00	 -2.487639798872e+00	 -5.843767846152e+00	 -5.009023335737e-01	 -5.360551319730e-01	 -1.267747624747e-01	  0.000000000000e+00	 -5.291960493585e-01	
  5.720000000000e+02	  5.500000000000e+01	  7.200000000000e+00	  1.716087929037e-01	 -1.443978590380e+00	  3.199999999999e-02	  2.800000000001e-02	  3.520000000001e-03	  0.000000000000e+00	  3.840000000002e-03	  6.945073804220e-03	  3.175202990823e-03	  9.696679942214e-01	  1.149897945680e-01	 -9.999000000000e+01	  1.305489829565e+01	 -8.742475689895e+00	 -4.742362780561e+00	 -2.487639798872e+00	 -5.843767846152e+00	 -5.010007859513e-01	 -5.361805884965e-01	 -1.268019100208e-01	  0.000000000000e+00	 -5.293162367804e-01	
  5.730000000000e+02	  5.500000000000e+01	  7.200000000000e+00	  1.718064507872e-01	 -1.616571660061e+00	  3.199999999999e-02	  2.800000000001e-02	  4.000000000001e-03	  0.000000000000e+00	  3.840000000002e-03	  7.399236087782e-03	  3.608252843412e-03	  1.024922452242e+00	  1.148481026079e-01	 -9.999000000000e+01	  1.305430677016e+01	 -8.742475689895e+00	 -4.742362780561e+00	 -2.487639798872e+00	 -5.843767846152e+00	 -5.011483571095e-01	 -5.363686795209e-01	 -1.268426074578e-01	  0.000000000000e+00	 -5.294964214894e-01	
  5.740000000000e+02	  5.500000000000e+01	  7.200000000000e+00	  1.721360571054e-01	 -1.903026246438e+00	  3.199999999999e-02	  2.800000000001e-02	  4.800000000002e-03	  0.000000000000e+00	  3.840000000002e-03	  8.156148387972e-03	  4.330038444549e-03	  1.103666271789e+00	  1.146116768958e-01	 -9.999000000000e+01	  1.305332094222e+01	 -8.742475689895e+00	 -4.742362780561e+00	 -2.487639798872e+00	 -5.843767846152e+00	 -5.013940222514e-01	 -5.366819139581e-01	 -1.269103727208e-01	  0.000000000000e+00	 -5.297964716738e-01	
  5.750000000000e+02	  5.500000000000e+01	  7.200000000000e+00	  1.727959249043e-01	 -2.471472487323e+00	  3.199999999999e-02	  2.800000000001e-02	  6.400000000002e-03	  0.000000000000e+00	  3.840000000003e-03	  9.669880839896e-03	  5.773743578717e-03	  1.227732734964e+00	  1.141378241615e-01	 -9.999000000000e+01	  1.305134950867e+01	 -8.742475689895e+00	 -4.742362780561e+00	 -2.487639798872e+00	 -5.843767846152e+00	 -5.018842746896e-01	 -5.373074392950e-01	 -1.270456632629e-01	  0.000000000000e+00	 -5.303956022988e-01	
  5.760000000000e+02	  5.500000000000e+01	  7.200000000000e+00	  1.741182296940e-01	 -3.590811960603e+00	  3.199999999999e-02	  2.800000000002e-02	  9.600000000005e-03	  0.000000000000e+00	  3.840000000004e-03	  1.269698477093e-02	  8.661685756358e-03	  1.402089706841e+00	  1.131862679977e-01	 -9.999000000000e+01	  1.304740785326e+01	 -8.742475689895e+00	 -4.742362780561e+00	 -2.487639798872e+00	 -5.843767846152e+00	 -5.028604509013e-01	 -5.385546879886e-01	 -1.273152790045e-01	  0.000000000000e+00	 -5.315899588008e-01	
  5.770000000000e+02	  2.500000000000e+01	  8.800000000000e+00	  2.983578288808e-02	 -3.037932040989e+00	  4.000000000000e-03	  3.500000000000e-03	  6.000000000000e-03	  0.000000000000e+00	  4.800000000000e-04	  7.364148847832e-03	  5.292371340290e-03	  1.790179897016e+00	 -1.068259173292e+00	 -9.999000000000e+01	  1.249842795062e+01	 -8.447933552417e+00	 -4.548708465533e+00	 -2.711786013751e+00	 -3.421000000000e+00	 -2.695856793434e-01	 -2.757020148355e-01	 -6.720216329868e-02	  0.000000000000e+00	 -2.745085835199e-01	
  5.780000000000e+02	  2.500000000000e+01	  8.800000000000e+00	  3.009316988247e-02	 -4.461136715611e+00	  4.000000000000e-03	  3.500000000000e-03	  6.600000000000e-03	  0.000000000000e+00	  4.800000000000e-04	  8.026481354185e-03	  5.826030454362e-03	  1.826925924617e+00	 -1.073054965551e+00	 -9.999000000000e+01	  1.248218659215e+01	 -8.447933552417e+00	 -4.548708465533e+00	 -2.711786013751e+00	 -3.421000000000e+00	 -2.704627374890e-01	 -2.766318373149e-01	 -6.742210639873e-02	  0.000000000000e+00	 -2.754281105196e-01	
  5.790000000000e+02	  2.500000000000e+01	  8.800000000000e+00	  3.048284989996e-02	 -6.532308483284e+00	  4.000000000000e-03	  3.500000000000e-03	  7.500000000000e-03	  0.000000000000e+00	  4.800000000000e-04	  9.018679546799e-03	  6.627825704666e-03	  1.875555418620e+00	 -1.080183728861e+00	 -9.999000000000e+01	  1.245805496223e+01	 -8.447933552417e+00	 -4.548708465533e+00	 -2.711786013751e+00	 -3.421000000000e+00	 -2.717798460656e-01	 -2.780288302951e-01	 -6.775245499965e-02	  0.000000000000e+00	 -2.768095162991e-01	
  5.800000000000e+02	  2.500000000000e+01	  8.800000000000e+00	  3.114145347964e-02	 -9.822814492060e+00	  4.000000000000e-03	  3.500000000000e-03	  9.000000000000e-03	  0.000000000000e+00	  4.800000000000e-04	  1.066906318906e-02	  7.967448601050e-03	  1.943471487174e+00	 -1.091893746732e+00	 -9.999000000000e+01	  1.241843832899e+01	 -8.447933552417e+00	 -4.548708465533e+00	 -2.711786013751e+00	 -3.421000000000e+00	 -2.739771575904e-01	 -2.803611555537e-01	 -6.830371292694e-02	  0.000000000000e+00	 -2.791154974146e-01	
  5.810000000000e+02	  2.500000000000e+01	  8.800000000000e+00	  3.249007845074e-02	 -1.584998734799e+01	  4.000000000000e-03	  3.500000000000e-03	  1.200000000000e-02	  0.000000000000e+00	  4.800000000000e-04	  1.395869168884e-02	  1.065790703694e-02	  2.046653768243e+00	 -1.114685706054e+00	 -9.999000000000e+01	  1.234138617939e+01	 -8.447933552417e+00	 -4.548708465533e+00	 -2.711786013751e+00	 -3.421000000000e+00	 -2.783684093319e-01	 -2.850288754143e-01	 -6.940593384178e-02	  0.000000000000e+00	 -2.837292722763e-01	
  5.820000000000e+02	  2.500000000000e+01	  8.800000000000e+00	  3.529431734565e-02	 -2.603502177451e+01	  4.000000000000e-03	  3.500000000000e-03	  1.800000000000e-02	  0.000000000000e+00	  4.800000000000e-04	  2.050103487905e-02	  1.607608189139e-02	  2.182093919630e+00	 -1.157880784765e+00	 -9.999000000000e+01	  1.219539984850e+01	 -8.447933552417e+00	 -4.548708465533e+00	 -2.711786013751e+00	 -3.421000000000e+00	 -2.870692204109e-01	 -2.943045554667e-01	 -7.159217154865e-02	  0.000000000000e+00	 -2.928927827729e-01	
  5.830000000000e+02	  3.500000000000e+01	  8.800000000000e+00	  2.898617151244e-02	 -3.615777298530e+00	  4.000000000000e-03	  3.500000000000e-03	  6.000000000000e-03	  0.000000000000e+00	  4.800000000000e-04	  7.590228498295e-03	  5.109819209793e-03	  1.902410463259e+00	 -1.074062730395e+00	 -9.999000000000e+01	  1.298726099383e+01	 -8.532554079179e+00	 -4.597117738767e+00	 -2.632221320785e+00	 -4.281004617572e+00	 -2.712365394664e-01	 -2.771787046264e-01	 -6.758860040518e-02	  0.000000000000e+00	 -2.760192577659e-01	
  5.840000000000e+02	  3.500000000000e+01	  8.800000000000e+00	  2.923080603602e-02	 -5.098888306974e+00	  4.000000000000e-03	  3.500000000000e-03	  6.600000000000e-03	  0.000000000000e+00	  4.800000000000e-04	  8.268032987752e-03	  5.628200698562e-03	  1.937957435669e+00	 -1.079902715794e+00	 -9.999000000000e+01	  1.296702695485e+01	 -8.532554079179e+00	 -4.597117738767e+00	 -2.632221320785e+00	 -4.281004617572e+00	 -2.721026729835e-01	 -2.780949882209e-01	 -6.780555466331e-02	  0.000000000000e+00	 -2.769257559794e-01	
  5.850000000000e+02	  3.500000000000e+01	  8.800000000000e+00	  2.960336037922e-02	 -7.256233342230e+00	  4.000000000000e-03	  3.500000000000e-03	  7.500000000000e-03	  0.000000000000e+00	  4.800000000000e-04	  9.282618312369e-03	  6.407897998743e-03	  1.984828593198e+00	 -1.088569036762e+00	 -9.999000000000e+01	  1.293704299930e+01	 -8.532554079179e+00	 -4.597117738767e+00	 -2.632221320785e+00	 -4.281004617572e+00	 -2.734112701068e-01	 -2.794799589846e-01	 -6.813338724157e-02	  0.000000000000e+00	 -2.782958245694e-01	
  5.860000000000e+02	  3.500000000000e+01	  8.800000000000e+00	  3.023833581045e-02	 -1.068035794260e+01	  4.000000000000e-03	  3.500000000000e-03	  9.000000000000e-03	  0.000000000000e+00	  4.800000000000e-04	  1.096830003367e-02	  7.712699784397e-03	  2.049918767749e+00	 -1.102765829262e+00	 -9.999000000000e+01	  1.288802578220e+01	 -8.532554079179e+00	 -4.597117738767e+00	 -2.632221320785e+00	 -4.281004617572e+00	 -2.756132256833e-01	 -2.818120845244e-01	 -6.868515696117e-02	  0.000000000000e+00	 -2.806025510920e-01	
  5.870000000000e+02	  3.500000000000e+01	  8.800000000000e+00	  3.155560646942e-02	 -1.693760485909e+01	  4.000000000000e-03	  3.500000000000e-03	  1.200000000000e-02	  0.000000000000e+00	  4.800000000000e-04	  1.432201741904e-02	  1.034001181037e-02	  2.147822440419e+00	 -1.130254688861e+00	 -9.999000000000e+01	  1.279342016113e+01	 -8.532554079179e+00	 -4.597117738767e+00	 -2.632221320785e+00	 -4.281004617572e+00	 -2.800716782314e-01	 -2.865405775577e-01	 -6.980288303920e-02	  0.000000000000e+00	 -2.852783532989e-01	
  5.880000000000e+02	  3.500000000000e+01	  8.800000000000e+00	  3.434535417390e-02	 -2.744912070012e+01	  4.000000000000e-03	  3.500000000000e-03	  1.800000000000e-02	  0.000000000000e+00	  4.800000000000e-04	  2.097294465237e-02	  1.565148285715e-02	  2.274040850455e+00	 -1.181816997448e+00	 -9.999000000000e+01	  1.261673027362e+01	 -8.532554079179e+00	 -4.597117738767e+00	 -2.632221320785e+00	 -4.281004617572e+00	 -2.890633760828e-01	 -2.961041736885e-01	 -7.205933517712e-02	  0.000000000000e+00	 -2.947303595215e-01	
  5.890000000000e+02	  4.500000000000e+01	  8.800000000000e+00	  2.804581368934e-02	 -4.280219923491e+00	  4.000000000000e-03	  3.500000000000e-03	  6.000000000000e-03	  0.000000000000e+00	  4.800000000001e-04	  7.838756282867e-03	  4.908742152390e-03	  1.998976633183e+00	 -1.071851100944e+00	 -9.999000000000e+01	  1.339710635929e+01	 -8.631020506760e+00	 -4.662286989514e+00	 -2.557658337262e+00	 -5.086946395756e+00	 -2.728146527346e-01	 -2.785640445409e-01	 -6.795596152053e-02	  0.000000000000e+00	 -2.774422119933e-01	
  5.900000000000e+02	  4.500000000000e+01	  8.800000000000e+00	  2.827587061470e-02	 -5.829327026384e+00	  4.000000000000e-03	  3.500000000001e-03	  6.600000000000e-03	  0.000000000000e+00	  4.800000000002e-04	  8.532104896484e-03	  5.411569008733e-03	  2.033066075952e+00	 -1.078995015701e+00	 -9.999000000000e+01	  1.337159959169e+01	 -8.631020506760e+00	 -4.662286989514e+00	 -2.557658337262e+00	 -5.086946395756e+00	 -2.736645876138e-01	 -2.794611410898e-01	 -6.816860377832e-02	  0.000000000000e+00	 -2.783301062653e-01	
  5.910000000000e+02	  4.500000000000e+01	  8.800000000000e+00	  2.862937728532e-02	 -8.080762395865e+00	  4.000000000000e-03	  3.500000000001e-03	  7.500000000001e-03	  0.000000000000e+00	  4.800000000005e-04	  9.568817039754e-03	  6.169122096780e-03	  2.077810060684e+00	 -1.089572003774e+00	 -9.999000000000e+01	  1.333393426989e+01	 -8.631020506760e+00	 -4.662286989514e+00	 -2.557658337262e+00	 -5.086946395756e+00	 -2.749605443177e-01	 -2.808295666612e-01	 -6.849287675346e-02	  0.000000000000e+00	 -2.796843915698e-01	
  5.920000000000e+02	  4.500000000000e+01	  8.800000000000e+00	  2.923935531456e-02	 -1.164847373149e+01	  4.000000000000e-03	  3.500000000000e-03	  9.000000000000e-03	  0.000000000000e+00	  4.800000000000e-04	  1.128851723886e-02	  7.439874025157e-03	  2.139508635827e+00	 -1.106834113576e+00	 -9.999000000000e+01	  1.327269988037e+01	 -8.631020506760e+00	 -4.662286989514e+00	 -2.557658337262e+00	 -5.086946395756e+00	 -2.771687037128e-01	 -2.831627715523e-01	 -6.904551928596e-02	  0.000000000000e+00	 -2.819931973397e-01	
  5.930000000000e+02	  4.500000000000e+01	  8.800000000000e+00	  3.052753360214e-02	 -1.814457118619e+01	  4.000000000000e-03	  3.500000000000e-03	  1.200000000000e-02	  0.000000000000e+00	  4.800000000000e-04	  1.470135954356e-02	  1.000799997936e-02	  2.231174112574e+00	 -1.140022449646e+00	 -9.999000000000e+01	  1.315569914469e+01	 -8.631020506760e+00	 -4.662286989514e+00	 -2.557658337262e+00	 -5.086946395756e+00	 -2.817200926007e-01	 -2.879782369891e-01	 -7.018509797858e-02	  0.000000000000e+00	 -2.867571356450e-01	
  5.940000000000e+02	  4.500000000000e+01	  8.800000000000e+00	  3.331746319267e-02	 -2.896736695602e+01	  4.000000000000e-03	  3.500000000000e-03	  1.800000000000e-02	  0.000000000000e+00	  4.800000000000e-04	  2.144547514971e-02	  1.522621986396e-02	  2.346827403709e+00	 -1.201423562676e+00	 -9.999000000000e+01	  1.294119896042e+01	 -8.631020506760e+00	 -4.662286989514e+00	 -2.557658337262e+00	 -5.086946395756e+00	 -2.910976443100e-01	 -2.979277242645e-01	 -7.253526781902e-02	  0.000000000000e+00	 -2.965950257368e-01	
  5.950000000000e+02	  5.500000000000e+01	  8.800000000000e+00	  2.704873417928e-02	 -5.023464787034e+00	  4.000000000000e-03	  3.500000000000e-03	  6.000000000000e-03	  0.000000000000e+00	  4.800000000000e-04	  8.103993552968e-03	  4.700384471535e-03	  2.082230810491e+00	 -1.063035500790e+00	 -9.999000000000e+01	  1.373777429800e+01	 -8.742475689895e+00	 -4.742362780561e+00	 -2.487639798872e+00	 -5.843767846152e+00	 -2.743834270341e-01	 -2.799284175408e-01	 -6.832052585012e-02	  0.000000000000e+00	 -2.788464681737e-01	
  5.960000000000e+02	  5.500000000000e+01	  8.800000000000e+00	  2.726509809128e-02	 -6.640657707371e+00	  4.000000000000e-03	  3.500000000000e-03	  6.600000000000e-03	  0.000000000000e+00	  4.800000000000e-04	  8.811648370496e-03	  5.188712108296e-03	  2.114678600618e+00	 -1.071697155731e+00	 -9.999000000000e+01	  1.370580427124e+01	 -8.742475689895e+00	 -4.742362780561e+00	 -2.487639798872e+00	 -5.843767846152e+00	 -2.752204283211e-01	 -2.808097734298e-01	 -6.852967814799e-02	  0.000000000000e+00	 -2.797191695062e-01	
  5.970000000000e+02	  5.500000000000e+01	  8.800000000000e+00	  2.760160893063e-02	 -8.987789624380e+00	  4.000000000000e-03	  3.500000000000e-03	  7.500000000000e-03	  0.000000000000e+00	  4.800000000000e-04	  9.868271950757e-03	  5.926065871683e-03	  2.157039399179e+00	 -1.084485196359e+00	 -9.999000000000e+01	  1.365879109311e+01	 -8.742475689895e+00	 -4.742362780561e+00	 -2.487639798872e+00	 -5.843767846152e+00	 -2.765124150294e-01	 -2.821707448602e-01	 -6.885256088049e-02	  0.000000000000e+00	 -2.810666805030e-01	
  5.980000000000e+02	  5.500000000000e+01	  8.800000000000e+00	  2.819147618863e-02	 -1.269797394641e+01	  4.000000000000e-03	  3.500000000000e-03	  9.000000000000e-03	  0.000000000000e+00	  4.800000000000e-04	  1.161753003475e-02	  7.166787021615e-03	  2.214972483937e+00	 -1.105259913199e+00	 -9.999000000000e+01	  1.358286283342e+01	 -8.742475689895e+00	 -4.742362780561e+00	 -2.487639798872e+00	 -5.843767846152e+00	 -2.787489691633e-01	 -2.845282217820e-01	 -6.941161132342e-02	  0.000000000000e+00	 -2.834005627344e-01	
  5.990000000000e+02	  5.500000000000e+01	  8.800000000000e+00	  2.946344437988e-02	 -1.941908496725e+01	  4.000000000000e-03	  3.500000000000e-03	  1.200000000000e-02	  0.000000000000e+00	  4.800000000000e-04	  1.507868757509e-02	  9.685690174744e-03	  2.299835610887e+00	 -1.144855191848e+00	 -9.999000000000e+01	  1.343951367108e+01	 -8.742475689895e+00	 -4.742362780561e+00	 -2.487639798872e+00	 -5.843767846152e+00	 -2.834547149855e-01	 -2.894947210834e-01	 -7.058832985794e-02	  0.000000000000e+00	 -2.883161833082e-01	
  6.000000000000e+02	  5.500000000000e+01	  8.800000000000e+00	  3.228094656371e-02	 -3.049973911607e+01	  4.000000000000e-03	  3.500000000001e-03	  1.800000000000e-02	  0.000000000000e+00	  4.800000000003e-04	  2.189158364574e-02	  1.483351384413e-02	  2.404377504348e+00	 -1.216903224318e+00	 -9.999000000000e+01	  1.318233979895e+01	 -8.742475689895e+00	 -4.742362780561e+00	 -2.487639798872e+00	 -5.843767846152e+00	 -2.933547312908e-01	 -2.999723253363e-01	 -7.306614202827e-02	  0.000000000000e+00	 -2.986810874738e-01	
  6.010000000000e+02	  2.500000000000e+01	  8.800000000000e+00	  5.717290839526e-02	 -3.656327081889e+00	  8.000000000000e-03	  7.000000000000e-03	  1.200000000000e-02	  0.000000000000e+00	  9.600000000000e-04	  1.518413396011e-02	  1.017328708129e-02	  2.246655129141e+00	 -6.852602217353e-01	 -9.999000000000e+01	  1.387573470508e+01	 -8.447933552417e+00	 -4.548708465533e+00	 -2.711786013751e+00	 -3.421000000000e+00	 -3.408189054819e-01	 -3.525393517029e-01	 -8.518543284257e-02	  0.000000000000e+00	 -3.502524353671e-01	
  6.020000000000e+02	  2.500000000000e+01	  8.800000000000e+00	  5.764080701703e-02	 -5.157602015764e+00	  8.000000000000e-03	  7.000000000000e-03	  1.320000000000e-02	  0.000000000000e+00	  9.600000000000e-04	  1.654184566818e-02	  1.120769181483e-02	  2.281893664253e+00	 -6.914445123257e-01	 -9.999000000000e+01	  1.385490320099e+01	 -8.447933552417e+00	 -4.548708465533e+00	 -2.711786013751e+00	 -3.421000000000e+00	 -3.417674999612e-01	 -3.535838653997e-01	 -8.542702658854e-02	  0.000000000000e+00	 -3.512782331190e-01	
  6.030000000000e+02	  2.500000000000e+01	  8.800000000000e+00	  5.835565902856e-02	 -7.341464942790e+00	  8.000000000000e-03	  7.000000000000e-03	  1.500000000000e-02	  0.000000000000e+00	  9.600000000000e-04	  1.857355084953e-02	  1.276416179133e-02	  2.328311176702e+00	 -7.006248771703e-01	 -9.999000000000e+01	  1.382403052796e+01	 -8.447933552417e+00	 -4.548708465533e+00	 -2.711786013751e+00	 -3.421000000000e+00	 -3.432042378504e-01	 -3.551671479512e-01	 -8.579307863512e-02	  0.000000000000e+00	 -3.528329215901e-01	
  6.040000000000e+02	  2.500000000000e+01	  8.800000000000e+00	  5.957955910186e-02	 -1.080755158206e+01	  8.000000000000e-03	  7.000000000000e-03	  1.800000000000e-02	  0.000000000000e+00	  9.600000000000e-04	  2.194763624765e-02	  1.537037762275e-02	  2.392670194388e+00	 -7.156696837770e-01	 -9.999000000000e+01	  1.377355597075e+01	 -8.447933552417e+00	 -4.548708465533e+00	 -2.711786013751e+00	 -3.421000000000e+00	 -3.456297411474e-01	 -3.578435507633e-01	 -8.641142353466e-02	  0.000000000000e+00	 -3.554603683992e-01	
  6.050000000000e+02	  2.500000000000e+01	  8.800000000000e+00	  6.213592578660e-02	 -1.713928381935e+01	  8.000000000000e-03	  7.000000000000e-03	  2.400000000000e-02	  0.000000000000e+00	  9.600000000000e-04	  2.865577735830e-02	  2.062292016795e-02	  2.489208085323e+00	 -7.448100170420e-01	 -9.999000000000e+01	  1.367614358331e+01	 -8.447933552417e+00	 -4.548708465533e+00	 -2.711786013751e+00	 -3.421000000000e+00	 -3.505617469857e-01	 -3.632996117720e-01	 -8.767026133268e-02	  0.000000000000e+00	 -3.608141747405e-01	
  6.060000000000e+02	  2.500000000000e+01	  8.800000000000e+00	  6.759978303282e-02	 -2.776178738339e+01	  8.000000000000e-03	  7.000000000000e-03	  3.600000000000e-02	  0.000000000000e+00	  9.600000000000e-04	  4.194557489775e-02	  3.125508388271e-02	  2.613076765157e+00	 -7.994440855817e-01	 -9.999000000000e+01	  1.349433635274e+01	 -8.447933552417e+00	 -4.548708465533e+00	 -2.711786013751e+00	 -3.421000000000e+00	 -3.605426901868e-01	 -3.744006457086e-01	 -9.022431118570e-02	  0.000000000000e+00	 -3.716966543872e-01	
  6.070000000000e+02	  3.500000000000e+01	  8.800000000000e+00	  5.526793118561e-02	 -4.356434263436e+00	  8.000000000000e-03	  7.000000000000e-03	  1.200000000000e-02	  0.000000000000e+00	  9.600000000000e-04	  1.570235785155e-02	  9.730094765225e-03	  2.346255699674e+00	 -7.023711915223e-01	 -9.999000000000e+01	  1.431954782609e+01	 -8.532554079179e+00	 -4.597117738767e+00	 -2.632221320785e+00	 -4.281004617572e+00	 -3.426308966909e-01	 -3.539608225840e-01	 -8.558276495962e-02	  0.000000000000e+00	 -3.517501053366e-01	
  6.080000000000e+02	  3.500000000000e+01	  8.800000000000e+00	  5.570937084724e-02	 -5.929863616689e+00	  8.000000000000e-03	  7.000000000000e-03	  1.320000000000e-02	  0.000000000000e+00	  9.600000000000e-04	  1.709476275363e-02	  1.073012858500e-02	  2.380021499214e+00	 -7.098746899096e-01	 -9.999000000000e+01	  1.429353085922e+01	 -8.532554079179e+00	 -4.597117738767e+00	 -2.632221320785e+00	 -4.281004617572e+00	 -3.435669702999e-01	 -3.549873913236e-01	 -8.582061989371e-02	  0.000000000000e+00	 -3.527590164897e-01	
  6.090000000000e+02	  3.500000000000e+01	  8.800000000000e+00	  5.639080066073e-02	 -8.216407489245e+00	  8.000000000000e-03	  7.000000000000e-03	  1.500000000000e-02	  0.000000000000e+00	  9.600000000000e-04	  1.917593150672e-02	  1.223760996882e-02	  2.424289838350e+00	 -7.209895658160e-01	 -9.999000000000e+01	  1.425511191517e+01	 -8.532554079179e+00	 -4.597117738767e+00	 -2.632221320785e+00	 -4.281004617572e+00	 -3.449997617253e-01	 -3.565598758608e-01	 -8.618481329751e-02	  0.000000000000e+00	 -3.543042438344e-01	
  6.100000000000e+02	  3.500000000000e+01	  8.800000000000e+00	  5.757392750102e-02	 -1.183868224977e+01	  8.000000000000e-03	  7.000000000000e-03	  1.800000000000e-02	  0.000000000000e+00	  9.600000000000e-04	  2.262629587309e-02	  1.476832111448e-02	  2.485223976534e+00	 -7.391402665225e-01	 -9.999000000000e+01	  1.419265779566e+01	 -8.532554079179e+00	 -4.597117738767e+00	 -2.632221320785e+00	 -4.281004617572e+00	 -3.474530957972e-01	 -3.592557509349e-01	 -8.680876469630e-02	  0.000000000000e+00	 -3.569527938348e-01	
  6.110000000000e+02	  3.500000000000e+01	  8.800000000000e+00	  6.009456584377e-02	 -1.842846006002e+01	  8.000000000000e-03	  7.000000000000e-03	  2.400000000000e-02	  0.000000000000e+00	  9.600000000000e-04	  2.946800464723e-02	  1.988880790414e-02	  2.575474707283e+00	 -7.740566877263e-01	 -9.999000000000e+01	  1.407337392446e+01	 -8.532554079179e+00	 -4.597117738767e+00	 -2.632221320785e+00	 -4.281004617572e+00	 -3.525405419136e-01	 -3.648599279116e-01	 -8.810410456151e-02	  0.000000000000e+00	 -3.624561452779e-01	
  6.120000000000e+02	  3.500000000000e+01	  8.800000000000e+00	  6.561258865393e-02	 -2.938207485409e+01	  8.000000000000e-03	  7.000000000000e-03	  3.600000000000e-02	  0.000000000000e+00	  9.600000000000e-04	  4.297281674884e-02	  3.030898267798e-02	  2.688758786596e+00	 -8.386371377969e-01	 -9.999000000000e+01	  1.385495989870e+01	 -8.532554079179e+00	 -4.597117738767e+00	 -2.632221320785e+00	 -4.281004617572e+00	 -3.630690785939e-01	 -3.765196592680e-01	 -9.079148762019e-02	  0.000000000000e+00	 -3.738951557218e-01	
  6.130000000000e+02	  4.500000000000e+01	  8.800000000000e+00	  5.322816338291e-02	 -5.135031438212e+00	  8.000000000000e-03	  7.000000000000e-03	  1.200000000000e-02	  0.000000000000e+00	  9.600000000000e-04	  1.624868129286e-02	  9.259092988403e-03	  2.429052838014e+00	 -7.120256762127e-01	 -9.999000000000e+01	  1.468537453805e+01	 -8.631020506760e+00	 -4.662286989514e+00	 -2.557658337262e+00	 -5.086946395756e+00	 -3.444315433762e-01	 -3.553433168697e-01	 -8.597529270048e-02	  0.000000000000e+00	 -3.532141903344e-01	
  6.140000000000e+02	  4.500000000000e+01	  8.800000000000e+00	  5.364395802807e-02	 -6.784922293936e+00	  8.000000000000e-03	  7.000000000000e-03	  1.320000000000e-02	  0.000000000000e+00	  9.600000000000e-04	  1.767402859882e-02	  1.022610804965e-02	  2.461109589438e+00	 -7.211313222420e-01	 -9.999000000000e+01	  1.465271537712e+01	 -8.631020506760e+00	 -4.662286989514e+00	 -2.557658337262e+00	 -5.086946395756e+00	 -3.453576234340e-01	 -3.563546348298e-01	 -8.621004842354e-02	  0.000000000000e+00	 -3.542088765087e-01	
  6.150000000000e+02	  4.500000000000e+01	  8.800000000000e+00	  5.429499556073e-02	 -9.178787576624e+00	  8.000000000000e-03	  7.000000000000e-03	  1.500000000000e-02	  0.000000000000e+00	  9.600000000000e-04	  1.980119558347e-02	  1.168747071831e-02	  2.502896875004e+00	 -7.345814670619e-01	 -9.999000000000e+01	  1.460470405194e+01	 -8.631020506760e+00	 -4.662286989514e+00	 -2.557658337262e+00	 -5.086946395756e+00	 -3.467956715799e-01	 -3.579261456698e-01	 -8.657469773473e-02	  0.000000000000e+00	 -3.557543458474e-01	
  6.160000000000e+02	  4.500000000000e+01	  8.800000000000e+00	  5.544608899241e-02	 -1.296042386964e+01	  8.000000000000e-03	  7.000000000000e-03	  1.800000000000e-02	  0.000000000000e+00	  9.600000000000e-04	  2.332026728889e-02	  1.414926525731e-02	  2.559913040296e+00	 -7.564432017331e-01	 -9.999000000000e+01	  1.452721133878e+01	 -8.631020506760e+00	 -4.662286989514e+00	 -2.557658337262e+00	 -5.086946395756e+00	 -3.493032930688e-01	 -3.606697413122e-01	 -8.721089498427e-02	  0.000000000000e+00	 -3.584518977525e-01	
  6.170000000000e+02	  4.500000000000e+01	  8.800000000000e+00	  5.795650614793e-02	 -1.980043990415e+01	  8.000000000000e-03	  7.000000000000e-03	  2.400000000000e-02	  0.000000000000e+00	  9.600000000000e-04	  3.027600226568e-02	  1.915531353173e-02	  2.643102720849e+00	 -7.981228635982e-01	 -9.999000000000e+01	  1.438110605878e+01	 -8.631020506760e+00	 -4.662286989514e+00	 -2.557658337262e+00	 -5.086946395756e+00	 -3.546236499475e-01	 -3.665047337078e-01	 -8.856214819325e-02	  0.000000000000e+00	 -3.641864734619e-01	
  6.180000000000e+02	  4.500000000000e+01	  8.800000000000e+00	  6.358578627257e-02	 -3.103724029163e+01	  8.000000000000e-03	  7.000000000000e-03	  3.600000000000e-02	  0.000000000000e+00	  9.600000000000e-04	  4.395029513495e-02	  2.940537836074e-02	  2.744936386722e+00	 -8.738915750295e-01	 -9.999000000000e+01	  1.411972302225e+01	 -8.631020506760e+00	 -4.662286989514e+00	 -2.557658337262e+00	 -5.086946395756e+00	 -3.658758091946e-01	 -3.789108953805e-01	 -9.142687670261e-02	  0.000000000000e+00	 -3.763674639296e-01	
  6.190000000000e+02	  5.500000000000e+01	  8.800000000000e+00	  5.114338225169e-02	 -5.965624893559e+00	  8.000000000000e-03	  7.000000000000e-03	  1.200000000000e-02	  0.000000000000e+00	  9.600000000000e-04	  1.679954005950e-02	  8.791157212234e-03	  2.498333589828e+00	 -7.151117795815e-01	 -9.999000000000e+01	  1.498366958647e+01	 -8.742475689895e+00	 -4.742362780561e+00	 -2.487639798872e+00	 -5.843767846152e+00	 -3.463491374705e-01	 -3.568335308321e-01	 -8.639637301996e-02	  0.000000000000e+00	 -3.547877955420e-01	
  6.200000000000e+02	  5.500000000000e+01	  8.800000000000e+00	  5.154021766355e-02	 -7.690802597486e+00	  8.000000000000e-03	  7.000000000000e-03	  1.320000000000e-02	  0.000000000000e+00	  9.600000000000e-04	  1.825313047406e-02	  9.729491326968e-03	  2.528552695352e+00	 -7.260313492800e-01	 -9.999000000000e+01	  1.494311064185e+01	 -8.742475689895e+00	 -4.742362780561e+00	 -2.487639798872e+00	 -5.843767846152e+00	 -3.472801499382e-01	 -3.578458945592e-01	 -8.663181808390e-02	  0.000000000000e+00	 -3.557842858527e-01	
  6.210000000000e+02	  5.500000000000e+01	  8.800000000000e+00	  5.217200085189e-02	 -1.018825338952e+01	  8.000000000000e-03	  7.000000000000e-03	  1.500000000000e-02	  0.000000000000e+00	  9.600000000000e-04	  2.041860687724e-02	  1.115189218946e-02	  2.567687558105e+00	 -7.421060517089e-01	 -9.999000000000e+01	  1.488379419215e+01	 -8.742475689895e+00	 -4.742362780561e+00	 -2.487639798872e+00	 -5.843767846152e+00	 -3.487501749089e-01	 -3.594454350835e-01	 -8.700368103686e-02	  0.000000000000e+00	 -3.573585550494e-01	
  6.220000000000e+02	  5.500000000000e+01	  8.800000000000e+00	  5.331126674478e-02	 -1.411850706574e+01	  8.000000000000e-03	  7.000000000000e-03	  1.800000000000e-02	  0.000000000000e+00	  9.600000000000e-04	  2.399238584087e-02	  1.355791253536e-02	  2.620558408562e+00	 -7.680862317646e-01	 -9.999000000000e+01	  1.478883954004e+01	 -8.742475689895e+00	 -4.742362780561e+00	 -2.487639798872e+00	 -5.843767846152e+00	 -3.513639905534e-01	 -3.622928002361e-01	 -8.766520836770e-02	  0.000000000000e+00	 -3.601603495663e-01	
  6.230000000000e+02	  5.500000000000e+01	  8.800000000000e+00	  5.585203241359e-02	 -2.117570115354e+01	  8.000000000000e-03	  7.000000000000e-03	  2.400000000000e-02	  0.000000000000e+00	  9.600000000000e-04	  3.103222912195e-02	  1.847783324570e-02	  2.696435372559e+00	 -8.170881466666e-01	 -9.999000000000e+01	  1.461243934523e+01	 -8.742475689895e+00	 -4.742362780561e+00	 -2.487639798872e+00	 -5.843767846152e+00	 -3.570291793466e-01	 -3.684788459914e-01	 -8.910048844829e-02	  0.000000000000e+00	 -3.662447646948e-01	
  6.240000000000e+02	  5.500000000000e+01	  8.800000000000e+00	  6.165406673101e-02	 -3.261599182402e+01	  8.000000000000e-03	  7.000000000000e-03	  3.600000000000e-02	  0.000000000000e+00	  9.600000000000e-04	  4.481835824974e-02	  2.861259406857e-02	  2.786905059884e+00	 -9.044088863149e-01	 -9.999000000000e+01	  1.430488889090e+01	 -8.742475689895e+00	 -4.742362780561e+00	 -2.487639798872e+00	 -5.843767846152e+00	 -3.691918935454e-01	 -3.818309772253e-01	 -9.218927846490e-02	  0.000000000000e+00	 -3.793648145561e-01	
  6.250000000000e+02	  2.500000000000e+01	  8.800000000000e+00	  8.352328825124e-02	 -4.078532350174e+00	  1.200000000000e-02	  1.050000000000e-02	  1.800000000000e-02	  0.000000000000e+00	  1.440000000000e-03	  2.322682779046e-02	  1.484563968219e-02	  2.504317544886e+00	 -4.745691645420e-01	 -9.999000000000e+01	  1.464925273296e+01	 -8.447933552417e+00	 -4.548708465533e+00	 -2.711786013751e+00	 -3.421000000000e+00	 -3.860332242767e-01	 -4.031554983682e-01	 -9.679289183722e-02	  0.000000000000e+00	 -3.998145668382e-01	
  6.260000000000e+02	  2.500000000000e+01	  8.800000000000e+00	  8.418040423716e-02	 -5.630781460439e+00	  1.200000000000e-02	  1.050000000000e-02	  1.980000000000e-02	  0.000000000000e+00	  1.440000000000e-03	  2.529483912134e-02	  1.636595078992e-02	  2.538613235543e+00	 -4.816480654715e-01	 -9.999000000000e+01	  1.462542484320e+01	 -8.447933552417e+00	 -4.548708465533e+00	 -2.711786013751e+00	 -3.421000000000e+00	 -3.869878813446e-01	 -4.042448642132e-01	 -9.704034330433e-02	  0.000000000000e+00	 -4.008776480437e-01	
  6.270000000000e+02	  2.500000000000e+01	  8.800000000000e+00	  8.519258750172e-02	 -7.887873654723e+00	  1.200000000000e-02	  1.050000000000e-02	  2.250000000000e-02	  0.000000000000e+00	  1.440000000000e-03	  2.838688944717e-02	  1.865636988365e-02	  2.583650870537e+00	 -4.921480266002e-01	 -9.999000000000e+01	  1.459017037534e+01	 -8.447933552417e+00	 -4.548708465533e+00	 -2.711786013751e+00	 -3.421000000000e+00	 -3.884450956837e-01	 -4.059095761216e-01	 -9.741828193694e-02	  0.000000000000e+00	 -4.025018726215e-01	
  6.280000000000e+02	  2.500000000000e+01	  8.800000000000e+00	  8.694509850821e-02	 -1.146700778199e+01	  1.200000000000e-02	  1.050000000000e-02	  2.700000000000e-02	  0.000000000000e+00	  1.440000000000e-03	  3.351574802803e-02	  2.249827477446e-02	  2.645801990652e+00	 -5.093299723605e-01	 -9.999000000000e+01	  1.453268954788e+01	 -8.447933552417e+00	 -4.548708465533e+00	 -2.711786013751e+00	 -3.421000000000e+00	 -3.909309018405e-01	 -4.087546470347e-01	 -9.806362304946e-02	  0.000000000000e+00	 -4.052768430944e-01	
  6.290000000000e+02	  2.500000000000e+01	  8.800000000000e+00	  9.066528208842e-02	 -1.799069135625e+01	  1.200000000000e-02	  1.050000000000e-02	  3.600000000000e-02	  0.000000000000e+00	  1.440000000000e-03	  4.369346324018e-02	  3.026212554811e-02	  2.738262752154e+00	 -5.425016575641e-01	 -9.999000000000e+01	  1.442233422271e+01	 -8.447933552417e+00	 -4.548708465533e+00	 -2.711786013751e+00	 -3.421000000000e+00	 -3.960576640777e-01	 -4.146440469058e-01	 -9.939717525644e-02	  0.000000000000e+00	 -4.110174356223e-01	
  6.300000000000e+02	  2.500000000000e+01	  8.800000000000e+00	  9.877916532805e-02	 -2.887463898017e+01	  1.200000000000e-02	  1.050000000000e-02	  5.400000000000e-02	  0.000000000000e+00	  1.440000000000e-03	  6.380376161320e-02	  4.603574389534e-02	  2.855224032175e+00	 -6.042314908619e-01	 -9.999000000000e+01	  1.421846731879e+01	 -8.447933552417e+00	 -4.548708465533e+00	 -2.711786013751e+00	 -3.421000000000e+00	 -4.065889384843e-01	 -4.268386673766e-01	 -1.021482187020e-01	  0.000000000000e+00	 -4.228875007635e-01	
  6.310000000000e+02	  3.500000000000e+01	  8.800000000000e+00	  8.054657722451e-02	 -4.853114421762e+00	  1.200000000000e-02	  1.050000000000e-02	  1.800000000000e-02	  0.000000000000e+00	  1.440000000000e-03	  2.405905976031e-02	  1.411805586311e-02	  2.596222303744e+00	 -4.980916117701e-01	 -9.999000000000e+01	  1.506878836775e+01	 -8.532554079179e+00	 -4.597117738767e+00	 -2.632221320785e+00	 -4.281004617572e+00	 -3.880974991759e-01	 -4.046095475069e-01	 -9.722146579429e-02	  0.000000000000e+00	 -4.013876844180e-01	
  6.320000000000e+02	  3.500000000000e+01	  8.800000000000e+00	  8.116639765830e-02	 -6.483699997613e+00	  1.200000000000e-02	  1.050000000000e-02	  1.980000000000e-02	  0.000000000000e+00	  1.440000000000e-03	  2.618121729008e-02	  1.558463863674e-02	  2.628906400999e+00	 -5.066629088653e-01	 -9.999000000000e+01	  1.503903738298e+01	 -8.532554079179e+00	 -4.597117738767e+00	 -2.632221320785e+00	 -4.281004617572e+00	 -3.890436353066e-01	 -4.056827468266e-01	 -9.746583383438e-02	  0.000000000000e+00	 -4.024360909202e-01	
  6.330000000000e+02	  3.500000000000e+01	  8.800000000000e+00	  8.213420354020e-02	 -8.851408306914e+00	  1.200000000000e-02	  1.050000000000e-02	  2.250000000000e-02	  0.000000000000e+00	  1.440000000000e-03	  2.934974402423e-02	  1.779919235018e-02	  2.671598262997e+00	 -5.193455139537e-01	 -9.999000000000e+01	  1.499520240495e+01	 -8.532554079179e+00	 -4.597117738767e+00	 -2.632221320785e+00	 -4.281004617572e+00	 -3.905079065373e-01	 -4.073454182630e-01	 -9.784423055092e-02	  0.000000000000e+00	 -4.040600501214e-01	
  6.340000000000e+02	  3.500000000000e+01	  8.800000000000e+00	  8.383977764394e-02	 -1.259649715399e+01	  1.200000000000e-02	  1.050000000000e-02	  2.700000000000e-02	  0.000000000000e+00	  1.440000000000e-03	  3.459491158776e-02	  2.152577537636e-02	  2.730029186074e+00	 -5.400144614908e-01	 -9.999000000000e+01	  1.492420344839e+01	 -8.532554079179e+00	 -4.597117738767e+00	 -2.632221320785e+00	 -4.281004617572e+00	 -3.930505345508e-01	 -4.102376889678e-01	 -9.850189733918e-02	  0.000000000000e+00	 -4.068840978620e-01	
  6.350000000000e+02	  3.500000000000e+01	  8.800000000000e+00	  8.754610107929e-02	 -1.938639341553e+01	  1.200000000000e-02	  1.050000000000e-02	  3.600000000000e-02	  0.000000000000e+00	  1.440000000000e-03	  4.497194037285e-02	  2.909222754486e-02	  2.815732553815e+00	 -5.796017474012e-01	 -9.999000000000e+01	  1.478952818033e+01	 -8.532554079179e+00	 -4.597117738767e+00	 -2.632221320785e+00	 -4.281004617572e+00	 -3.984162051040e-01	 -4.163631558253e-01	 -9.989234998138e-02	  0.000000000000e+00	 -4.128613117821e-01	
  6.360000000000e+02	  3.500000000000e+01	  8.800000000000e+00	  9.583693619601e-02	 -3.058805299772e+01	  1.200000000000e-02	  1.050000000000e-02	  5.400000000000e-02	  0.000000000000e+00	  1.440000000000e-03	  6.539513821323e-02	  4.455682664167e-02	  2.921580026906e+00	 -6.521218999718e-01	 -9.999000000000e+01	  1.454610725776e+01	 -8.532554079179e+00	 -4.597117738767e+00	 -2.632221320785e+00	 -4.281004617572e+00	 -4.096938897193e-01	 -4.293404616394e-01	 -1.028270878779e-01	  0.000000000000e+00	 -4.255069841916e-01	
  6.370000000000e+02	  4.500000000000e+01	  8.800000000000e+00	  7.742040677028e-02	 -5.697480520370e+00	  1.200000000000e-02	  1.050000000000e-02	  1.800000000000e-02	  0.000000000000e+00	  1.440000000000e-03	  2.491559668712e-02	  1.336266272498e-02	  2.670957653562e+00	 -5.143050713237e-01	 -9.999000000000e+01	  1.541095807397e+01	 -8.631020506760e+00	 -4.662286989514e+00	 -2.557658337262e+00	 -5.086946395756e+00	 -3.902283662686e-01	 -4.060995496565e-01	 -9.766397122615e-02	  0.000000000000e+00	 -4.030027333857e-01	
  6.380000000000e+02	  4.500000000000e+01	  8.800000000000e+00	  7.800830484464e-02	 -7.408972939719e+00	  1.200000000000e-02	  1.050000000000e-02	  1.980000000000e-02	  0.000000000000e+00	  1.440000000000e-03	  2.708736887873e-02	  1.477946537167e-02	  2.701819952638e+00	 -5.246619194250e-01	 -9.999000000000e+01	  1.537375599878e+01	 -8.631020506760e+00	 -4.662286989514e+00	 -2.557658337262e+00	 -5.086946395756e+00	 -3.911750023238e-01	 -4.071667048169e-01	 -9.790757866414e-02	  0.000000000000e+00	 -4.040463726231e-01	
  6.390000000000e+02	  4.500000000000e+01	  8.800000000000e+00	  7.894236683228e-02	 -9.889025285553e+00	  1.200000000000e-02	  1.050000000000e-02	  2.250000000000e-02	  0.000000000000e+00	  1.440000000000e-03	  3.032434056560e-02	  1.692531526447e-02	  2.741874362556e+00	 -5.399379955270e-01	 -9.999000000000e+01	  1.531922018964e+01	 -8.631020506760e+00	 -4.662286989514e+00	 -2.557658337262e+00	 -5.086946395756e+00	 -3.926658964360e-01	 -4.088490816366e-01	 -9.829143772298e-02	  0.000000000000e+00	 -4.056913869633e-01	
  6.400000000000e+02	  4.500000000000e+01	  8.800000000000e+00	  8.062348990997e-02	 -1.379781468361e+01	  1.200000000000e-02	  1.050000000000e-02	  2.700000000000e-02	  0.000000000000e+00	  1.440000000000e-03	  3.566994591847e-02	  2.055101548000e-02	  2.796163122659e+00	 -5.647016049964e-01	 -9.999000000000e+01	  1.523160028918e+01	 -8.631020506760e+00	 -4.662286989514e+00	 -2.557658337262e+00	 -5.086946395756e+00	 -3.953094948038e-01	 -4.118373102353e-01	 -9.897267059047e-02	  0.000000000000e+00	 -4.086123706389e-01	
  6.410000000000e+02	  4.500000000000e+01	  8.800000000000e+00	  8.436859274394e-02	 -2.083471098626e+01	  1.200000000000e-02	  1.050000000000e-02	  3.600000000000e-02	  0.000000000000e+00	  1.440000000000e-03	  4.620931915186e-02	  2.795425590860e-02	  2.874493480876e+00	 -6.116486884768e-01	 -9.999000000000e+01	  1.506780452422e+01	 -8.631020506760e+00	 -4.662286989514e+00	 -2.557658337262e+00	 -5.086946395756e+00	 -4.010231323700e-01	 -4.183186938825e-01	 -1.004476845876e-01	  0.000000000000e+00	 -4.149439501727e-01	
  6.420000000000e+02	  4.500000000000e+01	  8.800000000000e+00	  9.293218189165e-02	 -3.228893125667e+01	  1.200000000000e-02	  1.050000000000e-02	  5.400000000000e-02	  0.000000000000e+00	  1.440000000000e-03	  6.686825868231e-02	  4.318177604694e-02	  2.968702748296e+00	 -6.959972948504e-01	 -9.999000000000e+01	  1.477926078472e+01	 -8.631020506760e+00	 -4.662286989514e+00	 -2.557658337262e+00	 -5.086946395756e+00	 -4.132578276605e-01	 -4.323089249483e-01	 -1.036192846052e-01	  0.000000000000e+00	 -4.285916376726e-01	
  6.430000000000e+02	  5.500000000000e+01	  8.800000000000e+00	  7.429055727635e-02	 -6.575444880507e+00	  1.200000000000e-02	  1.050000000000e-02	  1.800000000000e-02	  0.000000000000e+00	  1.440000000000e-03	  2.575391917736e-02	  1.263091654057e-02	  2.732393195692e+00	 -5.238052370364e-01	 -9.999000000000e+01	  1.568668196308e+01	 -8.742475689895e+00	 -4.742362780561e+00	 -2.487639798872e+00	 -5.843767846152e+00	 -3.925893379834e-01	 -4.078189022250e-01	 -9.816366908973e-02	  0.000000000000e+00	 -4.048472799340e-01	
  6.440000000000e+02	  5.500000000000e+01	  8.800000000000e+00	  7.486008144693e-02	 -8.364308567859e+00	  1.200000000000e-02	  1.050000000000e-02	  1.980000000000e-02	  0.000000000000e+00	  1.440000000000e-03	  2.796645446702e-02	  1.400626052774e-02	  2.761344874852e+00	 -5.361549755663e-01	 -9.999000000000e+01	  1.564076804624e+01	 -8.742475689895e+00	 -4.742362780561e+00	 -2.487639798872e+00	 -5.843767846152e+00	 -3.935589096140e-01	 -4.089052263106e-01	 -9.841228396816e-02	  0.000000000000e+00	 -4.059108230528e-01	
  6.450000000000e+02	  5.500000000000e+01	  8.800000000000e+00	  7.578174680735e-02	 -1.094930464070e+01	  1.200000000000e-02	  1.050000000000e-02	  2.250000000000e-02	  0.000000000000e+00	  1.440000000000e-03	  3.125782490272e-02	  1.609667693606e-02	  2.798649882203e+00	 -5.543011632683e-01	 -9.999000000000e+01	  1.557384932393e+01	 -8.742475689895e+00	 -4.742362780561e+00	 -2.487639798872e+00	 -5.843767846152e+00	 -3.951141116884e-01	 -4.106493697839e-01	 -9.881125296714e-02	  0.000000000000e+00	 -4.076180999116e-01	
  6.460000000000e+02	  5.500000000000e+01	  8.800000000000e+00	  7.747453767703e-02	 -1.500496116073e+01	  1.200000000000e-02	  1.050000000000e-02	  2.700000000000e-02	  0.000000000000e+00	  1.440000000000e-03	  3.667927671999e-02	  1.964484551080e-02	  2.848668941047e+00	 -5.835304493263e-01	 -9.999000000000e+01	  1.546731753135e+01	 -8.742475689895e+00	 -4.742362780561e+00	 -2.487639798872e+00	 -5.843767846152e+00	 -3.979268955069e-01	 -4.138091757307e-01	 -9.953344005643e-02	  0.000000000000e+00	 -4.107101942236e-01	
  6.470000000000e+02	  5.500000000000e+01	  8.800000000000e+00	  8.132363688340e-02	 -2.224545400212e+01	  1.200000000000e-02	  1.050000000000e-02	  3.600000000000e-02	  0.000000000000e+00	  1.440000000000e-03	  4.733131998525e-02	  2.693226067727e-02	  2.919575494757e+00	 -6.382795265074e-01	 -9.999000000000e+01	  1.527139702029e+01	 -8.742475689895e+00	 -4.742362780561e+00	 -2.487639798872e+00	 -5.843767846152e+00	 -4.041220856781e-01	 -4.207934312392e-01	 -1.011268906936e-01	  0.000000000000e+00	 -4.175404857638e-01	
  6.480000000000e+02	  5.500000000000e+01	  8.800000000000e+00	  9.024018894203e-02	 -3.386390277658e+01	  1.200000000000e-02	  1.050000000000e-02	  5.400000000000e-02	  0.000000000000e+00	  1.440000000000e-03	  6.813739550691e-02	  4.200735492269e-02	  3.002591716773e+00	 -7.345237752694e-01	 -9.999000000000e+01	  1.493569739965e+01	 -8.742475689895e+00	 -4.742362780561e+00	 -2.487639798872e+00	 -5.843767846152e+00	 -4.175042383756e-01	 -4.360034771087e-01	 -1.045831978481e-01	  0.000000000000e+00	 -4.323938695510e-01	
  6.490000000000e+02	  2.500000000000e+01	  8.800000000000e+00	  1.092309347272e-01	 -4.405611308462e+00	  1.600000000000e-02	  1.400000000000e-02	  2.400000000000e-02	  0.000000000000e+00	  1.920000000000e-03	  3.142298376073e-02	  1.937350692465e-02	  2.683641866285e+00	 -3.302104201114e-01	 -9.999000000000e+01	  1.518773858942e+01	 -8.447933552417e+00	 -4.548708465533e+00	 -2.711786013751e+00	 -3.421000000000e+00	 -4.190009389178e-01	 -4.413932805369e-01	 -1.054129363854e-01	  0.000000000000e+00	 -4.370240431478e-01	
  6.500000000000e+02	  2.500000000000e+01	  8.800000000000e+00	  1.100627904994e-01	 -5.996319141332e+00	  1.600000000000e-02	  1.400000000000e-02	  2.640000000000e-02	  0.000000000000e+00	  1.920000000000e-03	  3.421103715925e-02	  2.137003211044e-02	  2.717253934964e+00	 -3.379630309920e-01	 -9.999000000000e+01	  1.516165503754e+01	 -8.447933552417e+00	 -4.548708465533e+00	 -2.711786013751e+00	 -3.421000000000e+00	 -4.199387956905e-01	 -4.425016677429e-01	 -1.056606939337e-01	  0.000000000000e+00	 -4.380991561229e-01	
  6.510000000000e+02	  2.500000000000e+01	  8.800000000000e+00	  1.113538090373e-01	 -8.308483581419e+00	  1.600000000000e-02	  1.400000000000e-02	  3.000000000000e-02	  0.000000000000e+00	  1.920000000000e-03	  3.837686912498e-02	  2.438103235971e-02	  2.761292350123e+00	 -3.494553865662e-01	 -9.999000000000e+01	  1.512311151431e+01	 -8.447933552417e+00	 -4.548708465533e+00	 -2.711786013751e+00	 -3.421000000000e+00	 -4.213806802307e-01	 -4.442082110834e-01	 -1.060419135285e-01	  0.000000000000e+00	 -4.397540587219e-01	
  6.520000000000e+02	  2.500000000000e+01	  8.800000000000e+00	  1.136115991926e-01	 -1.197210715961e+01	  1.600000000000e-02	  1.400000000000e-02	  3.600000000000e-02	  0.000000000000e+00	  1.920000000000e-03	  4.528015118029e-02	  2.943907625288e-02	  2.821849338537e+00	 -3.682397007957e-01	 -9.999000000000e+01	  1.506039883694e+01	 -8.447933552417e+00	 -4.548708465533e+00	 -2.711786013751e+00	 -3.421000000000e+00	 -4.238633107093e-01	 -4.471536885438e-01	 -1.066991950552e-01	  0.000000000000e+00	 -4.426092245761e-01	
  6.530000000000e+02	  2.500000000000e+01	  8.800000000000e+00	  1.184708957725e-01	 -1.863722588860e+01	  1.600000000000e-02	  1.400000000000e-02	  4.800000000000e-02	  0.000000000000e+00	  1.920000000000e-03	  5.895871372529e-02	  3.968313128469e-02	  2.911388901901e+00	 -4.044108412716e-01	 -9.999000000000e+01	  1.494048374629e+01	 -8.447933552417e+00	 -4.548708465533e+00	 -2.711786013751e+00	 -3.421000000000e+00	 -4.290451658975e-01	 -4.533316995309e-01	 -1.080748978265e-01	  0.000000000000e+00	 -4.485928637000e-01	
  6.540000000000e+02	  2.500000000000e+01	  8.800000000000e+00	  1.292399366354e-01	 -2.970732911430e+01	  1.600000000000e-02	  1.400000000000e-02	  7.200000000000e-02	  0.000000000000e+00	  1.920000000000e-03	  8.593253278610e-02	  6.055550815722e-02	  3.023499087113e+00	 -4.713183614175e-01	 -9.999000000000e+01	  1.472070742811e+01	 -8.447933552417e+00	 -4.548708465533e+00	 -2.711786013751e+00	 -3.421000000000e+00	 -4.398087972219e-01	 -4.663029842322e-01	 -1.109501034268e-01	  0.000000000000e+00	 -4.611333867667e-01	
  6.550000000000e+02	  3.500000000000e+01	  8.800000000000e+00	  1.051875156370e-01	 -5.232522447807e+00	  1.600000000000e-02	  1.400000000000e-02	  2.400000000000e-02	  0.000000000000e+00	  1.920000000000e-03	  3.258004761218e-02	  1.834956891633e-02	  2.770008332578e+00	 -3.581802412684e-01	 -9.999000000000e+01	  1.559069698534e+01	 -8.532554079179e+00	 -4.597117738767e+00	 -2.632221320785e+00	 -4.281004617572e+00	 -4.213565777577e-01	 -4.429200184633e-01	 -1.058813438136e-01	  0.000000000000e+00	 -4.387125178378e-01	
  6.560000000000e+02	  3.500000000000e+01	  8.800000000000e+00	  1.059738302133e-01	 -6.905385455785e+00	  1.600000000000e-02	  1.400000000000e-02	  2.640000000000e-02	  0.000000000000e+00	  1.920000000000e-03	  3.544152248914e-02	  2.027316365772e-02	  2.801922957136e+00	 -3.675545167486e-01	 -9.999000000000e+01	  1.555815718317e+01	 -8.532554079179e+00	 -4.597117738767e+00	 -2.632221320785e+00	 -4.281004617572e+00	 -4.222914870044e-01	 -4.440161221981e-01	 -1.061271071052e-01	  0.000000000000e+00	 -4.397771689896e-01	
  6.570000000000e+02	  3.500000000000e+01	  8.800000000000e+00	  1.072140105370e-01	 -9.332848582699e+00	  1.600000000000e-02	  1.400000000000e-02	  3.000000000000e-02	  0.000000000000e+00	  1.920000000000e-03	  3.971034098995e-02	  2.318189032610e-02	  2.843494773171e+00	 -3.814135858878e-01	 -9.999000000000e+01	  1.551029269213e+01	 -8.532554079179e+00	 -4.597117738767e+00	 -2.632221320785e+00	 -4.281004617572e+00	 -4.237524684717e-01	 -4.457313406318e-01	 -1.065114509006e-01	  0.000000000000e+00	 -4.414427802103e-01	
  6.580000000000e+02	  3.500000000000e+01	  8.800000000000e+00	  1.094272950960e-01	 -1.316757871390e+01	  1.600000000000e-02	  1.400000000000e-02	  3.600000000000e-02	  0.000000000000e+00	  1.920000000001e-03	  4.676868069877e-02	  2.808601956348e-02	  2.900153052894e+00	 -4.039640488319e-01	 -9.999000000000e+01	  1.543297968828e+01	 -8.532554079179e+00	 -4.597117738767e+00	 -2.632221320785e+00	 -4.281004617572e+00	 -4.263194784311e-01	 -4.487520739258e-01	 -1.071876321341e-01	  0.000000000000e+00	 -4.443749821220e-01	
  6.590000000000e+02	  3.500000000000e+01	  8.800000000000e+00	  1.143134070425e-01	 -2.010085891381e+01	  1.600000000000e-02	  1.400000000000e-02	  4.800000000000e-02	  0.000000000000e+00	  1.920000000001e-03	  6.070902814407e-02	  3.807049917691e-02	  2.982665487702e+00	 -4.470047920720e-01	 -9.999000000000e+01	  1.528709031727e+01	 -8.532554079179e+00	 -4.597117738767e+00	 -2.632221320785e+00	 -4.281004617572e+00	 -4.318112703702e-01	 -4.552455188139e-01	 -1.086381029202e-01	  0.000000000000e+00	 -4.506729825322e-01	
  6.600000000000e+02	  3.500000000000e+01	  8.800000000000e+00	  1.254166035381e-01	 -3.147294915027e+01	  1.600000000000e-02	  1.400000000000e-02	  7.200000000000e-02	  0.000000000000e+00	  1.920000000000e-03	  8.808820298159e-02	  5.854207661732e-02	  3.083416958644e+00	 -5.252519498959e-01	 -9.999000000000e+01	  1.502597351275e+01	 -8.532554079179e+00	 -4.597117738767e+00	 -2.632221320785e+00	 -4.281004617572e+00	 -4.434719148480e-01	 -4.691823185733e-01	 -1.117367003898e-01	  0.000000000000e+00	 -4.641656544318e-01	
  6.610000000000e+02	  4.500000000000e+01	  8.800000000000e+00	  1.009980010940e-01	 -6.121020891282e+00	  1.600000000000e-02	  1.400000000000e-02	  2.400000000000e-02	  0.000000000000e+00	  1.920000000000e-03	  3.375099027151e-02	  1.730440193255e-02	  2.839088724043e+00	 -3.788757396757e-01	 -9.999000000000e+01	  1.591680033074e+01	 -8.631020506760e+00	 -4.662286989514e+00	 -2.557658337262e+00	 -5.086946395756e+00	 -4.238519690762e-01	 -4.445565593005e-01	 -1.063815844253e-01	  0.000000000000e+00	 -4.405166392567e-01	
  6.620000000000e+02	  4.500000000000e+01	  8.800000000000e+00	  1.017496276228e-01	 -7.877152378309e+00	  1.600000000000e-02	  1.400000000000e-02	  2.640000000000e-02	  0.000000000000e+00	  1.920000000000e-03	  3.667805115790e-02	  1.916214129235e-02	  2.869118521190e+00	 -3.901706178447e-01	 -9.999000000000e+01	  1.587624107060e+01	 -8.631020506760e+00	 -4.662286989514e+00	 -2.557658337262e+00	 -5.086946395756e+00	 -4.247978735609e-01	 -4.456565472236e-01	 -1.066290016946e-01	  0.000000000000e+00	 -4.415865621187e-01	
  6.630000000000e+02	  4.500000000000e+01	  8.800000000000e+00	  1.029583569029e-01	 -1.041928091863e+01	  1.600000000000e-02	  1.400000000000e-02	  3.000000000000e-02	  0.000000000000e+00	  1.920000000000e-03	  4.103655248617e-02	  2.198076574748e-02	  2.907966536048e+00	 -4.068115602607e-01	 -9.999000000000e+01	  1.581690745895e+01	 -8.631020506760e+00	 -4.662286989514e+00	 -2.557658337262e+00	 -5.086946395756e+00	 -4.263050869506e-01	 -4.474115501157e-01	 -1.070235167163e-01	  0.000000000000e+00	 -4.432932158396e-01	
  6.640000000000e+02	  4.500000000000e+01	  8.800000000000e+00	  1.051645975200e-01	 -1.441867257581e+01	  1.600000000000e-02	  1.400000000000e-02	  3.600000000000e-02	  0.000000000000e+00	  1.920000000000e-03	  4.822483657012e-02	  2.675423444271e-02	  2.960363460804e+00	 -4.337314311422e-01	 -9.999000000000e+01	  1.572190491575e+01	 -8.631020506760e+00	 -4.662286989514e+00	 -2.557658337262e+00	 -5.086946395756e+00	 -4.290128134410e-01	 -4.505715559326e-01	 -1.077331415684e-01	  0.000000000000e+00	 -4.463649720318e-01	
  6.650000000000e+02	  4.500000000000e+01	  8.800000000000e+00	  1.101572103598e-01	 -2.159282991296e+01	  1.600000000000e-02	  1.400000000000e-02	  4.800000000000e-02	  0.000000000000e+00	  1.920000000000e-03	  6.237158311451e-02	  3.653093242483e-02	  3.035359124450e+00	 -4.845399054183e-01	 -9.999000000000e+01	  1.554543598794e+01	 -8.631020506760e+00	 -4.662286989514e+00	 -2.557658337262e+00	 -5.086946395756e+00	 -4.349427998012e-01	 -4.575250279250e-01	 -1.092913065077e-01	  0.000000000000e+00	 -4.531187395106e-01	
  6.660000000000e+02	  4.500000000000e+01	  8.800000000000e+00	  1.217221330617e-01	 -3.319187911186e+01	  1.600000000000e-02	  1.400000000000e-02	  7.200000000000e-02	  0.000000000000e+00	  1.920000000000e-03	  9.004795627962e-02	  5.670319294293e-02	  3.124477410055e+00	 -5.749941452991e-01	 -9.999000000000e+01	  1.523808910851e+01	 -8.631020506760e+00	 -4.662286989514e+00	 -2.557658337262e+00	 -5.086946395756e+00	 -4.477241102730e-01	 -4.726771475506e-01	 -1.126702901636e-01	  0.000000000000e+00	 -4.678082622282e-01	
  6.670000000000e+02	  5.500000000000e+01	  8.800000000000e+00	  9.686170441556e-02	 -7.028964561746e+00	  1.600000000000e-02	  1.400000000000e-02	  2.400000000000e-02	  0.000000000000e+00	  1.920000000000e-03	  3.487462457559e-02	  1.630966248584e-02	  2.895160325284e+00	 -3.926963775451e-01	 -9.999000000000e+01	  1.617732585219e+01	 -8.742475689895e+00	 -4.742362780561e+00	 -2.487639798872e+00	 -5.843767846152e+00	 -4.266700320252e-01	 -4.465266814304e-01	 -1.069629722736e-01	  0.000000000000e+00	 -4.426522132538e-01	
  6.680000000000e+02	  5.500000000000e+01	  8.800000000000e+00	  9.759924080032e-02	 -8.863090888244e+00	  1.600000000000e-02	  1.400000000000e-02	  2.640000000000e-02	  0.000000000000e+00	  1.920000000000e-03	  3.785398638626e-02	  1.811414155743e-02	  2.923245804691e+00	 -4.061146000520e-01	 -9.999000000000e+01	  1.612749915171e+01	 -8.742475689895e+00	 -4.742362780561e+00	 -2.487639798872e+00	 -5.843767846152e+00	 -4.276542044684e-01	 -4.476620488325e-01	 -1.072191516773e-01	  0.000000000000e+00	 -4.437580792005e-01	
  6.690000000000e+02	  5.500000000000e+01	  8.800000000000e+00	  9.880801545174e-02	 -1.150986872545e+01	  1.600000000000e-02	  1.400000000000e-02	  3.000000000000e-02	  0.000000000000e+00	  1.920000000000e-03	  4.228145473315e-02	  2.086237394907e-02	  2.959301548371e+00	 -4.258022580114e-01	 -9.999000000000e+01	  1.605505962361e+01	 -8.742475689895e+00	 -4.742362780561e+00	 -2.487639798872e+00	 -5.843767846152e+00	 -4.292520629964e-01	 -4.495077061640e-01	 -1.076353537036e-01	  0.000000000000e+00	 -4.455553855459e-01	
  6.700000000000e+02	  5.500000000000e+01	  8.800000000000e+00	  1.010582862153e-01	 -1.565297055601e+01	  1.600000000000e-02	  1.400000000000e-02	  3.600000000000e-02	  0.000000000000e+00	  1.920000000000e-03	  4.956426333495e-02	  2.553900535949e-02	  3.007381641130e+00	 -4.574308308491e-01	 -9.999000000000e+01	  1.594020969923e+01	 -8.742475689895e+00	 -4.742362780561e+00	 -2.487639798872e+00	 -5.843767846152e+00	 -4.321777753161e-01	 -4.528947239902e-01	 -1.083983458034e-01	  0.000000000000e+00	 -4.488523925416e-01	
  6.710000000000e+02	  5.500000000000e+01	  8.800000000000e+00	  1.062429113863e-01	 -2.301845232676e+01	  1.600000000000e-02	  1.400000000000e-02	  4.800000000000e-02	  0.000000000000e+00	  1.920000000000e-03	  6.384836322665e-02	  3.517405559465e-02	  3.074950100027e+00	 -5.163543586942e-01	 -9.999000000000e+01	  1.573055184094e+01	 -8.742475689895e+00	 -4.742362780561e+00	 -2.487639798872e+00	 -5.843767846152e+00	 -4.386880346860e-01	 -4.604678315202e-01	 -1.101005741841e-01	  0.000000000000e+00	 -4.562181150648e-01	
  6.720000000000e+02	  5.500000000000e+01	  8.800000000000e+00	  1.183563690219e-01	 -3.475365936345e+01	  1.600000000000e-02	  1.400000000000e-02	  7.200000000000e-02	  0.000000000000e+00	  1.920000000000e-03	  9.170463939057e-02	  5.515933806930e-02	  3.153110475950e+00	 -6.188654106113e-01	 -9.999000000000e+01	  1.537578737007e+01	 -8.742475689895e+00	 -4.742362780561e+00	 -2.487639798872e+00	 -5.843767846152e+00	 -4.527694571619e-01	 -4.770325128114e-01	 -1.138051645387e-01	  0.000000000000e+00	 -4.722982580506e-01	
  6.730000000000e+02	  2.500000000000e+01	  8.800000000000e+00	  1.344541909003e-01	 -4.675433407874e+00	  2.000000000000e-02	  1.750000000000e-02	  3.000000000000e-02	  0.000000000000e+00	  2.400000000000e-03	  3.973736104566e-02	  2.378992284127e-02	  2.821082900826e+00	 -2.207850971499e-01	 -9.999000000000e+01	  1.560113320299e+01	 -8.447933552417e+00	 -4.548708465533e+00	 -2.711786013751e+00	 -3.421000000000e+00	 -4.446968172174e-01	 -4.722599263519e-01	 -1.122643321555e-01	  0.000000000000e+00	 -4.668817587159e-01	
  6.740000000000e+02	  2.500000000000e+01	  8.800000000000e+00	  1.354496380022e-01	 -6.297307952260e+00	  2.000000000000e-02	  1.750000000000e-02	  3.300000000000e-02	  0.000000000000e+00	  2.400000000000e-03	  4.325265726764e-02	  2.625549590426e-02	  2.854160420087e+00	 -2.290849866613e-01	 -9.999000000000e+01	  1.557322762247e+01	 -8.447933552417e+00	 -4.548708465533e+00	 -2.711786013751e+00	 -3.421000000000e+00	 -4.456077575140e-01	 -4.733749333044e-01	 -1.125098832313e-01	  0.000000000000e+00	 -4.679569477844e-01	
  6.750000000000e+02	  2.500000000000e+01	  8.800000000000e+00	  1.370054574542e-01	 -8.653994378263e+00	  2.000000000000e-02	  1.750000000000e-02	  3.750000000000e-02	  0.000000000000e+00	  2.400000000000e-03	  4.850210865880e-02	  2.997728625644e-02	  2.897418114889e+00	 -2.413824413102e-01	 -9.999000000000e+01	  1.553203349353e+01	 -8.447933552417e+00	 -4.548708465533e+00	 -2.711786013751e+00	 -3.421000000000e+00	 -4.470177002881e-01	 -4.751038190662e-01	 -1.128903455554e-01	  0.000000000000e+00	 -4.696236007680e-01	
  6.760000000000e+02	  2.500000000000e+01	  8.800000000000e+00	  1.397513149546e-01	 -1.238560112432e+01	  2.000000000000e-02	  1.750000000000e-02	  4.500000000000e-02	  0.000000000000e+00	  2.400000000000e-03	  5.719399299732e-02	  3.623735796711e-02	  2.956732210269e+00	 -2.614630198493e-01	 -9.999000000000e+01	  1.546512242333e+01	 -8.447933552417e+00	 -4.548708465533e+00	 -2.711786013751e+00	 -3.421000000000e+00	 -4.494659541638e-01	 -4.781149737295e-01	 -1.135521693919e-01	  0.000000000000e+00	 -4.725249211313e-01	
  6.770000000000e+02	  2.500000000000e+01	  8.800000000000e+00	  1.457329757116e-01	 -1.916332245783e+01	  2.000000000000e-02	  1.750000000000e-02	  6.000000000000e-02	  0.000000000000e+00	  2.400000000000e-03	  7.439543640403e-02	  4.893969862718e-02	  3.044008143477e+00	 -3.000435311690e-01	 -9.999000000000e+01	  1.533760592077e+01	 -8.447933552417e+00	 -4.548708465533e+00	 -2.711786013751e+00	 -3.421000000000e+00	 -4.546292906457e-01	 -4.845045506666e-01	 -1.149530502750e-01	  0.000000000000e+00	 -4.786752316382e-01	
  6.780000000000e+02	  2.500000000000e+01	  8.800000000000e+00	  1.591655219145e-01	 -3.037801126706e+01	  2.000000000000e-02	  1.750000000000e-02	  9.000000000000e-02	  0.000000000000e+00	  2.400000000000e-03	  1.082623192933e-01	  7.488152983839e-02	  3.152421643483e+00	 -3.710381200749e-01	 -9.999000000000e+01	  1.510543312814e+01	 -8.447933552417e+00	 -4.548708465533e+00	 -2.711786013751e+00	 -3.421000000000e+00	 -4.654465523540e-01	 -4.980754843465e-01	 -1.179121997047e-01	  0.000000000000e+00	 -4.917088634699e-01	
  6.790000000000e+02	  3.500000000000e+01	  8.800000000000e+00	  1.293550642296e-01	 -5.542040019155e+00	  2.000000000000e-02	  1.750000000000e-02	  3.000000000000e-02	  0.000000000000e+00	  2.400000000000e-03	  4.122545783073e-02	  2.246259843596e-02	  2.903121855844e+00	 -2.521560917496e-01	 -9.999000000000e+01	  1.599148378785e+01	 -8.532554079179e+00	 -4.597117738767e+00	 -2.632221320785e+00	 -4.281004617572e+00	 -4.473599390371e-01	 -4.738777272042e-01	 -1.127760386142e-01	  0.000000000000e+00	 -4.687035246350e-01	
  6.800000000000e+02	  3.500000000000e+01	  8.800000000000e+00	  1.302989442467e-01	 -7.248678748643e+00	  2.000000000000e-02	  1.750000000000e-02	  3.300000000000e-02	  0.000000000000e+00	  2.400000000000e-03	  4.483317845820e-02	  2.483629455054e-02	  2.934443315795e+00	 -2.621818677819e-01	 -9.999000000000e+01	  1.595670533536e+01	 -8.532554079179e+00	 -4.597117738767e+00	 -2.632221320785e+00	 -4.281004617572e+00	 -4.482738210244e-01	 -4.749851045949e-01	 -1.130208126449e-01	  0.000000000000e+00	 -4.697731468251e-01	
  6.810000000000e+02	  3.500000000000e+01	  8.800000000000e+00	  1.318011944405e-01	 -9.723718618733e+00	  2.000000000000e-02	  1.750000000000e-02	  3.750000000000e-02	  0.000000000000e+00	  2.400000000000e-03	  5.021156369097e-02	  2.842994062560e-02	  2.975152351579e+00	 -2.769936112661e-01	 -9.999000000000e+01	  1.590561624266e+01	 -8.532554079179e+00	 -4.597117738767e+00	 -2.632221320785e+00	 -4.281004617572e+00	 -4.497144496123e-01	 -4.767336944726e-01	 -1.134070483328e-01	  0.000000000000e+00	 -4.714616466950e-01	
  6.820000000000e+02	  3.500000000000e+01	  8.800000000000e+00	  1.345118502126e-01	 -1.362937795709e+01	  2.000000000000e-02	  1.750000000000e-02	  4.500000000000e-02	  0.000000000000e+00	  2.400000000000e-03	  5.909605199760e-02	  3.449866548520e-02	  3.030448448260e+00	 -3.010616070494e-01	 -9.999000000000e+01	  1.582327854702e+01	 -8.532554079179e+00	 -4.597117738767e+00	 -2.632221320785e+00	 -4.281004617572e+00	 -4.522717567742e-01	 -4.798466860677e-01	 -1.140938295773e-01	  0.000000000000e+00	 -4.744662120592e-01	
  6.830000000000e+02	  3.500000000000e+01	  8.800000000000e+00	  1.405752819043e-01	 -2.067463246727e+01	  2.000000000000e-02	  1.750000000000e-02	  6.000000000000e-02	  0.000000000000e+00	  2.400000000000e-03	  7.661908490083e-02	  4.688184288475e-02	  3.110526766257e+00	 -3.468617080497e-01	 -9.999000000000e+01	  1.566856838997e+01	 -8.532554079179e+00	 -4.597117738767e+00	 -2.632221320785e+00	 -4.281004617572e+00	 -4.578042622187e-01	 -4.866221950091e-01	 -1.155849032294e-01	  0.000000000000e+00	 -4.809991837329e-01	
  6.840000000000e+02	  3.500000000000e+01	  8.800000000000e+00	  1.545233751104e-01	 -3.217613326829e+01	  2.000000000000e-02	  1.750000000000e-02	  9.000000000000e-02	  0.000000000000e+00	  2.400000000000e-03	  1.109801557418e-01	  7.233459621541e-02	  3.207467193605e+00	 -4.295868989013e-01	 -9.999000000000e+01	  1.539386734113e+01	 -8.532554079179e+00	 -4.597117738767e+00	 -2.632221320785e+00	 -4.281004617572e+00	 -4.696330915158e-01	 -5.013103834135e-01	 -1.187992307189e-01	  0.000000000000e+00	 -4.951294484090e-01	
  6.850000000000e+02	  4.500000000000e+01	  8.800000000000e+00	  1.241256058788e-01	 -6.462748068695e+00	  2.000000000000e-02	  1.750000000000e-02	  3.000000000000e-02	  0.000000000000e+00	  2.400000000000e-03	  4.271205727657e-02	  2.112556189134e-02	  2.967865451222e+00	 -2.762429419065e-01	 -9.999000000000e+01	  1.630543892797e+01	 -8.631020506760e+00	 -4.662286989514e+00	 -2.557658337262e+00	 -5.086946395756e+00	 -4.502281397879e-01	 -4.756738889930e-01	 -1.133358377623e-01	  0.000000000000e+00	 -4.707088647579e-01	
  6.860000000000e+02	  4.500000000000e+01	  8.800000000000e+00	  1.250347309931e-01	 -8.254043812048e+00	  2.000000000000e-02	  1.750000000000e-02	  3.300000000000e-02	  0.000000000000e+00	  2.400000000000e-03	  4.640074100130e-02	  2.341791129006e-02	  2.997262953272e+00	 -2.882971059950e-01	 -9.999000000000e+01	  1.626220585914e+01	 -8.631020506760e+00	 -4.662286989514e+00	 -2.557658337262e+00	 -5.086946395756e+00	 -4.511625983585e-01	 -4.767947182121e-01	 -1.135845255198e-01	  0.000000000000e+00	 -4.717933289724e-01	
  6.870000000000e+02	  4.500000000000e+01	  8.800000000000e+00	  1.265120702342e-01	 -1.084486853373e+01	  2.000000000000e-02	  1.750000000000e-02	  3.750000000000e-02	  0.000000000000e+00	  2.400000000000e-03	  5.188906973902e-02	  2.690101864211e-02	  3.035195295439e+00	 -3.060398862787e-01	 -9.999000000000e+01	  1.619906611949e+01	 -8.631020506760e+00	 -4.662286989514e+00	 -2.557658337262e+00	 -5.086946395756e+00	 -4.526665618922e-01	 -4.786015362902e-01	 -1.139851449866e-01	  0.000000000000e+00	 -4.735410534809e-01	
  6.880000000000e+02	  4.500000000000e+01	  8.800000000000e+00	  1.292402613190e-01	 -1.491481504983e+01	  2.000000000000e-02	  1.750000000000e-02	  4.500000000000e-02	  0.000000000000e+00	  2.400000000000e-03	  6.093130903843e-02	  3.281098115853e-02	  3.086160219815e+00	 -3.346913082097e-01	 -9.999000000000e+01	  1.609824786820e+01	 -8.631020506760e+00	 -4.662286989514e+00	 -2.557658337262e+00	 -5.086946395756e+00	 -4.553976878322e-01	 -4.818919414026e-01	 -1.147138385098e-01	  0.000000000000e+00	 -4.767223309498e-01	
  6.890000000000e+02	  4.500000000000e+01	  8.800000000000e+00	  1.354908916632e-01	 -2.219434636730e+01	  2.000000000000e-02	  1.750000000000e-02	  6.000000000000e-02	  0.000000000000e+00	  2.400000000000e-03	  7.870181456550e-02	  4.494474890233e-02	  3.158653473838e+00	 -3.885642863381e-01	 -9.999000000000e+01	  1.591193647490e+01	 -8.631020506760e+00	 -4.662286989514e+00	 -2.557658337262e+00	 -5.086946395756e+00	 -4.614392223819e-01	 -4.892148551728e-01	 -1.163314483425e-01	  0.000000000000e+00	 -4.837952195063e-01	
  6.900000000000e+02	  4.500000000000e+01	  8.800000000000e+00	  1.501070989849e-01	 -3.390167697051e+01	  2.000000000000e-02	  1.750000000000e-02	  9.000000000000e-02	  0.000000000000e+00	  2.400000000000e-03	  1.134189760144e-01	  7.003846877137e-02	  3.244037536372e+00	 -4.837425560977e-01	 -9.999000000000e+01	  1.559039077103e+01	 -8.631020506760e+00	 -4.662286989514e+00	 -2.557658337262e+00	 -5.086946395756e+00	 -4.745055823831e-01	 -5.052775376750e-01	 -1.198590505827e-01	  0.000000000000e+00	 -4.992732537157e-01	
  6.910000000000e+02	  5.500000000000e+01	  8.800000000000e+00	  1.190157744028e-01	 -7.391435144509e+00	  2.000000000000e-02	  1.750000000000e-02	  3.000000000000e-02	  0.000000000000e+00	  2.400000000000e-03	  4.411796520306e-02	  1.986995125446e-02	  3.019897268353e+00	 -2.932999557275e-01	 -9.999000000000e+01	  1.655456042648e+01	 -8.742475689895e+00	 -4.742362780561e+00	 -2.487639798872e+00	 -5.843767846152e+00	 -4.534946505206e-01	 -4.778928842731e-01	 -1.139968599264e-01	  0.000000000000e+00	 -4.731322532970e-01	
  6.920000000000e+02	  5.500000000000e+01	  8.800000000000e+00	  1.199176897665e-01	 -9.260777710001e+00	  2.000000000000e-02	  1.750000000000e-02	  3.300000000000e-02	  0.000000000000e+00	  2.400000000000e-03	  4.786976461326e-02	  2.209795855272e-02	  3.047334005330e+00	 -3.075807501138e-01	 -9.999000000000e+01	  1.650164253510e+01	 -8.742475689895e+00	 -4.742362780561e+00	 -2.487639798872e+00	 -5.843767846152e+00	 -4.544800981258e-01	 -4.790632245279e-01	 -1.142575011778e-01	  0.000000000000e+00	 -4.742665169372e-01	
  6.930000000000e+02	  5.500000000000e+01	  8.800000000000e+00	  1.214113580407e-01	 -1.195540744723e+01	  2.000000000000e-02	  1.750000000000e-02	  3.750000000000e-02	  0.000000000000e+00	  2.400000000000e-03	  5.344053893625e-02	  2.549680100877e-02	  3.082454658385e+00	 -3.285084963643e-01	 -9.999000000000e+01	  1.642486259390e+01	 -8.742475689895e+00	 -4.742362780561e+00	 -2.487639798872e+00	 -5.843767846152e+00	 -4.560959525526e-01	 -4.809852809509e-01	 -1.146852601833e-01	  0.000000000000e+00	 -4.761288266293e-01	
  6.940000000000e+02	  5.500000000000e+01	  8.800000000000e+00	  1.242218364528e-01	 -1.616573549008e+01	  2.000000000000e-02	  1.750000000000e-02	  4.500000000000e-02	  0.000000000000e+00	  2.400000000000e-03	  6.259429285030e-02	  3.129230491392e-02	  3.129087913272e+00	 -3.620545435168e-01	 -9.999000000000e+01	  1.630352842066e+01	 -8.742475689895e+00	 -4.742362780561e+00	 -2.487639798872e+00	 -5.843767846152e+00	 -4.590830670206e-01	 -4.845485434935e-01	 -1.154773011216e-01	  0.000000000000e+00	 -4.795796700353e-01	
  6.950000000000e+02	  5.500000000000e+01	  8.800000000000e+00	  1.307614117521e-01	 -2.362609248981e+01	  2.000000000000e-02	  1.750000000000e-02	  6.000000000000e-02	  0.000000000000e+00	  2.400000000000e-03	  8.052442738759e-02	  4.326101379915e-02	  3.194190090678e+00	 -4.242678750491e-01	 -9.999000000000e+01	  1.608333834877e+01	 -8.742475689895e+00	 -4.742362780561e+00	 -2.487639798872e+00	 -5.843767846152e+00	 -4.657775994789e-01	 -4.925836888881e-01	 -1.172586363348e-01	  0.000000000000e+00	 -4.873532324180e-01	
  6.960000000000e+02	  5.500000000000e+01	  8.800000000000e+00	  1.461299558826e-01	 -3.544858599904e+01	  2.000000000000e-02	  1.750000000000e-02	  9.000000000000e-02	  0.000000000000e+00	  2.400000000000e-03	  1.154534962679e-01	  6.813400135802e-02	  3.268852593877e+00	 -5.315797012147e-01	 -9.999000000000e+01	  1.571440466738e+01	 -8.742475689895e+00	 -4.742362780561e+00	 -2.487639798872e+00	 -5.843767846152e+00	 -4.802454591479e-01	 -5.102021001039e-01	 -1.211408312353e-01	  0.000000000000e+00	 -5.043569018686e-01	
  6.970000000000e+02	  2.500000000000e+01	  8.800000000000e+00	  1.592844716320e-01	 -4.906660962566e+00	  2.400000000000e-02	  2.100000000000e-02	  3.600000000000e-02	  0.000000000000e+00	  2.880000000000e-03	  4.814837265772e-02	  2.811523996593e-02	  2.932499801631e+00	 -1.328228868965e-01	 -9.999000000000e+01	  1.593695327986e+01	 -8.447933552417e+00	 -4.548708465533e+00	 -2.711786013751e+00	 -3.421000000000e+00	 -4.655378888904e-01	 -4.981912055750e-01	 -1.179373355349e-01	  0.000000000000e+00	 -4.918198267097e-01	
  6.980000000000e+02	  2.500000000000e+01	  8.800000000000e+00	  1.604343729761e-01	 -6.554902397057e+00	  2.400000000000e-02	  2.100000000000e-02	  3.960000000000e-02	  0.000000000000e+00	  2.880000000000e-03	  5.239659625995e-02	  3.104420175495e-02	  2.965139375466e+00	 -1.415878904060e-01	 -9.999000000000e+01	  1.590751150242e+01	 -8.447933552417e+00	 -4.548708465533e+00	 -2.711786013751e+00	 -3.421000000000e+00	 -4.664170386566e-01	 -4.993060851167e-01	 -1.181794128718e-01	  0.000000000000e+00	 -4.928887101976e-01	
  6.990000000000e+02	  2.500000000000e+01	  8.800000000000e+00	  1.622436166748e-01	 -8.949180125907e+00	  2.400000000000e-02	  2.100000000000e-02	  4.500000000000e-02	  0.000000000000e+00	  2.880000000000e-03	  5.873737123715e-02	  3.546911214567e-02	  3.007757793859e+00	 -1.545686783019e-01	 -9.999000000000e+01	  1.586408708330e+01	 -8.447933552417e+00	 -4.548708465533e+00	 -2.711786013751e+00	 -3.421000000000e+00	 -4.677864526973e-01	 -5.010463941157e-01	 -1.185569794686e-01	  0.000000000000e+00	 -4.945566494487e-01	
  7.000000000000e+02	  2.500000000000e+01	  8.800000000000e+00	  1.654638811595e-01	 -1.273796919592e+01	  2.400000000000e-02	  2.100000000000e-02	  5.400000000000e-02	  0.000000000000e+00	  2.880000000000e-03	  6.922882319353e-02	  4.292029541449e-02	  3.066055952751e+00	 -1.757464447560e-01	 -9.999000000000e+01	  1.579365658869e+01	 -8.447933552417e+00	 -4.548708465533e+00	 -2.711786013751e+00	 -3.421000000000e+00	 -4.701829501546e-01	 -5.041030457923e-01	 -1.192192030349e-01	  0.000000000000e+00	 -4.974844905459e-01	
  7.010000000000e+02	  2.500000000000e+01	  8.800000000000e+00	  1.725554645482e-01	 -1.960960373541e+01	  2.400000000000e-02	  2.100000000000e-02	  7.200000000000e-02	  0.000000000000e+00	  2.880000000000e-03	  8.996984048639e-02	  5.806431360669e-02	  3.151491502733e+00	 -2.163527134953e-01	 -9.999000000000e+01	  1.565981987913e+01	 -8.447933552417e+00	 -4.548708465533e+00	 -2.711786013751e+00	 -3.421000000000e+00	 -4.752834973169e-01	 -5.106573675493e-01	 -1.206351472623e-01	  0.000000000000e+00	 -5.037551489674e-01	
  7.020000000000e+02	  2.500000000000e+01	  8.800000000000e+00	  1.886605607881e-01	 -3.094259070328e+01	  2.400000000000e-02	  2.100000000000e-02	  1.080000000000e-01	  0.000000000000e+00	  2.880000000000e-03	  1.307517060890e-01	  8.905387382086e-02	  3.256944415142e+00	 -2.907286162596e-01	 -9.999000000000e+01	  1.541752656636e+01	 -8.447933552417e+00	 -4.548708465533e+00	 -2.711786013751e+00	 -3.421000000000e+00	 -4.860404872100e-01	 -5.247159021716e-01	 -1.236530145788e-01	  0.000000000000e+00	 -5.171694797400e-01	
  7.030000000000e+02	  3.500000000000e+01	  8.800000000000e+00	  1.531425983686e-01	 -5.804859038209e+00	  2.400000000000e-02	  2.100000000000e-02	  3.600000000000e-02	  0.000000000000e+00	  2.880000000000e-03	  4.997127998553e-02	  2.648008701196e-02	  3.010985079688e+00	 -1.669498839992e-01	 -9.999000000000e+01	  1.631710072495e+01	 -8.532554079179e+00	 -4.597117738767e+00	 -2.632221320785e+00	 -4.281004617572e+00	 -4.685138802918e-01	 -4.999081129574e-01	 -1.184934568467e-01	  0.000000000000e+00	 -4.937824090226e-01	
  7.040000000000e+02	  3.500000000000e+01	  8.800000000000e+00	  1.542368251124e-01	 -7.539758516132e+00	  2.400000000000e-02	  2.100000000000e-02	  3.960000000000e-02	  0.000000000000e+00	  2.880000000000e-03	  5.433063865422e-02	  2.929850452876e-02	  3.041826109816e+00	 -1.775285859489e-01	 -9.999000000000e+01	  1.628044475141e+01	 -8.532554079179e+00	 -4.597117738767e+00	 -2.632221320785e+00	 -4.281004617572e+00	 -4.694017101069e-01	 -5.010202592549e-01	 -1.187359866501e-01	  0.000000000000e+00	 -4.948507862504e-01	
  7.050000000000e+02	  3.500000000000e+01	  8.800000000000e+00	  1.559929269216e-01	 -1.005450142928e+01	  2.400000000000e-02	  2.100000000000e-02	  4.500000000000e-02	  0.000000000000e+00	  2.880000000000e-03	  6.082574772872e-02	  3.356992732191e-02	  3.081836708269e+00	 -1.931473515750e-01	 -9.999000000000e+01	  1.622665846452e+01	 -8.532554079179e+00	 -4.597117738767e+00	 -2.632221320785e+00	 -4.281004617572e+00	 -4.708124970192e-01	 -5.027910470381e-01	 -1.191218424571e-01	  0.000000000000e+00	 -4.965513299613e-01	
  7.060000000000e+02	  3.500000000000e+01	  8.800000000000e+00	  1.591929674334e-01	 -1.401906584962e+01	  2.400000000000e-02	  2.100000000000e-02	  5.400000000000e-02	  0.000000000000e+00	  2.880000000000e-03	  7.154627015194e-02	  4.079337921166e-02	  3.136032327505e+00	 -2.184960443825e-01	 -9.999000000000e+01	  1.614013834363e+01	 -8.532554079179e+00	 -4.597117738767e+00	 -2.632221320785e+00	 -4.281004617572e+00	 -4.733397050112e-01	 -5.059742633350e-01	 -1.198145135986e-01	  0.000000000000e+00	 -4.996065446377e-01	
  7.070000000000e+02	  3.500000000000e+01	  8.800000000000e+00	  1.664326290833e-01	 -2.115638738466e+01	  2.400000000000e-02	  2.100000000000e-02	  7.200000000000e-02	  0.000000000000e+00	  2.880000000000e-03	  9.266647900115e-02	  5.556079011954e-02	  3.214156850431e+00	 -2.666047819546e-01	 -9.999000000000e+01	  1.597816096777e+01	 -8.532554079179e+00	 -4.597117738767e+00	 -2.632221320785e+00	 -4.281004617572e+00	 -4.788585837763e-01	 -5.129772727384e-01	 -1.213339938861e-01	  0.000000000000e+00	 -5.063199675750e-01	
  7.080000000000e+02	  3.500000000000e+01	  8.800000000000e+00	  1.832527910421e-01	 -3.276216171464e+01	  2.400000000000e-02	  2.100000000000e-02	  1.080000000000e-01	  0.000000000000e+00	  2.880000000000e-03	  1.340288151845e-01	  8.597545448895e-02	  3.308092322230e+00	 -3.530037896050e-01	 -9.999000000000e+01	  1.569250818567e+01	 -8.532554079179e+00	 -4.597117738767e+00	 -2.632221320785e+00	 -4.281004617572e+00	 -4.907144875354e-01	 -5.282813096991e-01	 -1.246329087263e-01	  0.000000000000e+00	 -5.209511980574e-01	
  7.090000000000e+02	  4.500000000000e+01	  8.800000000000e+00	  1.468952940993e-01	 -6.750350652758e+00	  2.400000000000e-02	  2.100000000000e-02	  3.600000000000e-02	  0.000000000000e+00	  2.880000000000e-03	  5.177343970038e-02	  2.485061711608e-02	  3.072218953452e+00	 -1.937619978129e-01	 -9.999000000000e+01	  1.662128062256e+01	 -8.631020506760e+00	 -4.662286989514e+00	 -2.557658337262e+00	 -5.086946395756e+00	 -4.717526526035e-01	 -5.018661878939e-01	 -1.191122933620e-01	  0.000000000000e+00	 -4.959903761299e-01	
  7.100000000000e+02	  4.500000000000e+01	  8.800000000000e+00	  1.479568665733e-01	 -8.570764015700e+00	  2.400000000000e-02	  2.100000000000e-02	  3.960000000000e-02	  0.000000000000e+00	  2.880000000000e-03	  5.622863375386e-02	  2.757269376511e-02	  3.101110296695e+00	 -2.064591398752e-01	 -9.999000000000e+01	  1.657581917441e+01	 -8.631020506760e+00	 -4.662286989514e+00	 -2.557658337262e+00	 -5.086946395756e+00	 -4.726695632575e-01	 -5.030007209051e-01	 -1.193607945684e-01	  0.000000000000e+00	 -4.970824462421e-01	
  7.110000000000e+02	  4.500000000000e+01	  8.800000000000e+00	  1.496979573450e-01	 -1.120178599373e+01	  2.400000000000e-02	  2.100000000000e-02	  4.500000000000e-02	  0.000000000000e+00	  2.880000000000e-03	  6.285313968409e-02	  3.171393746551e-02	  3.138309983121e+00	 -2.251326600284e-01	 -9.999000000000e+01	  1.650951810710e+01	 -8.631020506760e+00	 -4.662286989514e+00	 -2.557658337262e+00	 -5.086946395756e+00	 -4.741583910401e-01	 -5.048464722958e-01	 -1.197647623812e-01	  0.000000000000e+00	 -4.988585540020e-01	
  7.120000000000e+02	  4.500000000000e+01	  8.800000000000e+00	  1.529456591547e-01	 -1.532966005682e+01	  2.400000000000e-02	  2.100000000000e-02	  5.400000000000e-02	  0.000000000000e+00	  2.880000000000e-03	  7.375786558547e-02	  3.875186208114e-02	  3.188131805787e+00	 -2.552396933552e-01	 -9.999000000000e+01	  1.640389865702e+01	 -8.631020506760e+00	 -4.662286989514e+00	 -2.557658337262e+00	 -5.086946395756e+00	 -4.768868930525e-01	 -5.082407531792e-01	 -1.205066223834e-01	  0.000000000000e+00	 -5.021229268130e-01	
  7.130000000000e+02	  4.500000000000e+01	  8.800000000000e+00	  1.604628566191e-01	 -2.269483796070e+01	  2.400000000000e-02	  2.100000000000e-02	  7.200000000000e-02	  0.000000000000e+00	  2.880000000000e-03	  9.516440027460e-02	  5.323042855958e-02	  3.258642710620e+00	 -3.116615812551e-01	 -9.999000000000e+01	  1.620956162641e+01	 -8.631020506760e+00	 -4.662286989514e+00	 -2.557658337262e+00	 -5.086946395756e+00	 -4.829707056267e-01	 -5.158655912336e-01	 -1.221682008550e-01	  0.000000000000e+00	 -5.094470769689e-01	
  7.140000000000e+02	  4.500000000000e+01	  8.800000000000e+00	  1.781695780841e-01	 -3.448876617834e+01	  2.400000000000e-02	  2.100000000000e-02	  1.080000000000e-01	  0.000000000000e+00	  2.880000000000e-03	  1.369402807348e-01	  8.322775542122e-02	  3.341128862032e+00	 -4.106809197941e-01	 -9.999000000000e+01	  1.587672130311e+01	 -8.631020506760e+00	 -4.662286989514e+00	 -2.557658337262e+00	 -5.086946395756e+00	 -4.961481557023e-01	 -5.326729192096e-01	 -1.258058757580e-01	  0.000000000000e+00	 -5.255461360862e-01	
  7.150000000000e+02	  5.500000000000e+01	  8.800000000000e+00	  1.408403490731e-01	 -7.694217644532e+00	  2.400000000000e-02	  2.100000000000e-02	  3.600000000000e-02	  0.000000000000e+00	  2.880000000000e-03	  5.345840670827e-02	  2.333665360036e-02	  3.121026196568e+00	 -2.133995500008e-01	 -9.999000000000e+01	  1.686128795921e+01	 -8.742475689895e+00	 -4.742362780561e+00	 -2.487639798872e+00	 -5.843767846152e+00	 -4.754521430309e-01	 -5.043244145909e-01	 -1.198493937729e-01	  0.000000000000e+00	 -4.986908006279e-01	
  7.160000000000e+02	  5.500000000000e+01	  8.800000000000e+00	  1.419035446886e-01	 -9.592470051811e+00	  2.400000000000e-02	  2.100000000000e-02	  3.960000000000e-02	  0.000000000000e+00	  2.880000000000e-03	  5.798696784972e-02	  2.598386791701e-02	  3.147949245795e+00	 -2.284090176752e-01	 -9.999000000000e+01	  1.680581007467e+01	 -8.742475689895e+00	 -4.742362780561e+00	 -2.487639798872e+00	 -5.843767846152e+00	 -4.764305631573e-01	 -5.055207898184e-01	 -1.201125650990e-01	  0.000000000000e+00	 -4.998446480309e-01	
  7.170000000000e+02	  5.500000000000e+01	  8.800000000000e+00	  1.436800916247e-01	 -1.232625926764e+01	  2.400000000000e-02	  2.100000000000e-02	  4.500000000000e-02	  0.000000000000e+00	  2.880000000000e-03	  6.470656462414e-02	  3.002780529259e-02	  3.182329797593e+00	 -2.503810672120e-01	 -9.999000000000e+01	  1.672545041302e+01	 -8.742475689895e+00	 -4.742362780561e+00	 -2.487639798872e+00	 -5.843767846152e+00	 -4.780484711179e-01	 -5.075028899009e-01	 -1.205482330889e-01	  0.000000000000e+00	 -5.017556862359e-01	
  7.180000000000e+02	  5.500000000000e+01	  8.800000000000e+00	  1.470525829675e-01	 -1.659132616562e+01	  2.400000000000e-02	  2.100000000000e-02	  5.400000000000e-02	  0.000000000000e+00	  2.880000000000e-03	  7.573854564718e-02	  3.693489875302e-02	  3.227820984326e+00	 -2.855323560172e-01	 -9.999000000000e+01	  1.659880717162e+01	 -8.742475689895e+00	 -4.742362780561e+00	 -2.487639798872e+00	 -5.843767846152e+00	 -4.810628121192e-01	 -5.112085916275e-01	 -1.213615958793e-01	  0.000000000000e+00	 -5.053264883088e-01	
  7.190000000000e+02	  5.500000000000e+01	  8.800000000000e+00	  1.549617193494e-01	 -2.412834551348e+01	  2.400000000000e-02	  2.100000000000e-02	  7.200000000000e-02	  0.000000000000e+00	  2.880000000000e-03	  9.732534660321e-02	  5.122664043983e-02	  3.290993400348e+00	 -3.504659179391e-01	 -9.999000000000e+01	  1.637011617737e+01	 -8.742475689895e+00	 -4.742362780561e+00	 -2.487639798872e+00	 -5.843767846152e+00	 -4.878539044069e-01	 -5.196210568735e-01	 -1.232023596500e-01	  0.000000000000e+00	 -5.134225880995e-01	
  7.200000000000e+02	  5.500000000000e+01	  8.800000000000e+00	  1.736294749272e-01	 -3.602111152963e+01	  2.400000000000e-02	  2.100000000000e-02	  1.080000000000e-01	  0.000000000000e+00	  2.880000000000e-03	  1.393451180724e-01	  8.096953474612e-02	  3.362981423772e+00	 -4.616490415513e-01	 -9.999000000000e+01	  1.599005457579e+01	 -8.742475689895e+00	 -4.742362780561e+00	 -2.487639798872e+00	 -5.843767846152e+00	 -5.025005987413e-01	 -5.380946411013e-01	 -1.272158536419e-01	  0.000000000000e+00	 -5.311494621043e-01	
  7.210000000000e+02	  2.500000000000e+01	  8.800000000000e+00	  1.837815648107e-01	 -5.109956130448e+00	  2.800000000000e-02	  2.450000000000e-02	  4.200000000000e-02	  0.000000000000e+00	  3.360000000000e-03	  5.664135824584e-02	  3.236332510649e-02	  3.026202634423e+00	 -5.933992616069e-02	 -9.999000000000e+01	  1.622000956515e+01	 -8.447933552417e+00	 -4.548708465533e+00	 -2.711786013751e+00	 -3.421000000000e+00	 -4.828955982197e-01	 -5.205708190059e-01	 -1.227659999026e-01	  0.000000000000e+00	 -5.132195564135e-01	
  7.220000000000e+02	  2.500000000000e+01	  8.800000000000e+00	  1.850781496209e-01	 -6.781152977571e+00	  2.800000000000e-02	  2.450000000000e-02	  4.620000000000e-02	  0.000000000000e+00	  3.360000000000e-03	  6.162718490911e-02	  3.575101940753e-02	  3.058471790314e+00	 -6.851226205134e-02	 -9.999000000000e+01	  1.618923448220e+01	 -8.447933552417e+00	 -4.548708465533e+00	 -2.711786013751e+00	 -3.421000000000e+00	 -4.837406173121e-01	 -5.216816379844e-01	 -1.230039383160e-01	  0.000000000000e+00	 -5.142785119996e-01	
  7.230000000000e+02	  2.500000000000e+01	  8.800000000000e+00	  1.871312295549e-01	 -9.208103366721e+00	  2.800000000000e-02	  2.450000000000e-02	  5.250000000000e-02	  0.000000000000e+00	  3.360000000000e-03	  6.906557423049e-02	  4.087278506182e-02	  3.100549742807e+00	 -8.209070912472e-02	 -9.999000000000e+01	  1.614387788407e+01	 -8.447933552417e+00	 -4.548708465533e+00	 -2.711786013751e+00	 -3.421000000000e+00	 -4.850648724713e-01	 -5.234267745301e-01	 -1.233774056125e-01	  0.000000000000e+00	 -5.159415253479e-01	
  7.240000000000e+02	  2.500000000000e+01	  8.800000000000e+00	  1.908145898648e-01	 -1.304643248440e+01	  2.800000000000e-02	  2.450000000000e-02	  6.300000000000e-02	  0.000000000000e+00	  3.360000000000e-03	  8.136544494745e-02	  4.950626611851e-02	  3.157990333416e+00	 -1.042255211577e-01	 -9.999000000000e+01	  1.607040885861e+01	 -8.447933552417e+00	 -4.548708465533e+00	 -2.711786013751e+00	 -3.421000000000e+00	 -4.873992344453e-01	 -5.265162253676e-01	 -1.240375276627e-01	  0.000000000000e+00	 -5.188836417730e-01	
  7.250000000000e+02	  2.500000000000e+01	  8.800000000000e+00	  1.990063726757e-01	 -1.999885287014e+01	  2.800000000000e-02	  2.450000000000e-02	  8.400000000000e-02	  0.000000000000e+00	  3.360000000000e-03	  1.056592556073e-01	  6.707880893153e-02	  3.241880049545e+00	 -1.465875288566e-01	 -9.999000000000e+01	  1.593115661893e+01	 -8.447933552417e+00	 -4.548708465533e+00	 -2.711786013751e+00	 -3.421000000000e+00	 -4.924081525316e-01	 -5.332044589301e-01	 -1.254619985516e-01	  0.000000000000e+00	 -5.252442040231e-01	
  7.260000000000e+02	  2.500000000000e+01	  8.800000000000e+00	  2.177930767763e-01	 -3.143202479102e+01	  2.800000000000e-02	  2.450000000000e-02	  1.260000000000e-01	  0.000000000000e+00	  3.360000000000e-03	  1.533731315261e-01	  1.030992370010e-01	  3.344881014428e+00	 -2.238499545534e-01	 -9.999000000000e+01	  1.568033774013e+01	 -8.447933552417e+00	 -4.548708465533e+00	 -2.711786013751e+00	 -3.421000000000e+00	 -5.030264884534e-01	 -5.476740691925e-01	 -1.285214852527e-01	  0.000000000000e+00	 -5.389623461215e-01	
  7.270000000000e+02	  3.500000000000e+01	  8.800000000000e+00	  1.766104656163e-01	 -6.034137273988e+00	  2.800000000000e-02	  2.450000000000e-02	  4.200000000000e-02	  0.000000000000e+00	  3.360000000000e-03	  5.880141390178e-02	  3.041744565528e-02	  3.101670798696e+00	 -9.578707513690e-02	 -9.999000000000e+01	  1.659156046717e+01	 -8.532554079179e+00	 -4.597117738767e+00	 -2.632221320785e+00	 -4.281004617572e+00	 -4.861844552678e-01	 -5.223896007192e-01	 -1.233664998130e-01	  0.000000000000e+00	 -5.153251820945e-01	
  7.280000000000e+02	  3.500000000000e+01	  8.800000000000e+00	  1.778489512064e-01	 -7.793422861880e+00	  2.800000000000e-02	  2.450000000000e-02	  4.620000000000e-02	  0.000000000000e+00	  3.360000000000e-03	  6.391679693773e-02	  3.367620718675e-02	  3.132109380483e+00	 -1.068492331130e-01	 -9.999000000000e+01	  1.655328252277e+01	 -8.532554079179e+00	 -4.597117738767e+00	 -2.632221320785e+00	 -4.281004617572e+00	 -4.870435591304e-01	 -5.235025941277e-01	 -1.236060851050e-01	  0.000000000000e+00	 -5.163886360795e-01	
  7.290000000000e+02	  3.500000000000e+01	  8.800000000000e+00	  1.798520458537e-01	 -1.034235082152e+01	  2.800000000000e-02	  2.450000000000e-02	  5.250000000000e-02	  0.000000000000e+00	  3.360000000000e-03	  7.153440628961e-02	  3.861964048971e-02	  3.171535166934e+00	 -1.231723512189e-01	 -9.999000000000e+01	  1.649717178704e+01	 -8.532554079179e+00	 -4.597117738767e+00	 -2.632221320785e+00	 -4.281004617572e+00	 -4.884188619831e-01	 -5.252885313831e-01	 -1.239901903667e-01	  0.000000000000e+00	 -5.180944495490e-01	
  7.300000000000e+02	  3.500000000000e+01	  8.800000000000e+00	  1.835349675480e-01	 -1.435743307665e+01	  2.800000000000e-02	  2.450000000000e-02	  6.300000000000e-02	  0.000000000000e+00	  3.360000000000e-03	  8.409884655278e-02	  4.698994752924e-02	  3.224811039235e+00	 -1.496348167462e-01	 -9.999000000000e+01	  1.640706318078e+01	 -8.532554079179e+00	 -4.597117738767e+00	 -2.632221320785e+00	 -4.281004617572e+00	 -4.909027860162e-01	 -5.285274543635e-01	 -1.246857168543e-01	  0.000000000000e+00	 -5.211860556616e-01	
  7.310000000000e+02	  3.500000000000e+01	  8.800000000000e+00	  1.919504649557e-01	 -2.157308133953e+01	  2.800000000000e-02	  2.450000000000e-02	  8.400000000000e-02	  0.000000000000e+00	  3.360000000000e-03	  1.088275923195e-01	  6.413025172841e-02	  3.301312394608e+00	 -1.997350616401e-01	 -9.999000000000e+01	  1.623890881069e+01	 -8.532554079179e+00	 -4.597117738767e+00	 -2.632221320785e+00	 -4.281004617572e+00	 -4.963707597508e-01	 -5.357206050667e-01	 -1.262253341392e-01	  0.000000000000e+00	 -5.280425864685e-01	
  7.320000000000e+02	  3.500000000000e+01	  8.800000000000e+00	  2.116659410342e-01	 -3.326621371450e+01	  2.800000000000e-02	  2.450000000000e-02	  1.260000000000e-01	  0.000000000000e+00	  3.360000000000e-03	  1.572063570149e-01	  9.949176332063e-02	  3.392792865709e+00	 -2.892462296633e-01	 -9.999000000000e+01	  1.594413177063e+01	 -8.532554079179e+00	 -4.597117738767e+00	 -2.632221320785e+00	 -4.281004617572e+00	 -5.081543441310e-01	 -5.515458620430e-01	 -1.295872100263e-01	  0.000000000000e+00	 -5.430792244016e-01	
  7.330000000000e+02	  4.500000000000e+01	  8.800000000000e+00	  1.693658841113e-01	 -6.999401472395e+00	  2.800000000000e-02	  2.450000000000e-02	  4.200000000000e-02	  0.000000000000e+00	  3.360000000000e-03	  6.091833409450e-02	  2.849579585674e-02	  3.159960000337e+00	 -1.248777566875e-01	 -9.999000000000e+01	  1.688754869694e+01	 -8.631020506760e+00	 -4.662286989514e+00	 -2.557658337262e+00	 -5.086946395756e+00	 -4.897870275881e-01	 -5.245070338309e-01	 -1.240428742868e-01	  0.000000000000e+00	 -5.177323984665e-01	
  7.340000000000e+02	  4.500000000000e+01	  8.800000000000e+00	  1.705756155416e-01	 -8.844737142468e+00	  2.800000000000e-02	  2.450000000000e-02	  4.620000000000e-02	  0.000000000000e+00	  3.360000000000e-03	  6.614398888624e-02	  3.164365249237e-02	  3.188431446505e+00	 -1.381358490523e-01	 -9.999000000000e+01	  1.684017242109e+01	 -8.631020506760e+00	 -4.662286989514e+00	 -2.557658337262e+00	 -5.086946395756e+00	 -4.906826806627e-01	 -5.256506818487e-01	 -1.242902900210e-01	  0.000000000000e+00	 -5.188276572271e-01	
  7.350000000000e+02	  4.500000000000e+01	  8.800000000000e+00	  1.725763549304e-01	 -1.151008016988e+01	  2.800000000000e-02	  2.450000000000e-02	  5.250000000000e-02	  0.000000000000e+00	  3.360000000000e-03	  7.390976458564e-02	  3.643794175809e-02	  3.225023598341e+00	 -1.576194696901e-01	 -9.999000000000e+01	  1.677116309269e+01	 -8.631020506760e+00	 -4.662286989514e+00	 -2.557658337262e+00	 -5.086946395756e+00	 -4.921486119434e-01	 -5.275267647041e-01	 -1.246958068837e-01	  0.000000000000e+00	 -5.206237105069e-01	
  7.360000000000e+02	  4.500000000000e+01	  8.800000000000e+00	  1.763415298192e-01	 -1.568720593748e+01	  2.800000000000e-02	  2.450000000000e-02	  6.300000000000e-02	  0.000000000000e+00	  3.360000000000e-03	  8.668374460949e-02	  4.459706000921e-02	  3.273899587535e+00	 -1.889877524292e-01	 -9.999000000000e+01	  1.666145296652e+01	 -8.631020506760e+00	 -4.662286989514e+00	 -2.557658337262e+00	 -5.086946395756e+00	 -4.948566381593e-01	 -5.310066517722e-01	 -1.254468156995e-01	  0.000000000000e+00	 -5.239529905794e-01	
  7.370000000000e+02	  4.500000000000e+01	  8.800000000000e+00	  1.851324019070e-01	 -2.312465554492e+01	  2.800000000000e-02	  2.450000000000e-02	  8.400000000000e-02	  0.000000000000e+00	  3.360000000000e-03	  1.117359380398e-01	  6.141079725543e-02	  3.342781875944e+00	 -2.475967029062e-01	 -9.999000000000e+01	  1.646035411849e+01	 -8.631020506760e+00	 -4.662286989514e+00	 -2.557658337262e+00	 -5.086946395756e+00	 -5.009337867135e-01	 -5.388859291044e-01	 -1.271415502792e-01	  0.000000000000e+00	 -5.314806330281e-01	
  7.380000000000e+02	  4.500000000000e+01	  8.800000000000e+00	  2.059617162509e-01	 -3.499091094773e+01	  2.800000000000e-02	  2.450000000000e-02	  1.260000000000e-01	  0.000000000000e+00	  3.360000000000e-03	  1.605848934936e-01	  9.629745895324e-02	  3.422933110329e+00	 -3.498440214131e-01	 -9.999000000000e+01	  1.611821215931e+01	 -8.631020506760e+00	 -4.662286989514e+00	 -2.557658337262e+00	 -5.086946395756e+00	 -5.140989198334e-01	 -5.563210716648e-01	 -1.308623020843e-01	  0.000000000000e+00	 -5.480826030148e-01	
  7.390000000000e+02	  5.500000000000e+01	  8.800000000000e+00	  1.623908212728e-01	 -7.954803818207e+00	  2.800000000000e-02	  2.450000000000e-02	  4.200000000000e-02	  0.000000000000e+00	  3.360000000001e-03	  6.287918240895e-02	  2.672609483365e-02	  3.206091371209e+00	 -1.466591135802e-01	 -9.999000000000e+01	  1.711996440165e+01	 -8.742475689895e+00	 -4.742362780561e+00	 -2.487639798872e+00	 -5.843767846152e+00	 -4.939023291183e-01	 -5.271924474793e-01	 -1.248521685875e-01	  0.000000000000e+00	 -5.206968146283e-01	
  7.400000000000e+02	  5.500000000000e+01	  8.800000000000e+00	  1.636125475757e-01	 -9.877643320221e+00	  2.800000000000e-02	  2.450000000000e-02	  4.620000000000e-02	  0.000000000000e+00	  3.360000000000e-03	  6.818799787412e-02	  2.978902581794e-02	  3.232592089942e+00	 -1.623028155904e-01	 -9.999000000000e+01	  1.706229819849e+01	 -8.742475689895e+00	 -4.742362780561e+00	 -2.487639798872e+00	 -5.843767846152e+00	 -4.948682039973e-01	 -5.284087762503e-01	 -1.251165829358e-01	  0.000000000000e+00	 -5.218642743473e-01	
  7.410000000000e+02	  5.500000000000e+01	  8.800000000000e+00	  1.656700815462e-01	 -1.264465926570e+01	  2.800000000000e-02	  2.450000000000e-02	  5.250000000000e-02	  0.000000000000e+00	  3.360000000001e-03	  7.606084203457e-02	  3.447363427956e-02	  3.266364416528e+00	 -1.851812015756e-01	 -9.999000000000e+01	  1.697888974560e+01	 -8.742475689895e+00	 -4.742362780561e+00	 -2.487639798872e+00	 -5.843767846152e+00	 -4.964771768226e-01	 -5.304395435395e-01	 -1.255576554640e-01	  0.000000000000e+00	 -5.238127402777e-01	
  7.420000000000e+02	  5.500000000000e+01	  8.800000000000e+00	  1.696057715019e-01	 -1.695600516541e+01	  2.800000000000e-02	  2.450000000000e-02	  6.300000000000e-02	  0.000000000000e+00	  3.360000000001e-03	  8.897684241732e-02	  4.248652492905e-02	  3.310919386978e+00	 -2.217181734435e-01	 -9.999000000000e+01	  1.684775409587e+01	 -8.742475689895e+00	 -4.742362780561e+00	 -2.487639798872e+00	 -5.843767846152e+00	 -4.994946231060e-01	 -5.342638062639e-01	 -1.263869287526e-01	  0.000000000000e+00	 -5.274795754038e-01	
  7.430000000000e+02	  5.500000000000e+01	  8.800000000000e+00	  1.788959440998e-01	 -2.455752724950e+01	  2.800000000000e-02	  2.450000000000e-02	  8.400000000001e-02	  0.000000000000e+00	  3.360000000002e-03	  1.142287536085e-01	  5.909286559480e-02	  3.372522808898e+00	 -2.889736757574e-01	 -9.999000000000e+01	  1.661196169270e+01	 -8.742475689895e+00	 -4.742362780561e+00	 -2.487639798872e+00	 -5.843767846152e+00	 -5.063197564850e-01	 -5.429934250255e-01	 -1.282732354840e-01	  0.000000000000e+00	 -5.358375872615e-01	
  7.440000000000e+02	  5.500000000000e+01	  8.800000000000e+00	  2.008980710553e-01	 -3.650953462851e+01	  2.800000000000e-02	  2.450000000000e-02	  1.260000000000e-01	  0.000000000000e+00	  3.360000000000e-03	  1.633539119635e-01	  9.369109760801e-02	  3.442383968279e+00	 -4.033865569229e-01	 -9.999000000000e+01	  1.622283575007e+01	 -8.742475689895e+00	 -4.742362780561e+00	 -2.487639798872e+00	 -5.843767846152e+00	 -5.209985328696e-01	 -5.621826374359e-01	 -1.323856837390e-01	  0.000000000000e+00	 -5.541467145937e-01	
  7.450000000000e+02	  2.500000000000e+01	  8.800000000000e+00	  2.079878320917e-01	 -5.292015788338e+00	  3.200000000000e-02	  2.800000000000e-02	  4.800000000000e-02	  0.000000000000e+00	  3.840000000000e-03	  6.520567255685e-02	  3.654426746735e-02	  3.107081530298e+00	  3.738341484778e-03	 -9.999000000000e+01	  1.646487219486e+01	 -8.447933552417e+00	 -4.548708465533e+00	 -2.711786013751e+00	 -3.421000000000e+00	 -4.976279783662e-01	 -5.402654839450e-01	 -1.269588759002e-01	  0.000000000000e+00	 -5.319459706613e-01	
  7.460000000000e+02	  2.500000000000e+01	  8.800000000000e+00	  2.094243295263e-01	 -6.983610983342e+00	  3.200000000000e-02	  2.800000000000e-02	  5.280000000000e-02	  0.000000000000e+00	  3.840000000000e-03	  7.093305743785e-02	  4.038675445600e-02	  3.139030030117e+00	 -5.798430943525e-03	 -9.999000000000e+01	  1.643291538125e+01	 -8.447933552417e+00	 -4.548708465533e+00	 -2.711786013751e+00	 -3.421000000000e+00	 -4.984378753017e-01	 -5.413698628546e-01	 -1.271923321032e-01	  0.000000000000e+00	 -5.329928896736e-01	
  7.470000000000e+02	  2.500000000000e+01	  8.800000000000e+00	  2.117129585383e-01	 -9.439551460610e+00	  3.200000000000e-02	  2.800000000000e-02	  6.000000000000e-02	  0.000000000000e+00	  3.840000000000e-03	  7.947434595461e-02	  4.620011091493e-02	  3.180640307378e+00	 -1.991089869774e-02	 -9.999000000000e+01	  1.638584919847e+01	 -8.447933552417e+00	 -4.548708465533e+00	 -2.711786013751e+00	 -3.421000000000e+00	 -4.997144981392e-01	 -5.431156546395e-01	 -1.275610067523e-01	  0.000000000000e+00	 -5.346471362980e-01	
  7.480000000000e+02	  2.500000000000e+01	  8.800000000000e+00	  2.158497923153e-01	 -1.332171229159e+01	  3.200000000000e-02	  2.800000000000e-02	  7.200000000000e-02	  0.000000000000e+00	  3.840000000000e-03	  9.358999004065e-02	  5.600856459108e-02	  3.237339913295e+00	 -4.289859540830e-02	 -9.999000000000e+01	  1.630970037495e+01	 -8.447933552417e+00	 -4.548708465533e+00	 -2.711786013751e+00	 -3.421000000000e+00	 -5.019802789909e-01	 -5.462294864155e-01	 -1.282174460292e-01	  0.000000000000e+00	 -5.375954947229e-01	
  7.490000000000e+02	  2.500000000000e+01	  8.800000000000e+00	  2.251339451028e-01	 -2.034517027687e+01	  3.200000000000e-02	  2.800000000000e-02	  9.600000000000e-02	  0.000000000000e+00	  3.840000000000e-03	  1.214473769085e-01	  7.599890366499e-02	  3.319900220107e+00	 -8.681564117092e-02	 -9.999000000000e+01	  1.616570593211e+01	 -8.447933552417e+00	 -4.548708465533e+00	 -2.711786013751e+00	 -3.421000000000e+00	 -5.068777402540e-01	 -5.530301990001e-01	 -1.296459832883e-01	  0.000000000000e+00	 -5.440248411960e-01	
  7.500000000000e+02	  2.500000000000e+01	  8.800000000000e+00	  2.466111438158e-01	 -3.186528043365e+01	  3.200000000000e-02	  2.800000000000e-02	  1.440000000000e-01	  0.000000000000e+00	  3.840000000000e-03	  1.761068940681e-01	  1.170367177184e-01	  3.420820878563e+00	 -1.665981302993e-01	 -9.999000000000e+01	  1.590754131902e+01	 -8.447933552417e+00	 -4.548708465533e+00	 -2.711786013751e+00	 -3.421000000000e+00	 -5.173005699003e-01	 -5.678558543826e-01	 -1.327348710769e-01	  0.000000000000e+00	 -5.579914086299e-01	
  7.510000000000e+02	  3.500000000000e+01	  8.800000000000e+00	  1.998010234593e-01	 -6.238085863578e+00	  3.200000000000e-02	  2.800000000000e-02	  4.800000000000e-02	  0.000000000000e+00	  3.840000000000e-03	  6.770428735796e-02	  3.428576218822e-02	  3.179926165677e+00	 -3.471548859830e-02	 -9.999000000000e+01	  1.682897336896e+01	 -8.532554079179e+00	 -4.597117738767e+00	 -2.632221320785e+00	 -4.281004617572e+00	 -5.012268710552e-01	 -5.421860808643e-01	 -1.276031325055e-01	  0.000000000000e+00	 -5.341940399259e-01	
  7.520000000000e+02	  3.500000000000e+01	  8.800000000000e+00	  2.011784939825e-01	 -8.018880872406e+00	  3.200000000000e-02	  2.800000000000e-02	  5.280000000000e-02	  0.000000000000e+00	  3.840000000000e-03	  7.357937100586e-02	  3.798119818158e-02	  3.210019274218e+00	 -4.620940364591e-02	 -9.999000000000e+01	  1.678926393010e+01	 -8.532554079179e+00	 -4.597117738767e+00	 -2.632221320785e+00	 -4.281004617572e+00	 -5.020558570128e-01	 -5.432974482792e-01	 -1.278393756225e-01	  0.000000000000e+00	 -5.352503085199e-01	
  7.530000000000e+02	  3.500000000000e+01	  8.800000000000e+00	  2.034226927127e-01	 -1.059790498833e+01	  3.200000000000e-02	  2.800000000000e-02	  6.000000000000e-02	  0.000000000000e+00	  3.840000000000e-03	  8.232428579440e-02	  4.359184435192e-02	  3.248943250254e+00	 -6.316044937620e-02	 -9.999000000000e+01	  1.673110631653e+01	 -8.532554079179e+00	 -4.597117738767e+00	 -2.632221320785e+00	 -4.281004617572e+00	 -5.033922025492e-01	 -5.450938545553e-01	 -1.282208664880e-01	  0.000000000000e+00	 -5.369569468468e-01	
  7.540000000000e+02	  3.500000000000e+01	  8.800000000000e+00	  2.075830298813e-01	 -1.465731279264e+01	  3.200000000000e-02	  2.800000000000e-02	  7.200000000000e-02	  0.000000000000e+00	  3.840000000000e-03	  9.673912630628e-02	  5.310253287390e-02	  3.301431304148e+00	 -9.061243934186e-02	 -9.999000000000e+01	  1.663785075503e+01	 -8.532554079179e+00	 -4.597117738767e+00	 -2.632221320785e+00	 -4.281004617572e+00	 -5.058238775631e-01	 -5.483783986888e-01	 -1.289171885898e-01	  0.000000000000e+00	 -5.400750774935e-01	
  7.550000000000e+02	  3.500000000000e+01	  8.800000000000e+00	  2.171743911010e-01	 -2.194122712489e+01	  3.200000000000e-02	  2.800000000000e-02	  9.600000000000e-02	  0.000000000000e+00	  3.840000000000e-03	  1.250855933344e-01	  7.260656398321e-02	  3.376550268655e+00	 -1.424684941691e-01	 -9.999000000000e+01	  1.646432672367e+01	 -8.532554079179e+00	 -4.597117738767e+00	 -2.632221320785e+00	 -4.281004617572e+00	 -5.112140322479e-01	 -5.557347824236e-01	 -1.304710390649e-01	  0.000000000000e+00	 -5.470478067795e-01	
  7.560000000000e+02	  3.500000000000e+01	  8.800000000000e+00	  2.398055194942e-01	 -3.370957132261e+01	  3.200000000000e-02	  2.800000000000e-02	  1.440000000000e-01	  0.000000000000e+00	  3.840000000000e-03	  1.804930160862e-01	  1.129027906753e-01	  3.465973413389e+00	 -2.346771784531e-01	 -9.999000000000e+01	  1.616176673757e+01	 -8.532554079179e+00	 -4.597117738767e+00	 -2.632221320785e+00	 -4.281004617572e+00	 -5.228518489946e-01	 -5.720119804909e-01	 -1.338801125328e-01	  0.000000000000e+00	 -5.624197597111e-01	
  7.570000000000e+02	  4.500000000000e+01	  8.800000000000e+00	  1.915782960912e-01	 -7.219544537961e+00	  3.200000000000e-02	  2.800000000000e-02	  4.800000000000e-02	  0.000000000000e+00	  3.840000000001e-03	  7.013477264160e-02	  3.207265879286e-02	  3.235680088254e+00	 -6.576534333325e-02	 -9.999000000000e+01	  1.711789843077e+01	 -8.631020506760e+00	 -4.662286989514e+00	 -2.557658337262e+00	 -5.086946395756e+00	 -5.051845468401e-01	 -5.444580975387e-01	 -1.283351520288e-01	  0.000000000000e+00	 -5.367949656951e-01	
  7.580000000000e+02	  4.500000000000e+01	  8.800000000000e+00	  1.929324443520e-01	 -9.086718698987e+00	  3.200000000000e-02	  2.800000000000e-02	  5.280000000000e-02	  0.000000000000e+00	  3.840000000001e-03	  7.613418172457e-02	  3.564300406627e-02	  3.263794083640e+00	 -7.952327646811e-02	 -9.999000000000e+01	  1.706884008292e+01	 -8.631020506760e+00	 -4.662286989514e+00	 -2.557658337262e+00	 -5.086946395756e+00	 -5.060566096494e-01	 -5.456077607416e-01	 -1.285809035303e-01	  0.000000000000e+00	 -5.378904629675e-01	
  7.590000000000e+02	  4.500000000000e+01	  8.800000000000e+00	  1.951892655015e-01	 -1.178207489092e+01	  3.200000000000e-02	  2.800000000000e-02	  6.000000000000e-02	  0.000000000000e+00	  3.840000000001e-03	  8.504544069236e-02	  4.108612644142e-02	  3.299869275740e+00	 -9.972714170046e-02	 -9.999000000000e+01	  1.699745833690e+01	 -8.631020506760e+00	 -4.662286989514e+00	 -2.557658337262e+00	 -5.086946395756e+00	 -5.074943371485e-01	 -5.475081365763e-01	 -1.289867360946e-01	  0.000000000000e+00	 -5.397005659562e-01	
  7.600000000000e+02	  4.500000000000e+01	  8.800000000000e+00	  1.994701501584e-01	 -1.600212262360e+01	  3.200000000000e-02	  2.800000000000e-02	  7.200000000000e-02	  0.000000000000e+00	  3.840000000001e-03	  9.969421241690e-02	  5.036089986969e-02	  3.347942130428e+00	 -1.322120390153e-01	 -9.999000000000e+01	  1.688418285921e+01	 -8.631020506760e+00	 -4.662286989514e+00	 -2.557658337262e+00	 -5.086946395756e+00	 -5.101690434776e-01	 -5.510604242601e-01	 -1.297440227911e-01	  0.000000000000e+00	 -5.430816182537e-01	
  7.610000000000e+02	  4.500000000000e+01	  8.800000000000e+00	  2.095407588530e-01	 -2.350218391951e+01	  3.200000000000e-02	  2.800000000000e-02	  9.600000000000e-02	  0.000000000000e+00	  3.840000000000e-03	  1.283998522750e-01	  6.950202453781e-02	  3.415450946442e+00	 -1.927396559778e-01	 -9.999000000000e+01	  1.667725146208e+01	 -8.631020506760e+00	 -4.662286989514e+00	 -2.557658337262e+00	 -5.086946395756e+00	 -5.162033294329e-01	 -5.591591849977e-01	 -1.314640007816e-01	  0.000000000000e+00	 -5.507775546436e-01	
  7.620000000000e+02	  4.500000000000e+01	  8.800000000000e+00	  2.335197294497e-01	 -3.543067702011e+01	  3.200000000000e-02	  2.800000000000e-02	  1.440000000000e-01	  0.000000000000e+00	  3.840000000000e-03	  1.843336877821e-01	  1.092663051254e-01	  3.493670047296e+00	 -2.977644952564e-01	 -9.999000000000e+01	  1.632725716862e+01	 -8.631020506760e+00	 -4.662286989514e+00	 -2.557658337262e+00	 -5.086946395756e+00	 -5.292645576678e-01	 -5.771361022050e-01	 -1.352480390838e-01	  0.000000000000e+00	 -5.677953130270e-01	
  7.630000000000e+02	  5.500000000000e+01	  8.800000000000e+00	  1.837054511976e-01	 -8.183948002127e+00	  3.200000000000e-02	  2.800000000000e-02	  4.800000000000e-02	  0.000000000000e+00	  3.840000000000e-03	  7.236843094793e-02	  3.004981853387e-02	  3.279528308670e+00	 -8.937998022487e-02	 -9.999000000000e+01	  1.734380357936e+01	 -8.742475689895e+00	 -4.742362780561e+00	 -2.487639798872e+00	 -5.843767846152e+00	 -5.096986646700e-01	 -5.473582821655e-01	 -1.292128439679e-01	  0.000000000000e+00	 -5.400100641176e-01	
  7.640000000000e+02	  5.500000000000e+01	  8.800000000000e+00	  1.850832207562e-01	 -1.012822654438e+01	  3.200000000000e-02	  2.800000000000e-02	  5.280000000000e-02	  0.000000000000e+00	  3.840000000000e-03	  7.846041040825e-02	  3.352555838300e-02	  3.305672256067e+00	 -1.055875371126e-01	 -9.999000000000e+01	  1.728422366616e+01	 -8.742475689895e+00	 -4.742362780561e+00	 -2.487639798872e+00	 -5.843767846152e+00	 -5.106481741627e-01	 -5.485902344177e-01	 -1.294776053908e-01	  0.000000000000e+00	 -5.411869055874e-01	
  7.650000000000e+02	  5.500000000000e+01	  8.800000000000e+00	  1.874199564074e-01	 -1.292416233762e+01	  3.200000000000e-02	  2.800000000000e-02	  6.000000000000e-02	  0.000000000000e+00	  3.840000000000e-03	  8.749016201235e-02	  3.884717900857e-02	  3.338931004939e+00	 -1.292695222415e-01	 -9.999000000000e+01	  1.719815792303e+01	 -8.742475689895e+00	 -4.742362780561e+00	 -2.487639798872e+00	 -5.843767846152e+00	 -5.122403056290e-01	 -5.506613966926e-01	 -1.299222853413e-01	  0.000000000000e+00	 -5.431645984363e-01	
  7.660000000000e+02	  5.500000000000e+01	  8.800000000000e+00	  1.919196222706e-01	 -1.727567913267e+01	  3.200000000000e-02	  2.800000000000e-02	  7.200000000000e-02	  0.000000000000e+00	  3.840000000000e-03	  1.022949286304e-01	  4.796112096155e-02	  3.382697385731e+00	 -1.670289905414e-01	 -9.999000000000e+01	  1.706312995831e+01	 -8.742475689895e+00	 -4.742362780561e+00	 -2.487639798872e+00	 -5.843767846152e+00	 -5.152430883664e-01	 -5.545866109319e-01	 -1.307635108132e-01	  0.000000000000e+00	 -5.469098260411e-01	
  7.670000000000e+02	  5.500000000000e+01	  8.800000000000e+00	  2.026001668460e-01	 -2.493301497184e+01	  3.200000000000e-02	  2.800000000000e-02	  9.600000000000e-02	  0.000000000000e+00	  3.840000000000e-03	  1.312188414214e-01	  6.687518291503e-02	  3.442989687758e+00	 -2.363118545004e-01	 -9.999000000000e+01	  1.682125740047e+01	 -8.742475689895e+00	 -4.742362780561e+00	 -2.487639798872e+00	 -5.843767846152e+00	 -5.220557547727e-01	 -5.635887889762e-01	 -1.326851281632e-01	  0.000000000000e+00	 -5.554847823023e-01	
  7.680000000000e+02	  5.500000000000e+01	  8.800000000000e+00	  2.279657168236e-01	 -3.693651818663e+01	  3.200000000000e-02	  2.800000000000e-02	  1.440000000000e-01	  0.000000000000e+00	  3.840000000002e-03	  1.874616950090e-01	  1.063165634789e-01	  3.511112103711e+00	 -3.534853923176e-01	 -9.999000000000e+01	  1.642455456353e+01	 -8.742475689895e+00	 -4.742362780561e+00	 -2.487639798872e+00	 -5.843767846152e+00	 -5.366581313309e-01	 -5.833911032798e-01	 -1.368728917030e-01	  0.000000000000e+00	 -5.742724746068e-01	
