"time","c","der(c)","B","SR","S_sat","S_sat_mean","T_basin","c_target","cycles","excursion"
0,90,0.0005353581145565938,0.673443531557921,0.6490006145415784,138.6747531257293,129.4676747153585,33.53553390593274,129.4676747153585,5,-0.3509993854584216
600,90.31991215222753,0.0005310186755631528,0.673443531557921,0.6494240481410629,139.0769442720251,129.4676747153585,33.68638668405062,129.4676747153585,5.017772897345974,-0.3505759518589371
1200,90.63723642771946,0.000526714339747689,0.673443531557921,0.6499103215250266,139.4611432159402,129.4676747153585,33.83022221559489,129.4676747153585,5.035402023762192,-0.3500896784749734
1800,90.95199137328009,0.0005224448555326198,0.673443531557921,0.650463122528713,139.8265147141609,129.4676747153585,33.96676670145617,129.4676747153585,5.052888409626672,-0.349536877471287
2400,91.26419480971894,0.0005182099811880984,0.673443531557921,0.6510859871368178,140.1722608269572,129.4676747153585,34.09576022144496,129.4676747153585,5.070233044984386,-0.3489140128631822
3000,91.57386758123367,0.0005140094339736174,0.673443531557921,0.6517823253924071,140.4976232304265,129.4676747153585,34.21695722906443,129.4676747153585,5.087437087846315,-0.3482176746075929
3600,91.88102903623843,0.0005098429514381814,0.673443531557921,0.6525553883827512,140.8018854368058,129.4676747153585,34.3301270189222,129.4676747153585,5.104501613124357,-0.3474446116172488
4200,92.18569967667135,0.000505710255483853,0.673443531557921,0.6534082865934749,141.0843749124744,129.4676747153585,34.43505416589111,129.4676747153585,5.121427759815075,-0.3465917134065251
4800,92.48789667141956,0.0005016111132237664,0.673443531557921,0.654343957626474,141.3444650836302,129.4676747153585,34.53153893518325,129.4676747153585,5.138216481745531,-0.345656042373526
5400,92.78764192819982,0.0004975452274913416,0.673443531557921,0.6553652230048637,141.5815772200522,129.4676747153585,34.61939766255644,129.4676747153585,5.154868996011101,-0.3446347769951363
6000,93.08495550065194,0.0004935123262695699,0.673443531557921,0.656474740991752,141.7951821878574,129.4676747153585,34.69846310392954,129.4676747153585,5.171386416702886,-0.343525259008248
6600,93.37985790153689,0.000489512131313708,0.673443531557921,0.6576750225723847,141.9848020627229,129.4676747153585,34.76858475374114,129.4676747153585,5.187769883418716,-0.3423249774276153
7200,93.67237018263191,0.0004855443570675415,0.673443531557921,0.6589684315262567,142.150011595661,129.4676747153585,34.82962913144534,129.4676747153585,5.204020565701772,-0.3410315684737433
7800,93.96251202848543,0.0004816087365205912,0.673443531557921,0.660357170465888,142.2904395241048,129.4676747153585,34.88148003559967,129.4676747153585,5.220139557138079,-0.339642829534112
8400,94.25030015596705,0.0004777050429173707,0.673443531557921,0.66184326899179,142.4057697217983,129.4676747153585,34.92403876506104,129.4676747153585,5.236127786442614,-0.33815673100821
9000,94.5357548490597,0.000473833001116389,0.673443531557921,0.6634286288251753,142.4957421817434,129.4676747153585,34.95722430686905,129.4676747153585,5.251986380503316,-0.3365713711748247
9600,94.81889533869973,0.0004699923502601752,0.673443531557921,0.6651149903610394,142.5601538272801,129.4676747153585,34.98097349045873,129.4676747153585,5.267716407705541,-0.3348850096389606
10200,95.09974085582351,0.000466182829491257,0.673443531557921,0.6669039389553943,142.5988591472155,129.4676747153585,34.99524110790929,129.4676747153585,5.28331893643464,-0.3330960610446057
10800,95.37830962910972,0.0004624041915472586,0.673443531557921,0.6687968965898888,142.6117706517954,129.4676747153585,35,129.4676747153585,5.298794979394985,-0.3312031034101112
11400,95.6546202699725,0.0004586561839741989,0.673443531557921,0.6707951300733832,142.5988591472155,129.4676747153585,34.99524110790929,129.4676747153585,5.314145570554028,-0.3292048699266168
12000,95.92869223398648,0.0004549385428675072,0.673443531557921,0.6728997525508399,142.5601538272801,129.4676747153585,34.98097349045873,129.4676747153585,5.329371790777027,-0.3271002474491601
12600,96.2005444963046,0.0004512510108392791,0.673443531557921,0.6751117122756378,142.4957421817434,129.4676747153585,34.95722430686905,129.4676747153585,5.344474694239144,-0.3248882877243622
13200,96.47019361768876,0.0004475933632515461,0.673443531557921,0.6774317768595433,142.4057697217983,129.4676747153585,34.92403876506104,129.4676747153585,5.359455200982709,-0.3225682231404567
13800,96.73765474100119,0.0004439653946993979,0.673443531557921,0.6798605378164797,142.2904395241048,129.4676747153585,34.88148003559967,129.4676747153585,5.374314152277844,-0.3201394621835203
14400,97.00294837905865,0.0004403668269373344,0.673443531557921,0.6823984556186952,142.150011595661,129.4676747153585,34.82962913144534,129.4676747153585,5.389052687725481,-0.3176015443813048
15000,97.26609268790372,0.0004367974136882489,0.673443531557921,0.6850458026129842,141.9848020627229,129.4676747153585,34.76858475374114,129.4676747153585,5.403671815994652,-0.3149541973870158
15600,97.52710490178431,0.0004332569211786921,0.673443531557921,0.6878026699988686,141.7951821878574,129.4676747153585,34.69846310392954,129.4676747153585,5.418172494543573,-0.3121973300011314
16200,97.7859994080106,0.0004297451542524172,0.673443531557921,0.6906689509188572,141.5815772200522,129.4676747153585,34.61939766255644,129.4676747153585,5.432555522667255,-0.3093310490811428
16800,98.04279575611895,0.0004262618477303127,0.673443531557921,0.6936443934901118,141.3444650836302,129.4676747153585,34.53153893518325,129.4676747153585,5.446821986451052,-0.3063556065098882
17400,98.29751149348409,0.0004228067635915295,0.673443531557921,0.6967285466903452,141.0843749124744,129.4676747153585,34.43505416589111,129.4676747153585,5.460972860749116,-0.3032714533096548
18000,98.55016394972147,0.0004193796667690074,0.673443531557921,0.699920769128851,140.8018854368058,129.4676747153585,34.33012701892219,129.4676747153585,5.47500910831786,-0.300079230871149
18600,98.80076616486977,0.0004159803803815251,0.673443531557921,0.7032201961369068,140.4976232304265,129.4676747153585,34.21695722906443,129.4676747153585,5.488931453603876,-0.2967798038630932
19200,99.04933731511599,0.0004126086443142569,0.673443531557921,0.7066258097769607,140.1722608269572,129.4676747153585,34.09576022144496,129.4676747153585,5.502740961950888,-0.2933741902230393
19800,99.29589435687143,0.0004092642285624601,0.673443531557921,0.7101363754925609,139.8265147141609,129.4676747153585,33.96676670145617,129.4676747153585,5.516438575381746,-0.2898636245074391
20400,99.54045424654731,0.0004059469031213922,0.673443531557921,0.7137504537189969,139.4611432159402,129.4676747153585,33.83022221559489,129.4676747153585,5.530025235919295,-0.2862495462810031
21000,99.78303005515569,0.0004026564906896942,0.673443531557921,0.7174663678257617,139.0769442720251,129.4676747153585,33.68638668405062,129.4676747153585,5.543501669730872,-0.2825336321742383
21600,100.0236394090772,0.0003993927521748435,0.673443531557921,0.7212822605019596,138.6747531257293,129.4676747153585,33.53553390593274,129.4676747153585,5.556868856059847,-0.2787177394980404
22200,100.2622990641307,0.0003961554602930289,0.673443531557921,0.7251960509805051,138.2554399304443,129.4676747153585,33.3779510380783,129.4676747153585,5.570127725785038,-0.2748039490194949
22800,100.4990254132095,0.0003929443926833284,0.673443531557921,0.7292054347767747,137.8199072857628,129.4676747153585,33.21393804843269,129.4676747153585,5.583279189622747,-0.2707945652232253
23400,100.7338327631242,0.0003897593552814302,0.673443531557921,0.7333078674341762,137.3690877142625,129.4676747153585,33.0438071450436,129.4676747153585,5.596324042395787,-0.2666921325658238
24000,100.9667365194013,0.0003866001391195223,0.673443531557921,0.7375005840991826,136.9039410900627,129.4676747153585,32.86788218175523,129.4676747153585,5.609263139966739,-0.2624994159008174
24600,101.1977527371601,0.0003834665264184122,0.673443531557921,0.741780593218854,136.4254520302647,129.4676747153585,32.68649804173412,129.4676747153585,5.622097374286671,-0.258219406781146
25200,101.426896785562,0.0003803583087035602,0.673443531557921,0.7461446640180052,135.9346272603169,129.4676747153585,32.5,129.4676747153585,5.634827599197886,-0.2538553359819948
25800,101.654183912949,0.0003772752791392779,0.673443531557921,0.7505893282184162,135.4324929642063,129.4676747153585,32.30874306617517,129.4676747153585,5.647454661830501,-0.2494106717815838
26400,101.8796292468442,0.0003742172325287257,0.673443531557921,0.7551108781377667,134.9200921301741,129.4676747153585,32.1130913087035,129.4676747153585,5.659979402602453,-0.2448891218622333
27000,102.1032477939509,0.0003711839653139134,0.673443531557921,0.7597053653337722,134.3984819023786,129.4676747153585,31.91341716182545,129.4676747153585,5.672402655219496,-0.2402946346662278
27600,102.3250544401536,0.0003681752755757015,0.673443531557921,0.7643685998595462,133.8687309485973,129.4676747153585,31.71010071662834,129.4676747153585,5.684725246675201,-0.2356314001404538
28200,102.5450636691261,0.000365190966850721,0.673443531557921,0.7690961480863433,133.3319168536698,129.4676747153585,31.50352899752136,129.4676747153585,5.696947981618114,-0.2309038519136567
28800,102.7632895955469,0.0003622308476808286,0.673443531557921,0.7738833335883215,132.7891235479343,129.4676747153585,31.2940952255126,129.4676747153585,5.709071644197048,-0.2261166664116785
29400,102.9797470378321,0.0003592947170620542,0.673443531557921,0.7787252467027599,132.2414387794205,129.4676747153585,31.08219806969051,129.4676747153585,5.721097057657341,-0.2212747532972401
30000,103.1944502859023,0.0003563823811591916,0.673443531557921,0.7836167376654195,131.6899516380203,129.4676747153585,30.86824088833465,129.4676747153585,5.733025015883464,-0.2163832623345805
30600,103.4074134988434,0.000353493647911736,0.673443531557921,0.7885524228825119,131.135750139278,129.4676747153585,30.65263096110026,129.4676747153585,5.744856305491298,-0.2114475771174881
31200,103.6186507049066,0.000350628327033883,0.673443531557921,0.7935266892318665,130.5799188748263,129.4676747153585,30.43577871373829,129.4676747153585,5.756591705828146,-0.2064733107681335
31800,103.8281758015089,0.0003477862300145313,0.673443531557921,0.7985336994211578,130.0235367358597,129.4676747153585,30.21809693682668,129.4676747153585,5.768231988972715,-0.2014663005788422
32400,104.0360025552323,0.0003449671701172801,0.673443531557921,0.8035673984564951,129.4676747153585,129.4676747153585,30,129.4676747153585,5.77977791973513,-0.1964326015435049
33000,104.2421446018247,0.0003421709623804312,0.673443531557921,0.8086215212696787,128.913393794103,129.4676747153585,29.78190306317332,129.4676747153585,5.791230255656928,-0.1913784787303213
33600,104.4466163823431,0.0003393974109186885,0.673443531557921,0.8136896088397293,128.3617429148167,129.4676747153585,29.56422128626171,129.4676747153585,5.802589799019063,-0.1863103911602707
34200,104.6494307549505,0.0003366463413178787,0.673443531557921,0.8187649997299311,127.8137570480773,129.4676747153585,29.34736903889974,129.4676747153585,5.813857264163918,-0.1812350002700689
34800,104.8506010416653,0.0003339175728718746,0.673443531557921,0.8238408572587291,127.2704553529283,129.4676747153585,29.13175911166535,129.4676747153585,5.825033391203626,-0.1761591427412709
35400,105.0501404418206,0.0003312109265387087,0.673443531557921,0.8289101775879746,126.7328394344288,129.4676747153585,28.91780193030949,129.4676747153585,5.836118913434478,-0.1710898224120254
36000,105.2480620301305,0.0003285262249668074,0.673443531557921,0.8339658036234333,126.2018916996912,129.4676747153585,28.7059047744874,129.4676747153585,5.847114557229471,-0.1660341963765667
36600,105.4443787566896,0.0003258632924949907,0.673443531557921,0.839000440228961,125.6785738132797,129.4676747153585,28.49647100247863,129.4676747153585,5.858021042038311,-0.160999559771039
37200,105.6391034469736,0.0003232219551524721,0.673443531557921,0.8440066707303054,125.1638252521935,129.4676747153585,28.28989928337166,129.4676747153585,5.868839080387422,-0.1559933292696946
37800,105.8322488018387,0.0003206020406588598,0.673443531557921,0.8489769746884444,124.6585619600305,129.4676747153585,28.08658283817455,129.4676747153585,5.879569377879927,-0.1510230253115556
38400,106.0238289729314,0.00031800335705456,0.673443531557921,0.8539037595989334,124.1636750993219,129.4676747153585,27.8869086912965,129.4676747153585,5.890212720718413,-0.1460962404010666
39000,106.2138566022204,0.0003154257328579613,0.673443531557921,0.8587793574087408,123.6800299004711,129.4676747153585,27.69125693382483,129.4676747153585,5.900769811234467,-0.1412206425912592
39600,106.4023435117774,0.0003128690077089169,0.673443531557921,0.8635960512350567,123.2084646051913,129.4676747153585,27.5,129.4676747153585,5.911241306209857,-0.1364039487649433
40200,106.5893021191172,0.0003103330131704149,0.673443531557921,0.8683461092005434,122.74978950185,129.4676747153585,27.31350195826588,129.4676747153585,5.921627895506509,-0.1316538907994566
40800,106.7747447317953,0.0003078175822969777,0.673443531557921,0.8730218021756393,122.3047860496773,129.4676747153585,27.13211781824477,129.4676747153585,5.931930262877514,-0.1269781978243607
41400,106.9586835474082,0.0003053225496346659,0.673443531557921,0.8776154280736955,121.8742060883946,129.4676747153585,26.9561928549564,129.4676747153585,5.942149085967122,-0.1223845719263045
42000,107.1411306535934,0.0003028477512210765,0.673443531557921,0.8821193369344874,121.4587711294561,129.4676747153585,26.78606195156731,129.4676747153585,5.952285036310746,-0.1178806630655126
42600,107.3220980280293,0.0003003930245853437,0.673443531557921,0.8865259566784999,121.0591717247934,129.4676747153585,26.6220489619217,129.4676747153585,5.96233877933496,-0.1134740433215001
43200,107.5015981222174,0.0002979582008294381,0.673443531557921,0.8908278242409247,120.6760669086865,129.4676747153585,26.46446609406726,129.4676747153585,5.972311006789858,-0.1091721757590753
43800,107.6796441506075,0.0002955431007063467,0.673443531557921,0.8950176147478645,120.3100837081759,129.4676747153585,26.31361331594938,129.4676747153585,5.982202452811527,-0.1049823852521355
44400,107.8562467799773,0.0002931475795268747,0.673443531557921,0.8990881409721952,119.9618167172698,129.4676747153585,26.16977778440511,129.4676747153585,5.992013709998739,-0.1009118590278048
45000,108.0314177353827,0.0002907714782468466,0.673443531557921,0.903032410230499,119.6318277300896,129.4676747153585,26.03323329854382,129.4676747153585,6.001745429743482,-0.09696758976950104
45600,108.2051686449939,0.0002884146391362879,0.673443531557921,0.9068436418260821,119.3206454280306,129.4676747153585,25.90423977855504,129.4676747153585,6.011398258055217,-0.09315635817391787
46200,108.3775110400958,0.0002860769057794249,0.673443531557921,0.9105152937986557,119.0287651160108,129.4676747153585,25.78304277093557,129.4676747153585,6.020972835560877,-0.0894847062013443
46800,108.5484563550876,0.0002837581230746849,0.673443531557921,0.91404108926528,118.7566485029031,129.4676747153585,25.66987298107781,129.4676747153585,6.030469797504865,-0.08595891073471995
47400,108.718015927483,0.0002814581372346947,0.673443531557921,0.9174150421768407,118.5047235213379,129.4676747153585,25.56494583410889,129.4676747153585,6.039889773749057,-0.08258495782315933
48000,108.8862009979104,0.0002791767957862828,0.673443531557921,0.9206314823138202,118.273384182178,129.4676747153585,25.46846106481675,129.4676747153585,6.049233388772802,-0.07936851768617981
48600,109.0530233600917,0.000276913938753855,0.673443531557921,0.9236850848516482,118.0629904591417,129.4676747153585,25.38060233744357,129.4676747153585,6.058501297782871,-0.07631491514835176
49200,109.2184937478236,0.0002746694205391384,0.673443531557921,0.9265708796728458,117.8738681992537,129.4676747153585,25.30153689607046,129.4676747153585,6.067694097101313,-0.07342912032715421
49800,109.3826231280644,0.0002724430923811525,0.673443531557921,0.9292842839623209,117.7063090550442,129.4676747153585,25.23141524625887,129.4676747153585,6.076812396003577,-0.07071571603767912
50400,109.5454224126419,0.0002702348062667278,0.673443531557921,0.9318211200198903,117.5605704347027,129.4676747153585,25.17037086855466,129.4676747153585,6.085856800702325,-0.06817887998010974
51000,109.7069024204237,0.0002680444154436518,0.673443531557921,0.9341776335962859,117.4368754667002,129.4676747153585,25.11851996440033,129.4676747153585,6.094827912245761,-0.06582236640371408
51600,109.8670738773174,0.000265871774420668,0.673443531557921,0.9363505108218358,117.3354129757316,129.4676747153585,25.07596123493896,129.4676747153585,6.103726326517631,-0.06364948917816415
52200,110.0259474162699,0.0002637167389674781,0.673443531557921,0.9383368932791991,117.2563374672001,129.4676747153585,25.04277569313095,129.4676747153585,6.112552634237216,-0.06166310672080089
52800,110.1835335772682,0.0002615791661147401,0.673443531557921,0.9401343911050672,117.199769117854,129.4676747153585,25.01902650954127,129.4676747153585,6.121307420959343,-0.05986560889493275
53400,110.3398427329545,0.0002594589151630513,0.673443531557921,0.9417410933860102,117.1657937705893,129.4676747153585,25.00475889209071,129.4676747153585,6.129991262941918,-0.0582589066139898
54000,110.4948852123803,0.0002573558460042986,0.673443531557921,0.943155578090479,117.1544629318624,129.4676747153585,25,129.4676747153585,6.138604734021126,-0.05684442190952099
54600,110.6486713096911,0.0002552698190038453,0.673443531557921,0.9443769187988544,117.1657937705893,129.4676747153585,25.00475889209071,129.4676747153585,6.147148406093951,-0.05562308120114556
55200,110.8012111816387,0.0002532006963907318,0.673443531557921,0.94540468821418,117.199769117854,129.4676747153585,25.01902650954127,129.4676747153585,6.155622843424371,-0.05459531178582
55800,110.9525148912346,0.0002511483416655329,0.673443531557921,0.9462389606213919,117.2563374672001,129.4676747153585,25.04277569313095,129.4676747153585,6.164028605068588,-0.0537610393786081
56400,111.1025924077503,0.0002491126196003589,0.673443531557921,0.9468803116645571,117.3354129757316,129.4676747153585,25.07596123493896,129.4676747153585,6.172366244875014,-0.05311968833544289
57000,111.2514536067169,0.0002470933962388563,0.673443531557921,0.947329815823164,117.4368754667002,129.4676747153585,25.11851996440033,129.4676747153585,6.180636311484275,-0.052670184176836
57600,111.3991082699258,0.0002450905388962056,0.673443531557921,0.9475890416149423,117.5605704347027,129.4676747153585,25.17037086855466,129.4676747153585,6.188839348329213,-0.05241095838505772
58200,111.545566304714,0.0002431039131846242,0.673443531557921,0.9476600464343066,117.7063090550442,129.4676747153585,25.23141524625887,129.4676747153585,6.196975905817445,-0.05233995356569343
58800,111.6908381246501,0.0002411333778495668,0.673443531557921,0.9475453705807643,117.8738681992537,129.4676747153585,25.30153689607046,129.4676747153585,6.205046562480558,-0.05245462941923573
59400,111.8349327061905,0.0002391788111301526,0.673443531557921,0.9472480094843387,118.0629904591417,129.4676747153585,25.38060233744357,129.4676747153585,6.213051817010583,-0.05275199051566126
60000,111.9778595476651,0.0002372400841865661,0.673443531557921,0.9467714171024665,118.273384182178,129.4676747153585,25.46846106481675,129.4676747153585,6.220992197092504,-0.05322858289753352
60600,112.1196280600818,0.0002353170693634664,0.673443531557921,0.9461194856076233,118.5047235213379,129.4676747153585,25.56494583410889,129.4676747153585,6.228868225560101,-0.05388051439237673
61200,112.2602475671272,0.0002334096401899816,0.673443531557921,0.9452965285087415,118.7566485029031,129.4676747153585,25.66987298107781,129.4676747153585,6.236680420395953,-0.05470347149125854
61800,112.3997273051659,0.0002315176713797138,0.673443531557921,0.9443072621615122,119.0287651160108,129.4676747153585,25.78304277093557,129.4676747153585,6.244429294731439,-0.05569273783848783
62400,112.5380764232412,0.0002296410388307342,0.673443531557921,0.9431567858147371,119.3206454280306,129.4676747153585,25.90423977855504,129.4676747153585,6.252115356846734,-0.05684321418526295
63000,112.6753039830747,0.0002277796196255875,0.673443531557921,0.9418505603482874,119.6318277300896,129.4676747153585,26.03323329854382,129.4676747153585,6.259739110170816,-0.0581494396517126
63600,112.8114189590662,0.0002259332920312897,0.673443531557921,0.94039438586483,119.9618167172698,129.4676747153585,26.16977778440511,129.4676747153585,6.267301053281456,-0.05960561413516996
64200,112.9464302382941,0.0002241019354993278,0.673443531557921,0.9387943783021293,120.3100837081759,129.4676747153585,26.31361331594938,129.4676747153585,6.274801679905228,-0.06120562169787069
64800,113.0803468937263,0.0002222854269596951,0.673443531557921,0.9370569474997246,120.6760669086865,129.4676747153585,26.46446609406726,129.4676747153585,6.282241494095905,-0.06294305250027543
65400,113.2131803763542,0.0002204836110857545,0.673443531557921,0.9351887904348488,121.0591717247934,129.4676747153585,26.6220489619217,129.4676747153585,6.289621132019677,-0.06481120956515118
66000,113.3449374278822,0.0002186963964298548,0.673443531557921,0.9331968072283081,121.4587711294561,129.4676747153585,26.78606195156731,129.4676747153585,6.296940968215678,-0.06680319277169189
66600,113.4756267589827,0.0002169236648363369,0.673443531557921,0.9310881309592245,121.8742060883946,129.4676747153585,26.9561928549564,129.4676747153585,6.304201486610148,-0.06891186904077551
67200,113.6052570036722,0.0002151652991893357,0.673443531557921,0.9288700849166152,122.3047860496773,129.4676747153585,27.13211781824477,129.4676747153585,6.311403166870678,-0.07112991508338484
67800,113.7338367193118,0.0002134211834127794,0.673443531557921,0.9265501568749956,122.74978950185,129.4676747153585,27.31350195826588,129.4676747153585,6.318546484406212,-0.07344984312500435
68400,113.8613743866069,0.0002116912024703888,0.673443531557921,0.9241359735425958,123.2084646051913,129.4676747153585,27.5,129.4676747153585,6.32563191036705,-0.0758640264574042
69000,113.9878784096071,0.000209975242365679,0.673443531557921,0.9216352753256647,123.6800299004711,129.4676747153585,27.69125693382483,129.4676747153585,6.332659911644839,-0.07836472467433531
69600,114.1133571157065,0.0002082731901419578,0.673443531557921,0.9190558915433532,124.1636750993219,129.4676747153585,27.8869086912965,129.4676747153585,6.339630950872585,-0.08094410845664679
70200,114.2378187556435,0.0002065849338823264,0.673443531557921,0.9164057162176459,124.6585619600305,129.4676747153585,28.08658283817455,129.4676747153585,6.346545486424641,-0.08359428378235412
70800,114.3612715035009,0.0002049103627096793,0.673443531557921,0.9136926845522141,125.1638252521935,129.4676747153585,28.28989928337166,129.4676747153585,6.353403972416718,-0.08630731544778592
71400,114.4837234567058,0.0002032493667867041,0.673443531557921,0.9109247502027986,125.6785738132797,129.4676747153585,28.49647100247863,129.4676747153585,6.360206858705876,-0.08907524979720138
72000,114.6051836949099,0.0002016018229527299,0.673443531557921,0.90810987182049,126.2018916996912,129.4676747153585,28.7059047744874,129.4676747153585,6.366954649717218,-0.09189012817951003
72600,114.7256594817499,0.0001999676326803734,0.673443531557921,0.9052559699106929,126.7328394344288,129.4676747153585,28.91780193030949,129.4676747153585,6.373647748986106,-0.0947440300893071
73200,114.8451587147882,0.0001983466888433796,0.673443531557921,0.9023709265148456,127.2704553529283,129.4676747153585,29.13175911166535,129.4676747153585,6.380286595266011,-0.09762907348515437
73800,114.9636892389647,0.0001967388850292915,0.673443531557921,0.8994625609489044,127.8137570480773,129.4676747153585,29.34736903889974,129.4676747153585,6.386871624386929,-0.1005374390510956
74400,115.0812588254947,0.0001951441158256884,0.673443531557921,0.8965386119902155,128.3617429148167,129.4676747153585,29.56422128626171,129.4676747153585,6.393403268083038,-0.1034613880097845
75000,115.1978751718688,0.0001935622768201836,0.673443531557921,0.893606721392036,128.913393794103,129.4676747153585,29.78190306317332,129.4676747153585,6.399881953992711,-0.106393278607964
75600,115.3135459018532,0.0001919932646004261,0.673443531557921,0.8906744185788158,129.4676747153585,129.4676747153585,30,129.4676747153585,6.406308105658509,-0.1093255814211842
76200,115.4282785654892,0.0001904369767541001,0.673443531557921,0.887749106532762,130.0235367358597,129.4676747153585,30.21809693682668,129.4676747153585,6.412682142527179,-0.112250893467238
76800,115.5420806390939,0.0001888933118689252,0.673443531557921,0.8848380488722184,130.5799188748263,129.4676747153585,30.43577871373829,129.4676747153585,6.419004479949659,-0.1151619511277816
77400,115.6549595252593,0.000187362169532656,0.673443531557921,0.8819483581130494,131.135750139278,129.4676747153585,30.65263096110026,129.4676747153585,6.425275529181073,-0.1180516418869506
78000,115.7669225528533,0.0001858434503330818,0.673443531557921,0.8790869850956049,131.6899516380203,129.4676747153585,30.86824088833465,129.4676747153585,6.431495697380739,-0.1209130149043951
78600,115.8779803973914,0.0001843370094624851,0.673443531557921,0.8762607354165025,132.2414387794205,129.4676747153585,31.08219806969051,129.4676747153585,6.437665577632855,-0.1237392645834975
79200,115.9881386180623,0.000182842771513414,0.673443531557921,0.8734761968377089,132.7891235479343,129.4676747153585,31.2940952255126,129.4676747153585,6.443785478781239,-0.1265238031622911
79800,116.0974040080294,0.0001813606443402025,0.673443531557921,0.870739780449155,133.3319168536698,129.4676747153585,31.50352899752136,129.4676747153585,6.449855778223858,-0.129260219550845
80400,116.2057837945314,0.0001798905299091854,0.673443531557921,0.8680577082571427,133.8687309485973,129.4676747153585,31.71010071662834,129.4676747153585,6.455876877473966,-0.1319422917428573
81000,116.3132851412335,0.0001784323310490347,0.673443531557921,0.8654360041486073,134.3984819023786,129.4676747153585,31.91341716182545,129.4676747153585,6.461849174512972,-0.1345639958513927
81600,116.4199151482279,0.000176985951450759,0.673443531557921,0.8628804895560196,134.9200921301741,129.4676747153585,32.1130913087035,129.4676747153585,6.467773063790439,-0.1371195104439804
82200,116.5256808520336,0.0001755512956677023,0.673443531557921,0.8603967799871363,135.4324929642063,129.4676747153585,32.30874306617517,129.4676747153585,6.473648936224091,-0.1396032200128637
82800,116.6305892255965,0.0001741282691155459,0.673443531557921,0.8579902823601165,135.9346272603169,129.4676747153585,32.5,129.4676747153585,6.479477179199807,-0.1420097176398835
83400,116.7346471782892,0.0001727167780723079,0.673443531557921,0.8556661930824513,136.4254520302647,129.4676747153585,32.68649804173412,129.4676747153585,6.485258176571622,-0.1443338069175487
84000,116.8378615559112,0.000171316729678341,0.673443531557921,0.8534294968108262,136.9039410900627,129.4676747153585,32.86788218175523,129.4676747153585,6.490992308661732,-0.1465705031891738
84600,116.9402391406887,0.0001699280319363371,0.673443531557921,0.8512849658282124,137.3690877142625,129.4676747153585,33.0438071450436,129.4676747153585,6.496679952260484,-0.1487150341717876
85200,117.0417872262676,0.0001685505859118524,0.673443531557921,0.8492371641463027,137.8199072857628,129.4676747153585,33.21393804843269,129.4676747153585,6.502321512570421,-0.1507628358536973
85800,117.1425123286833,0.0001671843032183136,0.673443531557921,0.8472904385362136,138.2554399304443,129.4676747153585,33.3779510380783,129.4676747153585,6.507917351593517,-0.1527095614637864
86400,117.2424208959425,0.0001658290963919257,0.673443531557921,0.8454489245756562,138.6747531257293,129.4676747153585,33.53553390593274,129.4676747153585,6.513467827552359,-0.1545510754243438
87000,117.3415194944276,0.0001644848763631847,0.673443531557921,0.8437165491996688,139.0769442720251,129.4676747153585,33.68638668405062,129.4676747153585,6.51897330524598,-0.1562834508003312
87600,117.4398146289809,0.000163151554897351,0.673443531557921,0.8420970309065825,139.4611432159402,129.4676747153585,33.83022221559489,129.4676747153585,6.524434146054495,-0.1579029690934175
88200,117.5373127429039,0.0001618290445944501,0.673443531557921,0.8405938815193849,139.8265147141609,129.4676747153585,33.96676670145617,129.4676747153585,6.529850707939103,-0.1594061184806151
88800,117.6340202179576,0.0001605172588892705,0.673443531557921,0.8392104081361493,140.1722608269572,129.4676747153585,34.09576022144496,129.4676747153585,6.535223345442087,-0.1607895918638507
89400,117.7299433743625,0.0001592161120513671,0.673443531557921,0.8379497152153008,140.4976232304265,129.4676747153585,34.21695722906443,129.4676747153585,6.540552409686807,-0.1620502847846992
90000,117.8250884707989,0.0001579255191850572,0.673443531557921,0.8368147067439715,140.8018854368058,129.4676747153585,34.33012701892219,129.4676747153585,6.545838248377716,-0.1631852932560285
90600,117.9194617044061,0.0001566453962294244,0.673443531557921,0.8358080884404155,141.0843749124744,129.4676747153585,34.43505416589111,129.4676747153585,6.551081205800341,-0.1641919115595845
91200,118.0130692107833,0.0001553756599583153,0.673443531557921,0.8349323699442901,141.3444650836302,129.4676747153585,34.53153893518325,129.4676747153585,6.556281622821296,-0.1650676300557099
91800,118.1059190501743,0.0001541162010387887,0.673443531557921,0.8341898809801291,141.5815772200522,129.4676747153585,34.61939766255644,129.4676747153585,6.561439947231904,-0.1658101190198709
92400,118.1980174025452,0.0001528669356428759,0.673443531557921,0.8335827464571434,141.7951821878574,129.4676747153585,34.69846310392954,129.4676747153585,6.56655652236362,-0.1664172535428566
93000,118.2893692843349,0.0001516277957252382,0.673443531557921,0.833112893534053,141.9848020627229,129.4676747153585,34.76858475374114,129.4676747153585,6.571631626907493,-0.166887106465947
93600,118.3799807467554,0.0001503986992043892,0.673443531557921,0.8327820688715923,142.150011595661,129.4676747153585,34.82962913144534,129.4676747153585,6.576665597041965,-0.1672179311284077
94200,118.4698577880867,0.0001491795647168354,0.673443531557921,0.8325918324823024,142.2904395241048,129.4676747153585,34.88148003559967,129.4676747153585,6.581658766004815,-0.1674081675176976
94800,118.5590063536768,0.0001479703116170788,0.673443531557921,0.8325435590516578,142.4057697217983,129.4676747153585,34.92403876506104,129.4676747153585,6.586611464093154,-0.1674564409483422
95400,118.6474323359416,0.0001467708599776162,0.673443531557921,0.8326384390111465,142.4957421817434,129.4676747153585,34.95722430686905,129.4676747153585,6.591524018663422,-0.1673615609888535
96000,118.7351415743651,0.0001455811305889395,0.673443531557921,0.8328774793426468,142.5601538272801,129.4676747153585,34.98097349045873,129.4676747153585,6.596396754131393,-0.1671225206573532
96600,118.8221398554992,0.0001444010449595342,0.673443531557921,0.8332615040968187,142.5988591472155,129.4676747153585,34.99524110790929,129.4676747153585,6.601229991972178,-0.1667384959031813
97200,118.9084329129638,0.0001432305253158827,0.673443531557921,0.8337911546115907,142.6117706517954,129.4676747153585,35,129.4676747153585,6.606024050720212,-0.1662088453884093
97800,118.9940264274469,0.0001420694946024599,0.673443531557921,0.8344668894202047,142.5988591472155,129.4676747153585,34.99524110790929,129.4676747153585,6.61077924596927,-0.1655331105797953
98400,119.0789262081687,0.0001409178740202665,0.673443531557921,0.8352889851145903,142.5601538272801,129.4676747153585,34.98097349045873,129.4676747153585,6.615495900453817,-0.1647110148854097
99000,119.1631379487938,0.0001397755863377583,0.673443531557921,0.8362575339044838,142.4957421817434,129.4676747153585,34.95722430686905,129.4676747153585,6.620174330488546,-0.1637424660955162
99600,119.2466670380814,0.0001386425584592698,0.673443531557921,0.8373724412363336,142.4057697217983,129.4676747153585,34.92403876506104,129.4676747153585,6.624814835448967,-0.1626275587636664
100200,119.329518974367,0.0001375187158027896,0.673443531557921,0.838633427329823,142.2904395241048,129.4676747153585,34.88148003559967,129.4676747153585,6.629417720798164,-0.161366572670177
100800,119.411699205819,0.0001364039844667971,0.673443531557921,0.8400400243756569,142.150011595661,129.4676747153585,34.82962913144534,129.4676747153585,6.633983289212164,-0.1599599756243431
101400,119.4932131305504,0.0001352982912287473,0.673443531557921,0.8415915745529108,141.9848020627229,129.4676747153585,34.76858475374114,129.4676747153585,6.638511840586132,-0.1584084254470892
102000,119.5740660967305,0.0001342015635435553,0.673443531557921,0.8432872277586467,141.7951821878574,129.4676747153585,34.69846310392954,129.4676747153585,6.643003672040582,-0.1567127722413533
102600,119.6542634026969,0.0001331137295420754,0.673443531557921,0.8451259390670944,141.5815772200522,129.4676747153585,34.61939766255644,129.4676747153585,6.647459077927607,-0.1548740609329056
103200,119.7338102970672,0.0001320347180295906,0.673443531557921,0.8471064659392461,141.3444650836302,129.4676747153585,34.53153893518325,129.4676747153585,6.651878349837064,-0.1528935340607539
103800,119.8127119788504,0.0001309644584842923,0.673443531557921,0.8492273652073772,141.0843749124744,129.4676747153585,34.43505416589111,129.4676747153585,6.656261776602801,-0.1507726347926228
104400,119.8909735975596,0.000129902881055765,0.673443531557921,0.8514869898625658,140.8018854368058,129.4676747153585,34.3301270189222,129.4676747153585,6.660609644308867,-0.1485130101374342
105000,119.9686008192982,0.0001288499088863125,0.673443531557921,0.8538834897053088,140.4976232304265,129.4676747153585,34.21695722906443,129.4676747153585,6.664922267738792,-0.1461165102946912
105600,120.0455995427043,0.0001278054619640343,0.673443531557921,0.8564148058573493,140.1722608269572,129.4676747153585,34.09576022144496,129.4676747153585,6.669199974594684,-0.1435851941426507
106200,120.1219740557152,0.0001267694821253298,0.673443531557921,0.8590786540111757,139.8265147141609,129.4676747153585,33.96676670145617,129.4676747153585,6.673443003095286,-0.1409213459888243
106800,120.1977294351359,0.0001257419005060254,0.673443531557921,0.861872537851084,139.4611432159402,129.4676747153585,33.83022221559489,129.4676747153585,6.677651635285326,-0.138127462148916
107400,120.2728707205947,0.0001247226487462319,0.673443531557921,0.8647937395385182,139.0769442720251,129.4676747153585,33.68638668405062,129.4676747153585,6.681826151144147,-0.1352062604614818
108000,120.3474029151329,0.0001237116589823427,0.673443531557921,0.8678393161156019,138.6747531257293,129.4676747153585,33.53553390593274,129.4676747153585,6.685966828618493,-0.1321606838843981
108600,120.4213309857945,0.000122708863839035,0.673443531557921,0.8710060960087928,138.2554399304443,129.4676747153585,33.3779510380783,129.4676747153585,6.690073943655249,-0.1289939039912072
109200,120.4946598642159,0.0001217141964212715,0.673443531557921,0.8742906756886447,137.8199072857628,129.4676747153585,33.21393804843269,129.4676747153585,6.694147770234219,-0.1257093243113553
109800,120.5673944472158,0.0001207275903062998,0.673443531557921,0.8776894165447511,137.3690877142625,129.4676747153585,33.0438071450436,129.4676747153585,6.698188580400879,-0.1223105834552489
110400,120.6395395973847,0.0001197489795356543,0.673443531557921,0.8811984420377028,136.9039410900627,129.4676747153585,32.86788218175523,129.4676747153585,6.702196644299147,-0.1188015579622972
111000,120.7111001436745,0.0001187782986071565,0.673443531557921,0.8848136351924699,136.4254520302647,129.4676747153585,32.68649804173412,129.4676747153585,6.706172230204136,-0.1151863648075301
111600,120.7820805742834,0.0001178154866407743,0.673443531557921,0.8885306342362924,135.9346272603169,129.4676747153585,32.5,129.4676747153585,6.71011558746019,-0.1114693657637076
112200,120.852484665257,0.0001168604924164504,0.673443531557921,0.8923448281882933,135.4324929642063,129.4676747153585,32.30874306617517,129.4676747153585,6.714026925847609,-0.1076551718117067
112800,120.9223178654782,0.0001159132420229699,0.673443531557921,0.8962513733596434,134.9200921301741,129.4676747153585,32.1130913087035,129.4676747153585,6.71790654808212,-0.1037486266403566
113400,120.991584771784,0.000114973673106673,0.673443531557921,0.9002451743440611,134.3984819023786,129.4676747153585,31.91341716182545,129.4676747153585,6.721754709543557,-0.09975482565593885
114000,121.0602899404586,0.0001140417238639776,0.673443531557921,0.9043208901931188,133.8687309485973,129.4676747153585,31.71010071662835,129.4676747153585,6.725571663358812,-0.09567910980688121
114600,121.1284378874198,0.0001131173330388489,0.673443531557921,0.9084729354064325,133.3319168536698,129.4676747153585,31.50352899752136,129.4676747153585,6.729357660412211,-0.09152706459356752
115200,121.1960330884063,0.0001122004399202609,0.673443531557921,0.9126954817550011,132.7891235479343,129.4676747153585,31.2940952255126,129.4676747153585,6.733112949355903,-0.08730451824499885
115800,121.2630799791644,0.0001112909843396619,0.673443531557921,0.9169824610077928,132.2414387794205,129.4676747153585,31.08219806969051,129.4676747153585,6.736837776620243,-0.08301753899220721
116400,121.3295829556351,0.0001103889066684405,0.673443531557921,0.921327568629814,131.6899516380203,129.4676747153585,30.86824088833465,129.4676747153585,6.74053238642417,-0.07867243137018598
117000,121.3955463741407,0.0001094941478153896,0.673443531557921,0.9257242685172251,131.135750139278,129.4676747153585,30.65263096110026,129.4676747153585,6.744197020785596,-0.07427573148277489
117600,121.4609745515721,0.0001086066492241719,0.673443531557921,0.9301657988316289,130.5799188748263,129.4676747153585,30.43577871373829,129.4676747153585,6.747831919531783,-0.06983420116837114
118200,121.525871952636,0.0001077263503334018,0.673443531557921,0.9346451804300127,130.0235367358597,129.4676747153585,30.21809693682668,129.4676747153585,6.751437330702,-0.06535481956998734
118800,121.5902444171256,0.0001068531719293776,0.673443531557921,0.9391552345745621,129.4676747153585,129.4676747153585,30,129.4676747153585,6.7550135787292,-0.06084476542543793
119400,121.6540950828996,0.0001059870714487062,0.673443531557921,0.9436885609977989,128.913393794103,129.4676747153585,29.78190306317332,129.4676747153585,6.758560837938867,-0.05631143900220115
120000,121.7174282423119,0.0001051279906678789,0.673443531557921,0.9482375782563649,128.3617429148167,129.4676747153585,29.56422128626171,129.4676747153585,6.762079346795108,-0.0517624217436351
120600,121.7802481618204,0.000104275871714654,0.673443531557921,0.9527945267739264,127.8137570480773,129.4676747153585,29.34736903889974,129.4676747153585,6.765569342323357,-0.0472054732260736
121200,121.8425590826907,0.0001034306570585088,0.673443531557921,0.9573514822808977,127.2704553529283,129.4676747153585,29.13175911166535,129.4676747153585,6.769031060149485,-0.04264851771910227
121800,121.9043652217005,0.0001025922895010854,0.673443531557921,0.9619003706199885,126.7328394344288,129.4676747153585,28.91780193030949,129.4676747153585,6.772464734538917,-0.03809962938001155
122400,121.9656707718437,0.0001017607121666407,0.673443531557921,0.9664329839212873,126.2018916996912,129.4676747153585,28.7059047744874,129.4676747153585,6.775870598435762,-0.03356701607871271
123000,122.0264799030345,0.0001009358684924967,0.673443531557921,0.9709409981396586,125.6785738132797,129.4676747153585,28.49647100247864,129.4676747153585,6.779248883501918,-0.02905900186034138
123600,122.0867967628116,0.0001001177022194869,0.673443531557921,0.9754159919355132,125.1638252521935,129.4676747153585,28.28989928337166,129.4676747153585,6.782599820156199,-0.0245840080644868
124200,122.1466254770423,9.930615738240504e-05,0.673443531557921,0.9798494668677982,124.6585619600305,129.4676747153585,28.08658283817455,129.4676747153585,6.785923637613459,-0.02015053313220183
124800,122.2059701506264,9.850117830045662e-05,0.673443531557921,0.984232868855328,124.1636750993219,129.4676747153585,27.8869086912965,129.4676747153585,6.789220563923691,-0.01576713114467199
125400,122.2648320789021,9.770274740306775e-05,0.673443531557921,0.9885575882969321,123.6800299004711,129.4676747153585,27.69125693382483,129.4676747153585,6.792490671050119,-0.01144241170306792
126000,122.3232170452024,9.691078624238713e-05,0.673443531557921,0.9928150426772575,123.2084646051913,129.4676747153585,27.5,129.4676747153585,6.79573428028902,-0.007184957322742491
126600,122.3811289209087,9.612524230517323e-05,0.673443531557921,0.9969966499947785,122.74978950185,129.4676747153585,27.31350195826588,129.4676747153585,6.79895160671715,-0.00300335000522145
127200,122.4385715231958,9.534606381347259e-05,0.673443531557921,1.001093869486548,122.3047860496773,129.4676747153585,27.13211781824477,129.4676747153585,6.802142862399767,0.001093869486547883
127800,122.4955486324498,9.457319948834794e-05,0.673443531557921,1.005098228443881,121.8742060883946,129.4676747153585,26.9561928549564,129.4676747153585,6.805308257358324,0.00509822844388097
128400,122.5520639922064,9.380659855072025e-05,0.673443531557921,1.009001349615048,121.4587711294561,129.4676747153585,26.78606195156731,129.4676747153585,6.808447999567024,0.009001349615048282
129000,122.6081213090883,9.304621072221494e-05,0.673443531557921,1.012794979200883,121.0591717247934,129.4676747153585,26.6220489619217,129.4676747153585,6.811562294949348,0.01279497920088302
129600,122.663724252743,9.22919862260045e-05,0.673443531557921,1.01647101529718,120.6760669086865,129.4676747153585,26.46446609406726,129.4676747153585,6.81465134737461,0.01647101529717987
130200,122.718876455781,9.15438757876521e-05,0.673443531557921,1.020021536627369,120.3100837081759,129.4676747153585,26.31361331594938,129.4676747153585,6.817715358654499,0.02002153662736905
130800,122.7735815137131,9.08018306359557e-05,0.673443531557921,1.023438831399746,119.9618167172698,129.4676747153585,26.16977778440511,129.4676747153585,6.820754528539617,0.02343883139974601
131400,122.8278429848885,9.006580250379386e-05,0.673443531557921,1.026715426115612,119.6318277300896,129.4676747153585,26.03323329854383,129.4676747153585,6.823769054716028,0.02671542611561217
132000,122.8816652949346,8.933573135987274e-05,0.673443531557921,1.029844121728724,119.3206454280306,129.4676747153585,25.90423977855504,129.4676747153585,6.82675918305192,0.02984412172872353
132600,122.9350515263662,8.861157539151094e-05,0.673443531557921,1.032818003333464,119.0287651160108,129.4676747153585,25.78304277093557,129.4676747153585,6.829725084798119,0.03281800333346374
133200,122.9880050845363,8.789328840689677e-05,0.673443531557921,1.035630481619138,118.7566485029031,129.4676747153585,25.66987298107781,129.4676747153585,6.832666949140904,0.03563048161913818
133800,123.0405294574355,8.718082309328509e-05,0.673443531557921,1.038275317652472,118.5047235213379,129.4676747153585,25.56494583410889,129.4676747153585,6.835584969857528,0.03827531765247238
134400,123.0926281028637,8.647413254745146e-05,0.673443531557921,1.040746647726445,118.273384182178,129.4676747153585,25.46846106481675,129.4676747153585,6.838479339047983,0.04074664772644532
135000,123.1443044486577,8.577317027260307e-05,0.673443531557921,1.043039007988489,118.0629904591417,129.4676747153585,25.38060233744357,129.4676747153585,6.841350247147649,0.04303900798848947
135600,123.1955618929191,8.507789017529177e-05,0.673443531557921,1.045147357721981,117.8738681992537,129.4676747153585,25.30153689607046,129.4676747153585,6.844197882939948,0.04514735772198075
136200,123.2464038042418,8.438824656232242e-05,0.673443531557921,1.047067101106762,117.7063090550442,129.4676747153585,25.23141524625887,129.4676747153585,6.847022433568989,0.04706710110676249
136800,123.2968335219401,8.370419413766655e-05,0.673443531557921,1.048794107293172,117.5605704347027,129.4676747153585,25.17037086855466,129.4676747153585,6.849824084552226,0.04879410729317213
137400,123.346854356276,8.302568799937092e-05,0.673443531557921,1.05032472863476,117.4368754667002,129.4676747153585,25.11851996440033,129.4676747153585,6.852603019793111,0.05032472863476012
138000,123.3964695886872,8.235268363647095e-05,0.673443531557921,1.05165581693746,117.3354129757316,129.4676747153585,25.07596123493896,129.4676747153585,6.855359421593734,0.05165581693745969
138600,123.4456827369845,8.168513333172541e-05,0.673443531557921,1.052784739856946,117.2563374672001,129.4676747153585,25.04277569313095,129.4676747153585,6.858093485388028,0.05278473985694587
139200,123.4944969686851,8.102299411944017e-05,0.673443531557921,1.053709387810322,117.199769117854,129.4676747153585,25.01902650954127,129.4676747153585,6.860805387149172,0.05370938781032231
139800,123.5429154300606,8.036622332210669e-05,0.673443531557921,1.05442818636946,117.1657937705893,129.4676747153585,25.00475889209071,129.4676747153585,6.863495301670032,0.05442818636945956
140400,123.5909413167488,7.971477759258875e-05,0.673443531557921,1.054940104062701,117.1544629318624,129.4676747153585,25,129.4676747153585,6.866163406486044,0.05494010406270111
141000,123.6385777992298,7.906861392500389e-05,0.673443531557921,1.055244656484931,117.1657937705893,129.4676747153585,25.00475889209071,129.4676747153585,6.868809877734988,0.05524465648493138
141600,123.6858280231543,7.84276896502638e-05,0.673443531557921,1.055341908555963,117.199769117854,129.4676747153585,25.01902650954127,129.4676747153585,6.87143489017524,0.05534190855596322
142200,123.7326951096728,7.77919624316155e-05,0.673443531557921,1.055232474272739,117.2563374672001,129.4676747153585,25.04277569313095,129.4676747153585,6.874038617204046,0.05523247427273903
142800,123.7791821557644,7.716139026017686e-05,0.673443531557921,1.054917513959452,117.3354129757316,129.4676747153585,25.07596123493896,129.4676747153585,6.876621230875801,0.05491751395945199
143400,123.8252922345656,7.653593145047808e-05,0.673443531557921,1.05439872904041,117.4368754667002,129.4676747153585,25.11851996440033,129.4676747153585,6.87918290192031,0.05439872904040999
144000,123.8710283956991,7.591554463600004e-05,0.673443531557921,1.053678354380745,117.5605704347027,129.4676747153585,25.17037086855466,129.4676747153585,6.881723799761064,0.05367835438074464
144600,123.9163936656031,7.530018876471359e-05,0.673443531557921,1.052759148259885,117.7063090550442,129.4676747153585,25.23141524625886,129.4676747153585,6.884244092533503,0.05275914825988459
145200,123.9613911072073,7.468982228959619e-05,0.673443531557921,1.051644380565022,117.8738681992537,129.4676747153585,25.30153689607046,129.4676747153585,6.886743950400404,0.05164438056502196
145800,124.0060237077173,7.408440469078614e-05,0.673443531557921,1.05033781734194,118.0629904591417,129.4676747153585,25.38060233744356,129.4676747153585,6.889223539317626,0.05033781734194043
146400,124.050294402931,7.348389614573818e-05,0.673443531557921,1.048843704445413,118.273384182178,129.4676747153585,25.46846106481675,129.4676747153585,6.891683022385056,0.04884370444541264
147000,124.0942061372164,7.288825671566031e-05,0.673443531557921,1.047166749558908,118.5047235213379,129.4676747153585,25.56494583410889,129.4676747153585,6.894122563178691,0.04716674955890787
147600,124.1377618340905,7.229744674459255e-05,0.673443531557921,1.045312101671982,118.7566485029031,129.4676747153585,25.66987298107781,129.4676747153585,6.896542324116138,0.04531210167198174
148200,124.180964396576,7.171142685456686e-05,0.673443531557921,1.043285329185291,119.0287651160108,129.4676747153585,25.78304277093557,129.4676747153585,6.898942466476445,0.04328532918529082
148800,124.2238167075583,7.113015794077086e-05,0.673443531557921,1.041092396558357,119.3206454280306,129.4676747153585,25.90423977855504,129.4676747153585,6.901323150419904,0.04109239655835673
149400,124.2663216301414,7.055360116671267e-05,0.673443531557921,1.038739639676057,119.6318277300896,129.4676747153585,26.03323329854382,129.4676747153585,6.903684535007854,0.03873963967605665
150000,124.3084820080051,6.998171795938134e-05,0.673443531557921,1.036233740115655,119.9618167172698,129.4676747153585,26.16977778440511,129.4676747153585,6.906026778222508,0.03623374011565472
150600,124.3503006657615,6.941447000441088e-05,0.673443531557921,1.033581698499899,120.3100837081759,129.4676747153585,26.31361331594938,129.4676747153585,6.908350036986748,0.03358169849989912
151200,124.391780409311,6.885181924124481e-05,0.673443531557921,1.030790807123637,120.6760669086865,129.4676747153585,26.46446609406726,129.4676747153585,6.910654467183947,0.03079080712363735
151800,124.4329237244254,6.829373195170775e-05,0.673443531557921,1.027868619548312,121.0591717247934,129.4676747153585,26.6220489619217,129.4676747153585,6.912940206912521,0.02786861954831155
152400,124.4737332061228,6.774017293575014e-05,0.673443531557921,1.024822925908359,121.4587711294561,129.4676747153585,26.7860619515673,129.4676747153585,6.915207400340156,0.02482292590835855
153000,124.5142118132501,6.719110205818169e-05,0.673443531557921,1.021661726542372,121.8742060883946,129.4676747153585,26.9561928549564,129.4676747153585,6.917456211847228,0.02166172654237219
153600,124.554362233151,6.664648286660736e-05,0.673443531557921,1.018393198305093,122.3047860496773,129.4676747153585,27.13211781824477,129.4676747153585,6.919686790730612,0.01839319830509334
154200,124.5941871317949,6.610627919856399e-05,0.673443531557921,1.015025668373281,122.74978950185,129.4676747153585,27.31350195826588,129.4676747153585,6.921899285099714,0.01502566837328101
154800,124.6336891539535,6.557045517912144e-05,0.673443531557921,1.01156758631259,123.2084646051913,129.4676747153585,27.5,129.4676747153585,6.924093841886306,0.01156758631258992
155400,124.6728709233783,6.503897521848245e-05,0.673443531557921,1.008027496627436,123.6800299004711,129.4676747153585,27.69125693382483,129.4676747153585,6.926270606854349,0.008027496627435848
156000,124.7117350429768,6.451180400958236e-05,0.673443531557921,1.004414011933978,124.1636750993219,129.4676747153585,27.8869086912965,129.4676747153585,6.928429724609822,0.004414011933977502
156600,124.7502840949899,6.398890652569122e-05,0.673443531557921,1.00073578688473,124.6585619600305,129.4676747153585,28.08658283817455,129.4676747153585,6.930571338610552,0.0007357868847295279
157200,124.7885206411689,6.347024801800984e-05,0.673443531557921,0.9970014929611776,125.1638252521935,129.4676747153585,28.28989928337165,129.4676747153585,6.932695591176049,-0.002998507038822429
157800,124.8264472229519,6.295579401327415e-05,0.673443531557921,0.9932197942380079,125.6785738132797,129.4676747153585,28.49647100247863,129.4676747153585,6.934802623497328,-0.00678020576199212
158400,124.8640663616412,6.244551031135302e-05,0.673443531557921,0.9893993242095496,126.2018916996912,129.4676747153585,28.7059047744874,129.4676747153585,6.936892575646735,-0.01060067579045043
159000,124.9013805585803,6.193936298284797e-05,0.673443531557921,0.9855486637558054,126.7328394344288,129.4676747153585,28.91780193030949,129.4676747153585,6.938965586587795,-0.01445133624419459
159600,124.9383922953303,6.143731836669474e-05,0.673443531557921,0.9816763203122745,127.2704553529283,129.4676747153585,29.13175911166535,129.4676747153585,6.941021794185016,-0.01832367968772552
160200,124.9751040338472,6.093934306776276e-05,0.673443531557921,0.9777907082947077,127.8137570480773,129.4676747153585,29.34736903889974,129.4676747153585,6.943061335213735,-0.02220929170529229
160800,125.0115181839293,6.044540439841597e-05,0.673443531557921,0.9739001305621822,128.3617429148167,129.4676747153585,29.56422128626171,129.4676747153585,6.945084343551627,-0.02609986943781784
161400,125.0476371328773,5.995546997618249e-05,0.673443531557921,0.9700127616886732,128.913393794103,129.4676747153585,29.78190306317332,129.4676747153585,6.947090951826516,-0.02998723831132677
162000,125.0834633241735,5.946950665651883e-05,0.673443531557921,0.9661366329408179,129.4676747153585,129.4676747153585,30,129.4676747153585,6.949081295787416,-0.03386336705918214
162600,125.1189991386901,5.898748214415349e-05,0.673443531557921,0.9622796170578481,130.0235367358597,129.4676747153585,30.21809693682668,129.4676747153585,6.951055507705008,-0.03772038294215185
163200,125.1542469382138,5.850936440270175e-05,0.673443531557921,0.9584494156271186,130.5799188748263,129.4676747153585,30.43577871373829,129.4676747153585,6.953013718789657,-0.04155058437288139
163800,125.1892090656093,5.803512165244229e-05,0.673443531557921,0.954653547431933,131.135750139278,129.4676747153585,30.65263096110026,129.4676747153585,6.954956059200519,-0.04534645256806702
164400,125.2238878449835,5.756472236809685e-05,0.673443531557921,0.9508993380845773,131.6899516380203,129.4676747153585,30.86824088833465,129.4676747153585,6.956882658054639,-0.04910066191542273
165000,125.2582855818489,5.709813527660828e-05,0.673443531557921,0.9471939109100321,132.2414387794205,129.4676747153585,31.08219806969052,129.4676747153585,6.958793643436049,-0.05280608908996787
165600,125.2924045632876,5.663532935491759e-05,0.673443531557921,0.9435441790385755,132.7891235479343,129.4676747153585,31.2940952255126,129.4676747153585,6.960689142404868,-0.05645582096142454
166200,125.3262470581153,5.617627382774288e-05,0.673443531557921,0.9399568386589635,133.3319168536698,129.4676747153585,31.50352899752137,129.4676747153585,6.962569281006403,-0.06004316134103649
166800,125.3598153170445,5.572093816535726e-05,0.673443531557921,0.9364383633783756,133.8687309485973,129.4676747153585,31.71010071662834,129.4676747153585,6.964434184280253,-0.0635616366216244
167400,125.3931115728493,5.526929208136693e-05,0.673443531557921,0.9329949996304979,134.3984819023786,129.4676747153585,31.91341716182545,129.4676747153585,6.966283976269403,-0.06700500036950208
168000,125.426138040528,5.48213055304879e-05,0.673443531557921,0.9296327630692236,134.9200921301741,129.4676747153585,32.1130913087035,129.4676747153585,6.968118780029332,-0.0703672369307764
168600,125.4588969174679,5.43769487063264e-05,0.673443531557921,0.9263574358822858,135.4324929642063,129.4676747153585,32.30874306617517,129.4676747153585,6.969938717637106,-0.07364256411771419
169200,125.4913903836087,5.393619203915591e-05,0.673443531557921,0.9231745649568058,135.9346272603169,129.4676747153585,32.49999999999999,129.4676747153585,6.971743910200481,-0.07682543504319417
169800,125.5236205082351,5.349900746022144e-05,0.673443531557921,0.9200894601425904,136.4254520302647,129.4676747153585,32.68649804173412,129.4676747153585,6.973534472679729,-0.07991053985740959
170400,125.5555892354152,5.306536859927149e-05,0.673443531557921,0.9171071938156851,136.9039410900627,129.4676747153585,32.86788218175523,129.4676747153585,6.975310513078623,-0.08289280618431494
171000,125.5872988814773,5.263524403653861e-05,0.673443531557921,0.9142326048106816,137.3690877142625,129.4676747153585,33.0438071450436,129.4676747153585,6.97707216008207,-0.08576739518931842
171600,125.6187515431978,5.220860533035847e-05,0.673443531557921,0.9114702949460959,137.8199072857628,129.4676747153585,33.21393804843269,129.4676747153585,6.978819530177656,-0.08852970505390412
172200,125.6499492995812,5.178542428013827e-05,0.673443531557921,0.9088246318755709,138.2554399304443,129.4676747153585,33.3779510380783,129.4676747153585,6.980552738865621,-0.09117536812442906
172800,125.6808942119855,5.136567292464662e-05,0.673443531557921,0.9062997508857081,138.6747531257292,129.4676747153585,33.53553390593273,129.4676747153585,6.982271900665859,-0.09370024911429187
173400,125.7115883242482,5.094932354030931e-05,0.673443531557921,0.9038995570564511,139.0769442720251,129.4676747153585,33.68638668405062,129.4676747153585,6.983977129124899,-0.09610044294354891
174000,125.7420336628122,5.05363486395018e-05,0.673443531557921,0.9016277277184983,139.4611432159402,129.4676747153585,33.83022221559489,129.4676747153585,6.985668536822901,-0.09837227228150169
174600,125.7722322368516,5.012672096884245e-05,0.673443531557921,0.8994877151444443,139.8265147141609,129.4676747153585,33.96676670145617,129.4676747153585,6.987346235380643,-0.1005122848555557
175200,125.8021860383972,4.972041350748469e-05,0.673443531557921,0.8974827494128822,140.1722608269572,129.4676747153585,34.09576022144496,129.4676747153585,6.989010335466513,-0.1025172505871178
175800,125.831897042463,4.931739946541228e-05,0.673443531557921,0.8956158413875042,140.4976232304265,129.4676747153585,34.21695722906443,129.4676747153585,6.9906609468035,-0.1043841586124958
176400,125.8613672071712,4.891765228173199e-05,0.673443531557921,0.8938897857561708,140.8018854368058,129.4676747153585,34.3301270189222,129.4676747153585,6.992298178176179,-0.1061102142438292
177000,125.8905984738788,4.852114562296521e-05,0.673443531557921,0.8923071640780812,141.0843749124744,129.4676747153585,34.43505416589111,129.4676747153585,6.993922137437712,-0.1076928359219188
177600,125.9195927673029,4.812785338134347e-05,0.673443531557921,0.8908703477904084,141.3444650836302,129.4676747153585,34.53153893518325,129.4676747153585,6.995532931516827,-0.1091296522095916
178200,125.9483519956466,4.773774967310004e-05,0.673443531557921,0.8895815011291496,141.5815772200522,129.4676747153585,34.61939766255643,129.4676747153585,6.997130666424813,-0.1104184988708504
178800,125.9768781113545,4.73508080143597e-05,0.673443531557921,0.8884425843499676,141.7951821878574,129.4676747153585,34.69846310392954,129.4676747153585,6.998715450630805,-0.1115574156500324
179400,126.0051732647954,4.696699923650555e-05,0.673443531557921,0.8874553574341826,141.9848020627229,129.4676747153585,34.76858475374113,129.4676747153585,7.000287403599747,-0.1125446425658174
180000,126.0332390878041,4.658630120456536e-05,0.673443531557921,0.886621377466361,142.150011595661,129.4676747153585,34.82962913144534,129.4676747153585,7.001846615989118,-0.113378622533639
180600,126.0610774384514,4.62086887147899e-05,0.673443531557921,0.8859420060832403,142.2904395241048,129.4676747153585,34.88148003559967,129.4676747153585,7.003393191025079,-0.1140579939167597
181200,126.0886901599954,4.583413676436066e-05,0.673443531557921,0.8854184097057324,142.4057697217983,129.4676747153585,34.92403876506104,129.4676747153585,7.004927231110854,-0.1145815902942676
181800,126.116079081041,4.546262054921869e-05,0.673443531557921,0.8850515611911317,142.4957421817434,129.4676747153585,34.95722430686905,129.4676747153585,7.00644883783561,-0.1149484388088683
182400,126.1432460156998,4.50941154619008e-05,0.673443531557921,0.8848422411814285,142.5601538272801,129.4676747153585,34.98097349045873,129.4676747153585,7.007958111983321,-0.1151577588185715
183000,126.1701927637499,4.472859708936966e-05,0.673443531557921,0.8847910391309296,142.5988591472155,129.4676747153585,34.99524110790929,129.4676747153585,7.009455153541661,-0.1152089608690704
183600,126.1969211107955,4.436604121085054e-05,0.673443531557921,0.8848983539999737,142.6117706517954,129.4676747153585,35,129.4676747153585,7.010940061710859,-0.1151016460000263
184200,126.2234328284267,4.400642379566023e-05,0.673443531557921,0.8851643946051261,142.5988591472155,129.4676747153585,34.99524110790929,129.4676747153585,7.012412934912593,-0.1148356053948739
184800,126.2497296743793,4.364972100104439e-05,0.673443531557921,0.8855891796198403,142.5601538272801,129.4676747153585,34.98097349045873,129.4676747153585,7.013873870798848,-0.1144108203801597
185400,126.2758133926945,4.329590917000644e-05,0.673443531557921,0.8861725372231718,142.4957421817434,129.4676747153585,34.95722430686905,129.4676747153585,7.015322966260803,-0.1138274627768282
186000,126.3016857138786,4.294496482914383e-05,0.673443531557921,0.8869141043977338,142.4057697217983,129.4676747153585,34.92403876506104,129.4676747153585,7.016760317437702,-0.1130858956022662
186600,126.3273483550631,4.259686468647942e-05,0.673443531557921,0.8878133258816906,142.2904395241048,129.4676747153585,34.88148003559967,129.4676747153585,7.018186019725727,-0.1121866741183094
187200,126.3528030201637,4.22515856292955e-05,0.673443531557921,0.8888694527832214,142.150011595661,129.4676747153585,34.82962913144534,129.4676747153585,7.019600167786875,-0.1111305472167786
187800,126.3780513843937,4.190910493421313e-05,0.673443531557921,0.8900815407593076,141.9848020627229,129.4676747153585,34.76858475374114,129.4676747153585,7.021002854688541,-0.1099184592406924
188400,126.4030949065994,4.156940281275325e-05,0.673443531557921,0.8914484466696074,141.7951821878574,129.4676747153585,34.69846310392954,129.4676747153585,7.022394161477746,-0.1085515533303926
189000,126.4279354182876,4.123245442149596e-05,0.673443531557921,0.8929688304134928,141.5815772200522,129.4676747153585,34.61939766255644,129.4676747153585,7.023774189904866,-0.1070311695865072
189600,126.4525745628678,4.08982374684615e-05,0.673443531557921,0.8946411484032908,141.3444650836302,129.4676747153585,34.53153893518325,129.4676747153585,7.025143031270431,-0.1053588515967092
190200,126.4770139706672,4.056672983912364e-05,0.673443531557921,0.8964636519751439,141.0843749124744,129.4676747153585,34.43505416589111,129.4676747153585,7.026500776148176,-0.1035363480248561
190800,126.5012552590699,4.023790959452327e-05,0.673443531557921,0.8984343843594749,140.8018854368058,129.4676747153585,34.3301270189222,129.4676747153585,7.027847514392772,-0.1015656156405251
191400,126.5253000326561,3.99117549693807e-05,0.673443531557921,0.9005511774754026,140.4976232304265,129.4676747153585,34.21695722906443,129.4676747153585,7.02918333514756,-0.09944882252459741
192000,126.5491498833408,3.958824437021065e-05,0.673443531557921,0.9028116485869184,140.1722608269572,129.4676747153585,34.09576022144496,129.4676747153585,7.030508326852265,-0.09718835141308158
192600,126.5728063905134,3.926735637343142e-05,0.673443531557921,0.9052131968622593,139.826514714161,129.4676747153585,33.96676670145618,129.4676747153585,7.031822577250747,-0.09478680313774068
193200,126.5962711211768,3.894906972348025e-05,0.673443531557921,0.9077529998815248,139.4611432159403,129.4676747153585,33.83022221559489,129.4676747153585,7.033126173398711,-0.0922470001184752
193800,126.6195456300862,3.863336333092434e-05,0.673443531557921,0.9104280101411125,139.0769442720251,129.4676747153585,33.68638668405062,129.4676747153585,7.034419201671454,-0.08957198985888748
194400,126.6426314598884,3.832021627057657e-05,0.673443531557921,0.913234951607002,138.6747531257293,129.4676747153585,33.53553390593274,129.4676747153585,7.035701747771576,-0.08676504839299803
195000,126.6655301412611,3.800960777960427e-05,0.673443531557921,0.9161703163722591,138.2554399304443,129.4676747153585,33.3779510380783,129.4676747153585,7.036973896736725,-0.0838296836277409
195600,126.6882431930517,3.770151725564546e-05,0.673443531557921,0.9192303614772421,137.8199072857628,129.4676747153585,33.2139380484327,129.4676747153585,7.038235732947319,-0.08076963852275787
196200,126.710772122417,3.73959242549185e-05,0.673443531557921,0.922411105954088,137.3690877142625,129.4676747153585,33.04380714504361,129.4676747153585,7.03948734013428,-0.07758889404591196
196800,126.7331184249616,3.709280849033774e-05,0.673443531557921,0.9257083281597414,136.9039410900627,129.4676747153585,32.86788218175523,129.4676747153585,7.040728801386757,-0.07429167184025864
197400,126.7552835187547,3.6792150726545e-05,0.673443531557921,0.9291175629796351,136.4254520302647,129.4676747153585,32.68649804173412,129.4676747153585,7.041960195486371,-0.0708824370203649
198000,126.777268921837,3.649393037212093e-05,0.673443531557921,0.932634101236446,135.9346272603169,129.4676747153585,32.5,129.4676747153585,7.043181606768721,-0.06736589876355403
198600,126.7990760955134,3.619812760523842e-05,0.673443531557921,0.9362529871544587,135.4324929642063,129.4676747153585,32.30874306617518,129.4676747153585,7.044393116417411,-0.0637470128455413
199200,126.8207064878182,3.590472278407901e-05,0.673443531557921,0.9399690178499034,134.9200921301741,129.4676747153585,32.1130913087035,129.4676747153585,7.045594804878792,-0.06003098215009661
199800,126.8421615357382,3.561369641667881e-05,0.673443531557921,0.9437767431619574,134.3984819023786,129.4676747153585,31.91341716182545,129.4676747153585,7.046786751985454,-0.05622325683804263
200400,126.8634426653455,3.53250291591226e-05,0.673443531557921,0.947670466182714,133.8687309485973,129.4676747153585,31.71010071662834,129.4676747153585,7.047969036963639,-0.052329533817286
201000,126.8845512919314,3.503870181373457e-05,0.673443531557921,0.9516442445748803,133.3319168536698,129.4676747153585,31.50352899752137,129.4676747153585,7.049141738440631,-0.04835575542511972
201600,126.9054888201393,3.475469532726834e-05,0.673443531557921,0.9556918927500032,132.7891235479343,129.4676747153585,31.29409522551261,129.4676747153585,7.050304934452186,-0.04430810724999679
202200,126.9262566440986,3.447299078910021e-05,0.673443531557921,0.959806984978531,132.2414387794205,129.4676747153585,31.08219806969052,129.4676747153585,7.051458702449921,-0.04019301502146899
202800,126.9468561475573,3.419356942941732e-05,0.673443531557921,0.963982859500925,131.6899516380203,129.4676747153585,30.86824088833465,129.4676747153585,7.052603119308741,-0.03601714049907501
203400,126.9672887040163,3.391641261741029e-05,0.673443531557921,0.9682126237060876,131.135750139278,129.4676747153585,30.65263096110026,129.4676747153585,7.053738261334239,-0.03178737629391237
204000,126.9875556768618,3.364150185946528e-05,0.673443531557921,0.9724891604396834,130.5799188748263,129.4676747153585,30.43577871373829,129.4676747153585,7.0548642042701,-0.02751083956031664
204600,127.0076584194993,3.33688187973533e-05,0.673443531557921,0.9768051355002968,130.0235367358597,129.4676747153585,30.21809693682669,129.4676747153585,7.055981023305516,-0.0231948644997032
205200,127.0275982754868,3.309834520642084e-05,0.673443531557921,0.9811530063760217,129.4676747153585,129.4676747153585,30,129.4676747153585,7.057088793082601,-0.01884699362397835
205800,127.0473765786681,3.283006299378428e-05,0.673443531557921,0.9855250322676692,128.913393794103,129.4676747153585,29.78190306317333,129.4676747153585,7.058187587703782,-0.01447496773233081
206400,127.0669942730345,3.256395935470039e-05,0.673443531557921,0.9899132824751259,128.3617429148167,129.4676747153585,29.56422128626171,129.4676747153585,7.059277459613027,-0.01008671752487411
207000,127.0864528764159,3.230001370060932e-05,0.673443531557921,0.9943096565779861,127.8137570480773,129.4676747153585,29.34736903889975,129.4676747153585,7.060358493134218,-0.00569034342201391
207600,127.1057537325103,3.203820780496102e-05,0.673443531557921,0.9987058927387249,127.2704553529283,129.4676747153585,29.13175911166535,129.4676747153585,7.061430762917238,-0.001294107261275101
208200,127.1248981197007,3.177852432716549e-05,0.673443531557921,1.003093584007283,126.7328394344288,129.4676747153585,28.91780193030948,129.4676747153585,7.06249433998337,0.00309358400728299
208800,127.14388730607,3.152094606634904e-05,0.673443531557921,1.007464195613013,126.2018916996912,129.4676747153585,28.7059047744874,129.4676747153585,7.063549294781668,0.007464195613013258
209400,127.1627225494966,3.126545596005798e-05,0.673443531557921,1.01180908321272,125.6785738132797,129.4676747153585,28.49647100247864,129.4676747153585,7.064595697194258,0.01180908321272001
210000,127.1814050977496,3.101203708296537e-05,0.673443531557921,1.016119512498846,125.1638252521935,129.4676747153585,28.28989928337166,129.4676747153585,7.065633616541644,0.01611951249884558
210600,127.1999361885843,3.076067264557452e-05,0.673443531557921,1.02038668013328,124.6585619600305,129.4676747153585,28.08658283817455,129.4676747153585,7.066663121588018,0.02038668013328016
211200,127.2183170498379,3.051134599292425e-05,0.673443531557921,1.024601735959189,124.1636750993219,129.4676747153585,27.88690869129651,129.4676747153585,7.067684280546553,0.02460173595918902
211800,127.2365488995249,3.026404060329384e-05,0.673443531557921,1.028755806429832,123.6800299004711,129.4676747153585,27.69125693382483,129.4676747153585,7.068697161084717,0.02875580642983233
212400,127.2546329459323,3.001874008690862e-05,0.673443531557921,1.032840019179742,123.2084646051913,129.4676747153585,27.5,129.4676747153585,7.069701830329571,0.03284001917974155
213000,127.2725703877154,2.977542818464315e-05,0.673443531557921,1.036845528649947,122.74978950185,129.4676747153585,27.31350195826588,129.4676747153585,7.070698354873079,0.03684552864994739
213600,127.2903624139934,2.953408876672711e-05,0.673443531557921,1.040763542665379,122.3047860496773,129.4676747153585,27.13211781824477,129.4676747153585,7.071686800777409,0.04076354266537896
214200,127.3080102044443,2.929470583145104e-05,0.673443531557921,1.044585349849242,121.8742060883946,129.4676747153585,26.9561928549564,129.4676747153585,7.072667233580237,0.0445853498492419
214800,127.3255149294009,2.905726350387056e-05,0.673443531557921,1.048302347746395,121.4587711294561,129.4676747153585,26.78606195156731,129.4676747153585,7.073639718300048,0.0483023477463953
215400,127.3428777499462,2.882174603450977e-05,0.673443531557921,1.051906071515487,121.0591717247934,129.4676747153585,26.6220489619217,129.4676747153585,7.074604319441454,0.0519060715154871
216000,127.3600998180086,2.858813779806837e-05,0.673443531557921,1.05538822303829,120.6760669086866,129.4676747153585,26.46446609406727,129.4676747153585,7.07556110100048,0.0553882230382905
216600,127.3771822764579,2.835642329212533e-05,0.673443531557921,1.058740700284309,120.3100837081759,129.4676747153585,26.31361331594938,129.4676747153585,7.076510126469884,0.05874070028430856
217200,127.3941262592001,2.812658713584455e-05,0.673443531557921,1.061955626759529,119.9618167172699,129.4676747153585,26.16977778440511,129.4676747153585,7.077451458844449,0.0619556267595287
217800,127.4109328912733,2.789861406867828e-05,0.673443531557921,1.065025380860474,119.6318277300896,129.4676747153585,26.03323329854383,129.4676747153585,7.078385160626296,0.06502538086047416
218400,127.4276032889433,2.767248894907425e-05,0.673443531557921,1.067942624948358,119.3206454280306,129.4676747153585,25.90423977855504,129.4676747153585,7.079311293830184,0.06794262494835834
219000,127.4441385091226,2.744819744057253e-05,0.673443531557921,1.070700333527864,119.0287651160108,129.4676747153585,25.78304277093557,129.4676747153585,7.080229917173477,0.07070033352786398
219600,127.4605396887462,2.722572412125118e-05,0.673443531557921,1.073291822357468,118.7566485029031,129.4676747153585,25.66987298107781,129.4676747153585,7.081141093819235,0.07329182235746834
220200,127.4768079182386,2.700505420008142e-05,0.673443531557921,1.075710774476303,118.5047235213379,129.4676747153585,25.56494583410889,129.4676747153585,7.082044884346588,0.07571077447630348
220800,127.4929442783391,2.67861730174036e-05,0.673443531557921,1.077951266550048,118.273384182178,129.4676747153585,25.46846106481675,129.4676747153585,7.082941348796619,0.07795126655004792
221400,127.5089498414089,2.656906602720852e-05,0.673443531557921,1.08000779368312,118.0629904591417,129.4676747153585,25.38060233744357,129.4676747153585,7.083830546744939,0.08000779368312005
222000,127.5248256715235,2.635371879587439e-05,0.673443531557921,1.081875292799891,117.8738681992537,129.4676747153585,25.30153689607046,129.4676747153585,7.084712537306859,0.08187529279989136
222600,127.5405728245664,2.614011700089918e-05,0.673443531557921,1.083549164428589,117.7063090550442,129.4676747153585,25.23141524625887,129.4676747153585,7.085587379142577,0.08354916442858884
223200,127.5561923483223,2.592824642963876e-05,0.673443531557921,1.085025292720671,117.5605704347027,129.4676747153585,25.17037086855466,129.4676747153585,7.086455130462352,0.08502529272067094
223800,127.5716852825705,2.571809297803924e-05,0.673443531557921,1.086300063549835,117.4368754667002,129.4676747153585,25.11851996440033,129.4676747153585,7.087315849031694,0.08630006354983522
224400,127.5870526591778,2.550964264937164e-05,0.673443531557921,1.087370380547998,117.3354129757316,129.4676747153585,25.07596123493896,129.4676747153585,7.088169592176545,0.08737038054799817
225000,127.6022955021921,2.530288155296859e-05,0.673443531557921,1.088233678950497,117.2563374672001,129.4676747153585,25.04277569313095,129.4676747153585,7.08901641678845,0.08823367895049672
225600,127.6174148279356,2.509779590295835e-05,0.673443531557921,1.088887937139243,117.199769117854,129.4676747153585,25.01902650954127,129.4676747153585,7.089856379329754,0.08888793713924259
226200,127.6324116450979,2.489437201699928e-05,0.673443531557921,1.089331685790498,117.1657937705893,129.4676747153585,25.00475889209071,129.4676747153585,7.090689535838773,0.08933168579049844
226800,127.6472869548296,2.469259631501387e-05,0.673443531557921,1.089564014552906,117.1544629318624,129.4676747153585,25,129.4676747153585,7.091515941934979,0.08956401455290597
227400,127.6620417508353,2.449245531792656e-05,0.673443531557921,1.089584576201461,117.1657937705893,129.4676747153585,25.00475889209071,129.4676747153585,7.092335652824182,0.08958457620146087
228000,127.6766770194667,2.429393564639611e-05,0.673443531557921,1.089393588233756,117.199769117854,129.4676747153585,25.01902650954127,129.4676747153585,7.093148723303707,0.08939358823375576
228600,127.6911937398166,2.409702401954974e-05,0.673443531557921,1.088991831895955,117.2563374672001,129.4676747153585,25.04277569313095,129.4676747153585,7.093955207767588,0.0889918318959555
229200,127.7055928838112,2.39017072537203e-05,0.673443531557921,1.088380648647178,117.3354129757316,129.4676747153585,25.07596123493896,129.4676747153585,7.094755160211736,0.08838064864717765
229800,127.7198754163043,2.370797226118015e-05,0.673443531557921,1.087561934092157,117.4368754667002,129.4676747153585,25.11851996440033,129.4676747153585,7.095548634239126,0.08756193409215718
230400,127.7340422951696,2.351580604887602e-05,0.673443531557921,1.086538129432756,117.5605704347027,129.4676747153585,25.17037086855466,129.4676747153585,7.096335683064979,0.08653812943275607
231000,127.7480944185277,2.332519643427929e-05,0.673443531557921,1.085312210059935,117.7063090550442,129.4676747153585,25.23141524625887,129.4676747153585,7.097116356584873,0.08531221005993483
231600,127.7620321803417,2.313613807348986e-05,0.673443531557921,1.083887668506585,117.8738681992537,129.4676747153585,25.30153689607046,129.4676747153585,7.097890676685648,0.08388766850658524
232200,127.7758569865051,2.29486118963041e-05,0.673443531557921,1.082268511830765,118.0629904591417,129.4676747153585,25.38060233744357,129.4676747153585,7.098658721472508,0.08226851183076511
232800,127.7895697539329,2.276260546525861e-05,0.673443531557921,1.080459231276389,118.2733841821778,129.4676747153585,25.46846106481675,129.4676747153585,7.099420541885161,0.08045923127638899
233400,127.8031713922362,2.257810644195786e-05,0.673443531557921,1.078464786842223,118.5047235213379,129.4676747153585,25.56494583410889,129.4676747153585,7.100176188457566,0.0784647868422228
234000,127.8166628037966,2.239510258607396e-05,0.673443531557921,1.076290585959673,118.7566485029031,129.4676747153585,25.66987298107781,129.4676747153585,7.100925711322033,0.07629058595967342
234600,127.8300448838396,2.221358175434659e-05,0.673443531557921,1.073942460540951,119.0287651160108,129.4676747153585,25.78304277093557,129.4676747153585,7.101669160213311,0.0739424605409511
235200,127.8433185205084,2.203353189958477e-05,0.673443531557921,1.071426642572247,119.3206454280306,129.4676747153585,25.90423977855504,129.4676747153585,7.102406584472686,0.07142664257224718
235800,127.8564845949375,2.185494106966331e-05,0.673443531557921,1.068749738434191,119.6318277300896,129.4676747153585,26.03323329854382,129.4676747153585,7.103138033052081,0.06874973843419085
236400,127.8695439813265,2.167779740652833e-05,0.673443531557921,1.06591870213748,119.9618167172698,129.4676747153585,26.16977778440511,129.4676747153585,7.103863554518139,0.0659187021374803
237000,127.8824975470139,2.15020891451934e-05,0.673443531557921,1.062940807665014,120.3100837081759,129.4676747153585,26.31361331594938,129.4676747153585,7.104583197056326,0.06294080766501353
237600,127.8953461525505,2.132780461274024e-05,0.673443531557921,1.059823620613412,120.6760669086865,129.4676747153585,26.46446609406726,129.4676747153585,7.105297008475028,0.05982362061341218
238200,127.9080906517735,2.11549322273217e-05,0.673443531557921,1.056574969326156,121.0591717247934,129.4676747153585,26.6220489619217,129.4676747153585,7.106005036209637,0.05657496932615613
238800,127.9207318918798,2.098346049715786e-05,0.673443531557921,1.053202915708214,121.4587711294561,129.4676747153585,26.7860619515673,129.4676747153585,7.106707327326656,0.05320291570821434
239400,127.9332707135001,2.081337801954049e-05,0.673443531557921,1.04971572590767,121.8742060883946,129.4676747153585,26.9561928549564,129.4676747153585,7.107403928527781,0.04971572590766971
240000,127.9457079507722,2.064467347983026e-05,0.673443531557921,1.046121841043928,122.3047860496773,129.4676747153585,27.13211781824476,129.4676747153585,7.108094886154009,0.04612184104392836
240600,127.9580444314151,2.047733565045775e-05,0.673443531557921,1.042429848154539,122.74978950185,129.4676747153585,27.31350195826588,129.4676747153585,7.108780246189727,0.04242984815453865
241200,127.9702809768025,2.031135338992328e-05,0.673443531557921,1.038648451523765,123.2084646051913,129.4676747153585,27.5,129.4676747153585,7.109460054266805,0.03864845152376462
241800,127.9824184020364,2.014671564179963e-05,0.673443531557921,1.034786444545879,123.6800299004711,129.4676747153585,27.69125693382482,129.4676747153585,7.11013435566869,0.03478644454587854
242400,127.9944575160211,1.998341143372926e-05,0.673443531557921,1.030852682265041,124.1636750993219,129.4676747153585,27.8869086912965,129.4676747153585,7.110803195334507,0.03085268226504145
243000,128.0063991215367,1.982142987642447e-05,0.673443531557921,1.026856054721533,124.6585619600305,129.4676747153585,28.08658283817455,129.4676747153585,7.111466617863148,0.02685605472153285
243600,128.0182439406623,1.966076117526398e-05,0.673443531557921,1.022805460625044,125.1638252521935,129.4676747153585,28.28989928337166,129.4676747153585,7.112124663370126,0.02280546062504363
244200,128.0299925057215,1.95013981095596e-05,0.673443531557921,1.018709781795705,125.6785738132797,129.4676747153585,28.49647100247863,129.4676747153585,7.112777361428972,0.01870978179570493
244800,128.0416458540361,1.934332660859212e-05,0.673443531557921,1.01457786511412,126.2018916996912,129.4676747153585,28.70590477448739,129.4676747153585,7.11342476966867,0.01457786511411996
245400,128.0532047566251,1.918653621389438e-05,0.673443531557921,1.01041849396012,126.7328394344286,129.4676747153585,28.91780193030948,129.4676747153585,7.114066930923618,0.0104184939601204
246000,128.0646699783229,1.903101655089557e-05,0.673443531557921,1.006240369166529,127.2704553529283,129.4676747153585,29.13175911166535,129.4676747153585,7.114703887684604,0.006240369166529369
246600,128.0760422778422,1.887675732805718e-05,0.673443531557921,1.002052089194641,127.8137570480773,129.4676747153585,29.34736903889974,129.4676747153585,7.115335682102344,0.002052089194641171
247200,128.0873224078383,1.872374833600901e-05,0.673443531557921,0.9978621316542847,128.3617429148167,129.4676747153585,29.56422128626171,129.4676747153585,7.115962355991018,-0.002137868345715277
247800,128.0985111149725,1.857197944668684e-05,0.673443531557921,0.9936788361926768,128.913393794103,129.4676747153585,29.78190306317331,129.4676747153585,7.116583950831806,-0.006321163807323171
248400,128.1096091399757,1.842144061246728e-05,0.673443531557921,0.9895103887640789,129.4676747153585,129.4676747153585,30,129.4676747153585,7.117200507776427,-0.01048961123592107
249000,128.1206172177122,1.827212186530488e-05,0.673443531557921,0.9853648072809057,130.0235367358597,129.4676747153585,30.21809693682667,129.4676747153585,7.117812067650677,-0.0146351927190943
249600,128.1315360772435,1.812401331586699e-05,0.673443531557921,0.9812499286361954,130.5799188748263,129.4676747153585,30.43577871373829,129.4676747153585,7.118418670957971,-0.01875007136380458
250200,128.1423664418917,1.79771051526717e-05,0.673443531557921,0.977173397077402,131.135750139278,129.4676747153585,30.65263096110025,129.4676747153585,7.119020357882871,-0.02282660292259797
250800,128.1531090293034,1.783138764122271e-05,0.673443531557921,0.9731426539024122,131.6899516380203,129.4676747153585,30.86824088833465,129.4676747153585,7.119617168294634,-0.02685734609758783
251400,128.1637645515133,1.768685112314699e-05,0.673443531557921,0.9691649284404051,132.2414387794205,129.4676747153585,31.08219806969051,129.4676747153585,7.120209141750738,-0.03083507155959486
252000,128.1743337150078,1.754348601532939e-05,0.673443531557921,0.9652472302728875,132.7891235479343,129.4676747153585,31.2940952255126,129.4676747153585,7.120796317500435,-0.0347527697271125
252600,128.1848172207889,1.740128280905083e-05,0.673443531557921,0.9613963426436762,133.3319168536698,129.4676747153585,31.50352899752136,129.4676747153585,7.121378734488271,-0.03860365735632376
253200,128.1952157644374,1.726023206912288e-05,0.673443531557921,0.9576188170011237,133.8687309485973,129.4676747153585,31.71010071662834,129.4676747153585,7.121956431357636,-0.04238118299887628
253800,128.2055300361775,1.712032443302349e-05,0.673443531557921,0.953920968611093,134.3984819023786,129.4676747153585,31.91341716182545,129.4676747153585,7.122529446454305,-0.04607903138890701
254400,128.2157607209392,1.698155061003632e-05,0.673443531557921,0.950308873175343,134.9200921301741,129.4676747153585,32.1130913087035,129.4676747153585,7.123097817829956,-0.04969112682465704
255000,128.2259084984232,1.68439013803831e-05,0.673443531557921,0.9467883643869144,135.4324929642063,129.4676747153585,32.30874306617517,129.4676747153585,7.123661583245735,-0.05321163561308562
255600,128.2359740431638,1.67073675943621e-05,0.673443531557921,0.9433650323518374,135.9346272603169,129.4676747153585,32.49999999999999,129.4676747153585,7.12422078017577,-0.05663496764816256
256200,128.2459579645511,1.657194098592072e-05,0.673443531557921,0.9400442223647603,136.4254520302647,129.4676747153585,32.68649804173412,129.4676747153585,7.124775442475062,-0.05995577763523974
256800,128.255860835359,1.643761378568371e-05,0.673443531557921,0.9368310350611855,136.9039410900627,129.4676747153585,32.86788218175523,129.4676747153585,7.125325601964387,-0.06316896493881452
257400,128.2656834256351,1.63043755483605e-05,0.673443531557921,0.9337303287071168,137.3690877142625,129.4676747153585,33.0438071450436,129.4676747153585,7.125871301424174,-0.06626967129288319
258000,128.2754263858916,1.617221745010113e-05,0.673443531557921,0.9307467180334028,137.8199072857628,129.4676747153585,33.21393804843269,129.4676747153585,7.126412576993977,-0.06925328196659719
258600,128.285090361583,1.604113073565486e-05,0.673443531557921,0.927884576737976,138.2554399304443,129.4676747153585,33.3779510380783,129.4676747153585,7.126949464532389,-0.07211542326202403
259200,128.2946759931659,1.591110671756723e-05,0.673443531557921,0.9251480395775271,138.6747531257292,129.4676747153585,33.53553390593273,129.4676747153585,7.127481999620329,-0.07485196042247289
259800,128.3041839161575,1.578213677538457e-05,0.673443531557921,0.9225410048210668,139.0769442720251,129.4676747153585,33.68638668405062,129.4676747153585,7.128010217564306,-0.07745899517893318
260400,128.3136147611947,1.565421235485075e-05,0.673443531557921,0.920067136998262,139.4611432159402,129.4676747153585,33.83022221559489,129.4676747153585,7.128534153399705,-0.07993286300173796
261000,128.3229691540926,1.552732496711457e-05,0.673443531557921,0.9177298698777964,139.8265147141609,129.4676747153585,33.96676670145617,129.4676747153585,7.129053841894034,-0.08227013012220363
261600,128.3322477159045,1.540146618791852e-05,0.673443531557921,0.9155324096137019,140.1722608269572,129.4676747153585,34.09576022144496,129.4676747153585,7.129569317550247,-0.08446759038629814
262200,128.3414510629794,1.527662765681242e-05,0.673443531557921,0.9134777380005202,140.4976232304265,129.4676747153585,34.21695722906443,129.4676747153585,7.130080614609964,-0.08652226199947977
262800,128.350579807022,1.51528010763468e-05,0.673443531557921,0.91156861578127,140.8018854368058,129.4676747153585,34.33012701892219,129.4676747153585,7.130587767056777,-0.08843138421872998
263400,128.3596345551513,1.502997821127394e-05,0.673443531557921,0.9098075859554461,141.0843749124743,129.4676747153585,34.4350541658911,129.4676747153585,7.131090808619518,-0.09019241404455391
264000,128.3686159099594,1.490815088775179e-05,0.673443531557921,0.9081969770376697,141.3444650836302,129.4676747153585,34.53153893518325,129.4676747153585,7.131589772775523,-0.09180302296233034
264600,128.3775244695705,1.478731099254105e-05,0.673443531557921,0.9067389062211156,141.5815772200522,129.4676747153585,34.61939766255643,129.4676747153585,7.132084692753917,-0.09326109377888436
265200,128.3863608277,1.466745047220684e-05,0.673443531557921,0.9054352824033707,141.7951821878574,129.4676747153585,34.69846310392954,129.4676747153585,7.132575601538891,-0.09456471759662932
265800,128.3951255737132,1.454856133232084e-05,0.673443531557921,0.9042878090360239,141.9848020627229,129.4676747153585,34.76858475374113,129.4676747153585,7.133062531872958,-0.0957121909639761
266400,128.4038192926844,1.443063563666158e-05,0.673443531557921,0.9032979867629065,142.150011595661,129.4676747153585,34.82962913144534,129.4676747153585,7.133545516260243,-0.09670201323709349
267000,128.4124425654555,1.431366550641314e-05,0.673443531557921,0.902467115815618,142.2904395241048,129.4676747153585,34.88148003559967,129.4676747153585,7.13402458696975,-0.097532884184382
267600,128.4209959686956,1.419764311936689e-05,0.673443531557921,0.9017962981385995,142.4057697217983,129.4676747153585,34.92403876506104,129.4676747153585,7.134499776038642,-0.09820370186140048
268200,128.4294800749591,1.408256070912387e-05,0.673443531557921,0.9012864392197504,142.4957421817434,129.4676747153585,34.95722430686905,129.4676747153585,7.134971115275503,-0.09871356078024962
268800,128.437895316186,1.396841241664703e-05,0.673443531557921,0.9009382486483279,142.5601538272801,129.4676747153585,34.98097349045873,129.4676747153585,7.135438628677,-0.09906175135167206
269400,128.446242172503,1.385519172927189e-05,0.673443531557921,0.9007522426241736,142.5988591472155,129.4676747153585,34.99524110790929,129.4676747153585,7.135902342916836,-0.09924775737582636
270000,128.4545213568358,1.374288897654111e-05,0.673443531557921,0.9007287460897859,142.6117706517954,129.4676747153585,35,129.4676747153585,7.136362297601987,-0.09927125391021407
270600,128.4627334192278,1.363149669740352e-05,0.673443531557921,0.9008678904408766,142.5988591472155,129.4676747153585,34.99524110790929,129.4676747153585,7.136818523290431,-0.09913210955912344
271200,128.470878905556,1.35210074873271e-05,0.673443531557921,0.9011696147663105,142.5601538272801,129.4676747153585,34.98097349045873,129.4676747153585,7.137271050308668,-0.09883038523368948
271800,128.4789583575817,1.341141399760914e-05,0.673443531557921,0.9016336656130802,142.4957421817434,129.4676747153585,34.95722430686905,129.4676747153585,7.137719908754538,-0.09836633438691977
272400,128.4869723130017,1.330270893467542e-05,0.673443531557921,0.9022595963914372,142.4057697217983,129.4676747153585,34.92403876506104,129.4676747153585,7.138165128500093,-0.09774040360856284
273000,128.4949213054993,1.319488505939404e-05,0.673443531557921,0.9030467664254527,142.2904395241048,129.4676747153585,34.88148003559967,129.4676747153585,7.138606739194405,-0.09695323357454733
273600,128.5028058647954,1.308793518638254e-05,0.673443531557921,0.9039943396579916,142.150011595661,129.4676747153585,34.82962913144534,129.4676747153585,7.139044770266411,-0.09600566034200841
274200,128.5106265166997,1.298185218331071e-05,0.673443531557921,0.9051012830227354,141.9848020627229,129.4676747153585,34.76858475374114,129.4676747153585,7.139479250927759,-0.0948987169772646
274800,128.5183837831615,1.28766289702105e-05,0.673443531557921,0.9063663644995635,141.7951821878574,129.4676747153585,34.69846310392954,129.4676747153585,7.139910210175641,-0.09363363550043646
275400,128.5260781823212,1.277225851878455e-05,0.673443531557921,0.9077881508733333,141.5815772200522,129.4676747153585,34.61939766255644,129.4676747153585,7.140337676795623,-0.09221184912666669
276000,128.5337102285611,1.26687338517084e-05,0.673443531557921,0.9093650052197706,141.3444650836302,129.4676747153585,34.53153893518325,129.4676747153585,7.140761679364504,-0.09063499478022941
276600,128.5412804325561,1.256604804194609e-05,0.673443531557921,0.9110950841459249,141.0843749124744,129.4676747153585,34.43505416589111,129.4676747153585,7.141182246253115,-0.08890491585407512
277200,128.5487893013258,1.246419421204621e-05,0.673443531557921,0.9129763348163447,140.8018854368058,129.4676747153585,34.3301270189222,129.4676747153585,7.141599405629211,-0.08702366518365534
277800,128.5562373382846,1.236316553345859e-05,0.673443531557921,0.915006491799814,140.4976232304265,129.4676747153585,34.21695722906443,129.4676747153585,7.142013185460256,-0.08499350820018603
278400,128.5636250432932,1.22629552258374e-05,0.673443531557921,0.9171830737752396,140.1722608269572,129.4676747153585,34.09576022144496,129.4676747153585,7.14242361351629,-0.08281692622476045
279000,128.5709529127097,1.216355655634828e-05,0.673443531557921,0.9195033801388789,139.826514714161,129.4676747153585,33.96676670145618,129.4676747153585,7.142830717372764,-0.08049661986112111
279600,128.5782214394406,1.206496283897536e-05,0.673443531557921,0.9219644875587411,139.4611432159403,129.4676747153585,33.83022221559489,129.4676747153585,7.143234524413368,-0.07803551244125895
280200,128.5854311129919,1.196716743382922e-05,0.673443531557921,0.9245632465255168,139.0769442720251,129.4676747153585,33.68638668405063,129.4676747153585,7.143635061832882,-0.0754367534744832
280800,128.59258241952,1.187016374645452e-05,0.673443531557921,0.9272962779528559,138.6747531257293,129.4676747153585,33.53553390593274,129.4676747153585,7.144032356639999,-0.07270372204714415
281400,128.5996755924172,1.177394861100851e-05,0.673443531557921,0.9301599680787611,138.2554399304443,129.4676747153585,33.3779510380783,129.4676747153585,7.144426421800954,-0.06984003192123889
282000,128.6067110888598,1.167851582613764e-05,0.673443531557921,0.9331504687650098,137.8199072857628,129.4676747153585,33.2139380484327,129.4676747153585,7.144817282714431,-0.06684953123499016
282600,128.6136895581667,1.158385658417359e-05,0.673443531557921,0.9362636943887425,137.3690877142625,129.4676747153585,33.04380714504362,129.4676747153585,7.145204975453704,-0.06373630561125754
283200,128.6206114640645,1.14899645949103e-05,0.673443531557921,0.939495316496777,136.9039410900627,129.4676747153585,32.86788218175523,129.4676747153585,7.145589525781363,-0.06050468350322302
283800,128.6274772666893,1.139683361684803e-05,0.673443531557921,0.9428407628669938,136.4254520302647,129.4676747153585,32.68649804173413,129.4676747153585,7.145970959260514,-0.05715923713300619
284400,128.6342874226256,1.130445745665639e-05,0.673443531557921,0.9462952156869411,135.9346272603169,129.4676747153585,32.50000000000001,129.4676747153585,7.146349301256976,-0.05370478431305892
285000,128.641042384947,1.121282996863187e-05,0.673443531557921,0.9498536102332974,135.4324929642063,129.4676747153585,32.30874306617517,129.4676747153585,7.146724576941502,-0.0501463897667026
285600,128.647742603256,1.112194505415715e-05,0.673443531557921,0.9535106341250763,134.9200921301741,129.4676747153585,32.1130913087035,129.4676747153585,7.147096811292002,-0.04648936587492369
286200,128.6543885237234,1.103179666116063e-05,0.673443531557921,0.9572607272243782,134.3984819023786,129.4676747153585,31.91341716182545,129.4676747153585,7.147466029095745,-0.04273927277562184
286800,128.6609805891285,1.094237878357433e-05,0.673443531557921,0.9610980822588926,133.8687309485973,129.4676747153585,31.71010071662835,129.4676747153585,7.147832254951584,-0.03890191774110741
287400,128.6675192388989,1.085368546079593e-05,0.673443531557921,0.9650166462401497,133.3319168536698,129.4676747153585,31.50352899752136,129.4676747153585,7.148195513272163,-0.03498335375985029
288000,128.6740049091505,1.07657107771459e-05,0.673443531557921,0.9690101227507661,132.7891235479343,129.4676747153585,31.29409522551261,129.4676747153585,7.148555828286137,-0.03098987724923385
288600,128.6804380327269,1.067844886132633e-05,0.673443531557921,0.9730719751723714,132.2414387794205,129.4676747153585,31.08219806969052,129.4676747153585,7.148913224040385,-0.02692802482762857
289200,128.6868190392401,1.059189388588067e-05,0.673443531557921,0.9771954309237277,131.6899516380203,129.4676747153585,30.86824088833466,129.4676747153585,7.14926772440223,-0.02280456907627226
289800,128.6931483551096,1.050604006665367e-05,0.673443531557921,0.9813734867755428,131.135750139278,129.4676747153585,30.65263096110026,129.4676747153585,7.149619353061646,-0.01862651322445719
290400,128.6994264036026,1.042088166224971e-05,0.673443531557921,0.9855989153046852,130.5799188748263,129.4676747153585,30.43577871373829,129.4676747153585,7.149968133533477,-0.01440108469531476
291000,128.7056536048736,1.033641297349448e-05,0.673443531557921,0.9898642725457979,130.0235367358597,129.4676747153585,30.21809693682669,129.4676747153585,7.150314089159646,-0.0101357274542021
291600,128.7118303760049,1.025262834288952e-05,0.673443531557921,0.9941619068928567,129.4676747153585,129.4676747153585,30.00000000000001,129.4676747153585,7.150657243111381,-0.005838093107143338
292200,128.7179571310457,1.016952215407372e-05,0.673443531557921,0.9984839692967092,128.913393794103,129.4676747153585,29.78190306317332,129.4676747153585,7.150997618391427,-0.001516030703290761
292800,128.7240342810525,1.008708883128577e-05,0.673443531557921,1.002822424797365,128.3617429148167,129.4676747153585,29.56422128626171,129.4676747153585,7.151335237836248,0.00282242479736472
293400,128.7300622341288,1.000532283881626e-05,0.673443531557921,1.007169065421547,127.8137570480773,129.4676747153585,29.34736903889975,129.4676747153585,7.151670124118265,0.007169065421547494
294000,128.7360411721322,9.92422170986373e-06,0.673443531557921,1.011515522712162,127.2704553529283,129.4676747153585,29.13175911166536,129.4676747153585,7.152002287340675,0.01151552271216194
294600,128.7419715544027,9.843779213723849e-06,0.673443531557921,1.015853287347937,126.7328394344288,129.4676747153585,28.91780193030949,129.4676747153585,7.152331753022371,0.01585328734793667
295200,128.7478538734869,9.763988669263312e-06,0.673443531557921,1.020173724335718,126.2018916996912,129.4676747153585,28.7059047744874,129.4676747153585,7.152658548527048,0.02017372433571762
295800,128.7536885190486,9.684844790897387e-06,0.673443531557921,1.024468090402885,125.6785738132797,129.4676747153585,28.49647100247864,129.4676747153585,7.152982695502702,0.02446809040288489
296400,128.7594758776337,9.606342335338809e-06,0.673443531557921,1.028727554612487,125.1638252521935,129.4676747153585,28.28989928337165,129.4676747153585,7.153304215424092,0.02872755461248677
297000,128.765216332701,9.528476101167768e-06,0.673443531557921,1.032943219527811,124.6585619600305,129.4676747153585,28.08658283817455,129.4676747153585,7.153623129594503,0.03294321952781121
297600,128.7709102646548,9.451240928404729e-06,0.673443531557921,1.037106143657938,124.1636750993219,129.4676747153585,27.88690869129651,129.4676747153585,7.153939459147491,0.03710614365793785
298200,128.7765580508759,9.374631698078132e-06,0.673443531557921,1.04120736512197,123.6800299004711,129.4676747153585,27.69125693382484,129.4676747153585,7.154253225048661,0.04120736512196954
298800,128.7821600657535,9.298643331795801e-06,0.673443531557921,1.045237926455967,123.2084646051913,129.4676747153585,27.5,129.4676747153585,7.154564448097416,0.04523792645596658
299400,128.7877166807168,9.22327079131719e-06,0.673443531557921,1.049188900472826,122.74978950185,129.4676747153585,27.31350195826588,129.4676747153585,7.154873148928711,0.04918890047282565
300000,128.7932282642668,9.148509078121378e-06,0.673443531557921,1.053051417071725,122.3047860496773,129.4676747153585,27.13211781824478,129.4676747153585,7.155179348014824,0.05305141707172534
300600,128.798695182008,9.074353232979035e-06,0.673443531557921,1.056816690880358,121.8742060883946,129.4676747153585,26.95619285495641,129.4676747153585,7.155483065667109,0.05681669088035823
301200,128.8041177966795,9.000798335522405e-06,0.673443531557921,1.060476049600358,121.4587711294561,129.4676747153585,26.7860619515673,129.4676747153585,7.155784322037753,0.0604760496003578
301800,128.8094964681877,8.927839503815847e-06,0.673443531557921,1.064020962914014,121.0591717247934,129.4676747153585,26.6220489619217,129.4676747153585,7.156083137121537,0.06402096291401405
302400,128.8148315536367,8.855471893927245e-06,0.673443531557921,1.067443071799055,120.6760669086866,129.4676747153585,26.46446609406727,129.4676747153585,7.156379530757596,0.06744307179905484
303000,128.8201234073614,8.783690699495139e-06,0.673443531557921,1.070734218087882,120.3100837081759,129.4676747153585,26.31361331594939,129.4676747153585,7.156673522631187,0.07073421808788227
303600,128.8253723809576,8.712491151305243e-06,0.673443531557921,1.073886474098485,119.9618167172698,129.4676747153585,26.16977778440511,129.4676747153585,7.156965132275421,0.07388647409848548
304200,128.8305788233149,8.641868516856164e-06,0.673443531557921,1.076892172156554,119.6318277300896,129.4676747153585,26.03323329854383,129.4676747153585,7.157254379073052,0.07689217215655431
304800,128.8357430806479,8.571818099931079e-06,0.673443531557921,1.079743933822052,119.3206454280306,129.4676747153585,25.90423977855504,129.4676747153585,7.157541282258219,0.0797439338220518
305400,128.8408654965279,8.502335240166872e-06,0.673443531557921,1.082434698628972,119.0287651160108,129.4676747153585,25.78304277093558,129.4676747153585,7.157825860918217,0.08243469862897213
306000,128.8459464119143,8.433415312628086e-06,0.673443531557921,1.084957752144416,118.7566485029031,129.4676747153585,25.66987298107781,129.4676747153585,7.15810813399524,0.08495775214441625
306600,128.8509860630566,8.365055112716959e-06,0.673443531557921,1.087306752290391,118.5047235213379,129.4676747153585,25.56494583410889,129.4676747153585,7.158388114614258,0.08730675229039142
307200,128.8559848367268,8.297249394075834e-06,0.673443531557921,1.089475757607886,118.273384182178,129.4676747153585,25.46846106481675,129.4676747153585,7.158665824262602,0.08947575760788551
307800,128.8609430888904,8.229993328221213e-06,0.673443531557921,1.091459250589502,118.0629904591417,129.4676747153585,25.38060233744357,129.4676747153585,7.158941282716133,0.09145925058950222
308400,128.8658611476527,8.163282464578287e-06,0.673443531557921,1.09325216111359,117.8738681992537,129.4676747153585,25.30153689607046,129.4676747153585,7.159214508202925,0.09325216111359014
309000,128.8707393385247,8.097112387761456e-06,0.673443531557921,1.094849888447862,117.7063090550442,129.4676747153585,25.23141524625887,129.4676747153585,7.159485518806927,0.09484988844786191
309600,128.875577984452,8.031478717186075e-06,0.673443531557921,1.096248321251844,117.5605704347027,129.4676747153585,25.17037086855466,129.4676747153585,7.159754332469555,0.0962483212518439
310200,128.8803774058426,7.966377106686764e-06,0.673443531557921,1.097443855634487,117.4368754667002,129.4676747153585,25.11851996440033,129.4676747153585,7.160020966991254,0.09744385563448721
310800,128.885137920596,7.901803244125461e-06,0.673443531557921,1.098433411124169,117.3354129757316,129.4676747153585,25.07596123493896,129.4676747153585,7.160285440033109,0.09843341112416915
311400,128.8898598441313,7.837752851008303e-06,0.673443531557921,1.099214444423402,117.2563374672001,129.4676747153585,25.04277569313095,129.4676747153585,7.160547769118403,0.09921444442340177
312000,128.894543489416,7.774221682097106e-06,0.673443531557921,1.099784960837268,117.199769117854,129.4676747153585,25.01902650954127,129.4676747153585,7.160807971634219,0.09978496083726807
312600,128.8991891669943,7.711205525023957e-06,0.673443531557921,1.100143523282734,117.1657937705893,129.4676747153585,25.00475889209071,129.4676747153585,7.161066064833016,0.1001435232827339
313200,128.9037971850158,7.648700199903828e-06,0.673443531557921,1.100289258805162,117.1544629318624,129.4676747153585,25,129.4676747153585,7.161322065834209,0.1002892588051625
313800,128.9083678492637,7.586701558947766e-06,0.673443531557921,1.100221862548607,117.1657937705893,129.4676747153585,25.00475889209071,129.4676747153585,7.161575991625761,0.1002218625486069
314400,128.9129014631836,7.525205486078335e-06,0.673443531557921,1.099941599147273,117.199769117854,129.4676747153585,25.01902650954127,129.4676747153585,7.161827859065756,0.09994159914727341
315000,128.9173983279118,7.464207896539961e-06,0.673443531557921,1.099449301526868,117.2563374672001,129.4676747153585,25.04277569313095,129.4676747153585,7.16207768488399,0.09944930152686782
315600,128.921858742304,7.403704736514953e-06,0.673443531557921,1.098746367125915,117.3354129757316,129.4676747153585,25.07596123493896,129.4676747153585,7.162325485683555,0.09874636712591456
316200,128.9262830029635,7.343691982734697e-06,0.673443531557921,1.097834751568481,117.4368754667002,129.4676747153585,25.11851996440033,129.4676747153585,7.162571277942415,0.0978347515684812
316800,128.9306714042699,7.284165642095388e-06,0.673443531557921,1.096716959840567,117.5605704347027,129.4676747153585,25.17037086855466,129.4676747153585,7.162815078014996,0.09671695984056661
317400,128.9350242384079,7.22512175126866e-06,0.673443531557921,1.095396035042716,117.7063090550442,129.4676747153585,25.23141524625887,129.4676747153585,7.163056902133771,0.09539603504271565
318000,128.939341795395,7.166556376318453e-06,0.673443531557921,1.093875544810629,117.8738681992537,129.4676747153585,25.30153689607046,129.4676747153585,7.163296766410834,0.09387554481062943
318600,128.9436243631108,7.108465612311647e-06,0.673443531557921,1.092159565513755,118.0629904591417,129.4676747153585,25.38060233744356,129.4676747153585,7.16353468683949,0.09215956551375482
319200,128.9478721322404,7.050846872705279e-06,0.673443531557921,1.090252663554637,118.273384182178,129.4676747153585,25.46846106481675,129.4676747153585,7.163770674013356,0.09025266355463701
319800,128.9520854511024,6.993695432742584e-06,0.673443531557921,1.088159877676803,118.5047235213379,129.4676747153585,25.56494583410889,129.4676747153585,7.164004747283465,0.08815987767680289
320400,128.956264608646,6.937007372979167e-06,0.673443531557921,1.085886695476199,118.7566485029031,129.4676747153585,25.6698729810778,129.4676747153585,7.164236922702555,0.0858866954761992
321000,128.9604098822846,6.880778930450333e-06,0.673443531557921,1.08343903052841,119.0287651160108,129.4676747153585,25.78304277093557,129.4676747153585,7.164467215682476,0.08343903052840984
321600,128.9645215473224,6.825006370800111e-06,0.673443531557921,1.080823197734952,119.3206454280306,129.4676747153585,25.90423977855504,129.4676747153585,7.164695641517909,0.08082319773495183
322200,128.9685998769806,6.769685987926551e-06,0.673443531557921,1.078045887319856,119.6318277300896,129.4676747153585,26.03323329854382,129.4676747153585,7.164922215387812,0.07804588731985596
322800,128.9726451424234,6.714814103632989e-06,0.673443531557921,1.075114137745935,119.9618167172698,129.4676747153585,26.16977778440511,129.4676747153585,7.165146952356854,0.07511413774593478
323400,128.9766576127836,6.66038706727278e-06,0.673443531557921,1.072035307743858,120.3100837081759,129.4676747153585,26.31361331594937,129.4676747153585,7.165369867376869,0.07203530774385802
324000,128.9806375551892,6.606401255398851e-06,0.673443531557921,1.068817047648617,120.6760669086865,129.4676747153585,26.46446609406726,129.4676747153585,7.16559097528829,0.06881704764861651
324600,128.9845852347887,6.552853071410993e-06,0.673443531557921,1.065467270237172,121.0591717247934,129.4676747153585,26.6220489619217,129.4676747153585,7.165810290821592,0.06546727023717192
325200,128.9885009147773,6.499738945203433e-06,0.673443531557921,1.06199412125861,121.4587711294561,129.4676747153585,26.7860619515673,129.4676747153585,7.166027828598741,0.06199412125861037
325800,128.9923848564233,6.447055332814103e-06,0.673443531557921,1.058405949843611,121.8742060883946,129.4676747153585,26.95619285495638,129.4676747153585,7.166243603134625,0.05840594984361092
326400,128.9962373190932,6.394798716069658e-06,0.673443531557921,1.054711278973973,122.3047860496773,129.4676747153585,27.13211781824477,129.4676747153585,7.166457628838513,0.05471127897397277
327000,129.0000585602786,6.342965602236461e-06,0.673443531557921,1.050918776185228,122.74978950185,129.4676747153585,27.31350195826588,129.4676747153585,7.166669920015476,0.05091877618522811
327600,129.0038488356213,6.291552523666439e-06,0.673443531557921,1.047037224666347,123.2084646051913,129.4676747153585,27.49999999999999,129.4676747153585,7.166880490867849,0.04703722466634663
328200,129.00760839894,6.240556037444094e-06,0.673443531557921,1.043075494910182,123.6800299004711,129.4676747153585,27.69125693382483,129.4676747153585,7.167089355496665,0.04307549491018192
328800,129.0113375022557,6.189972725037194e-06,0.673443531557921,1.03904251705707,124.1636750993219,129.4676747153585,27.8869086912965,129.4676747153585,7.167296527903095,0.03904251705707029
329400,129.0150363958181,6.139799191942074e-06,0.673443531557921,1.034947254061734,124.6585619600305,129.4676747153585,28.08658283817455,129.4676747153585,7.167502021989896,0.03494725406173438
330000,129.0187053281313,6.090032067332345e-06,0.673443531557921,1.03079867580086,125.1638252521935,129.4676747153585,28.28989928337165,129.4676747153585,7.167705851562849,0.0307986758008596
330600,129.0223445459797,6.040668003707594e-06,0.673443531557921,1.026605734225373,125.6785738132797,129.4676747153585,28.49647100247864,129.4676747153585,7.167908030332204,0.02660573422537293
331200,129.0259542911874,5.991703720850694e-06,0.673443531557921,1.022377339621948,126.2018916996912,129.4676747153585,28.70590477448739,129.4676747153585,7.168108571732636,0.02237733962194755
331800,129.0295346084351,5.943138612694554e-06,0.673443531557921,1.018122336596071,126.7328394344286,129.4676747153585,28.91780193030948,129.4676747153585,7.168307478246395,0.01812233659607054
332400,129.0330859006015,5.894967214400424e-06,0.673443531557921,1.013849487241838,127.2704553529283,129.4676747153585,29.13175911166534,129.4676747153585,7.168504772255641,0.01384948724183754
333000,129.0366084038167,5.847186322989728e-06,0.673443531557921,1.009567447072848,127.8137570480773,129.4676747153585,29.34736903889974,129.4676747153585,7.168700466878708,0.009567447072848401
333600,129.0401023524072,5.799792759947025e-06,0.673443531557921,1.005284747793123,128.3617429148167,129.4676747153585,29.56422128626171,129.4676747153585,7.168894575133736,0.005284747793123046
334200,129.0435679789178,5.752783370926124e-06,0.673443531557921,1.001009780139857,128.913393794103,129.4676747153585,29.78190306317331,129.4676747153585,7.169087109939877,0.001009780139856753
334800,129.0470055141317,5.706155025472981e-06,0.673443531557921,0.9967507781216308,129.4676747153585,129.4676747153585,29.99999999999999,129.4676747153585,7.16927808411843,-0.00324922187836918
335400,129.0504151870929,5.65990461672925e-06,0.673443531557921,0.9925158046520171,130.0235367358597,129.4676747153585,30.21809693682668,129.4676747153585,7.169467510394051,-0.007484195347982947
336000,129.0537972251259,5.614029061156601e-06,0.673443531557921,0.9883127385676868,130.5799188748263,129.4676747153585,30.43577871373829,129.4676747153585,7.169655401395886,-0.01168726143231325
336600,129.0571518538579,5.568525298243401e-06,0.673443531557921,0.9841492630101829,131.135750139278,129.4676747153585,30.65263096110025,129.4676747153585,7.169841769658774,-0.01585073698981709
337200,129.0604792972392,5.523390290221641e-06,0.673443531557921,0.9800328551413789,131.6899516380203,129.4676747153585,30.86824088833464,129.4676747153585,7.170026627624399,-0.01996714485862106
337800,129.0637797775645,5.478621021780157e-06,0.673443531557921,0.9759707771543809,132.2414387794205,129.4676747153585,31.08219806969051,129.4676747153585,7.170209987642472,-0.02402922284561915
338400,129.0670535154942,5.434214499778136e-06,0.673443531557921,0.9719700685342918,132.7891235479343,129.4676747153585,31.2940952255126,129.4676747153585,7.170391861971901,-0.0280299314657082
339000,129.0703007300753,5.390167752960338e-06,0.673443531557921,0.9680375395167264,133.3319168536698,129.4676747153585,31.50352899752136,129.4676747153585,7.17057226278196,-0.03196246048327356
339600,129.0735216387622,5.346477831670882e-06,0.673443531557921,0.9641797656864594,133.8687309485973,129.4676747153585,31.71010071662835,129.4676747153585,7.170751202153456,-0.03582023431354064
340200,129.0767164574384,5.303141807565339e-06,0.673443531557921,0.9604030836538339,134.3984819023786,129.4676747153585,31.91341716182545,129.4676747153585,7.170928692079913,-0.03959691634616613
340800,129.0798854004373,5.260156773325946e-06,0.673443531557921,0.9567135877427205,134.9200921301741,129.4676747153585,32.11309130870349,129.4676747153585,7.171104744468737,-0.04328641225727947
341400,129.0830286805629,5.217519842375964e-06,0.673443531557921,0.9531171276207583,135.4324929642063,129.4676747153585,32.30874306617516,129.4676747153585,7.171279371142384,-0.04688287237924171
342000,129.0861465091116,5.175228148594897e-06,0.673443531557921,0.9496193068003899,135.9346272603169,129.4676747153585,32.5,129.4676747153585,7.171452583839531,-0.05038069319961014
342600,129.0892390958928,5.133278846026883e-06,0.673443531557921,0.9462254819376044,136.4254520302647,129.4676747153585,32.68649804173412,129.4676747153585,7.171624394216265,-0.05377451806239564
343200,129.0923066492501,5.091669108601877e-06,0.673443531557921,0.9429407628544919,136.9039410900627,129.4676747153585,32.86788218175522,129.4676747153585,7.171794813847228,-0.05705923714550809
343800,129.0953493506934,5.050396474234447e-06,0.673443531557921,0.9397700130266637,137.3690877142625,129.4676747153585,33.04380714504359,129.4676747153585,7.171963852816301,-0.06022998697333626
344400,129.0983672442155,5.009460346186075e-06,0.673443531557921,0.9367178500311744,137.8199072857628,129.4676747153585,33.21393804843269,129.4676747153585,7.172131513567529,-0.06328214996882564
345000,129.1013606789104,4.968855989181122e-06,0.673443531557921,0.9337886505142994,138.2554399304443,129.4676747153585,33.3779510380783,129.4676747153585,7.172297815495022,-0.06621134948570062
345600,129.1043298533618,4.928580709536163e-06,0.673443531557921,0.9309865490534502,138.6747531257292,129.4676747153585,33.53553390593273,129.4676747153585,7.172462769631212,-0.06901345094654976
346200,129.1072749645766,4.888631834957379e-06,0.673443531557921,0.928315441789198,139.0769442720251,129.4676747153585,33.68638668405061,129.4676747153585,7.172626386920923,-0.071684558210802
346800,129.1101962080011,4.849006714320013e-06,0.673443531557921,0.9257789892636129,139.4611432159402,129.4676747153585,33.83022221559489,129.4676747153585,7.172788678222282,-0.07422101073638709
347400,129.1130937775368,4.80970271745008e-06,0.673443531557921,0.9233806194874783,139.8265147141609,129.4676747153585,33.96676670145617,129.4676747153585,7.172949654307603,-0.07661938051252171
348000,129.1159678655573,4.77071723490468e-06,0.673443531557921,0.9211235311739111,140.1722608269572,129.4676747153585,34.09576022144496,129.4676747153585,7.173109325864297,-0.0788764688260889
348600,129.1188186629237,4.732047677753144e-06,0.673443531557921,0.9190106970789057,140.4976232304265,129.4676747153585,34.21695722906442,129.4676747153585,7.173267703495763,-0.0809893029210943
349200,129.1216463590011,4.693691477357902e-06,0.673443531557921,0.9170448673924401,140.8018854368058,129.4676747153585,34.33012701892219,129.4676747153585,7.173424797722283,-0.08295513260755993
349800,129.1244511416747,4.65564608515507e-06,0.673443531557921,0.9152285731271143,141.0843749124743,129.4676747153585,34.4350541658911,129.4676747153585,7.173580618981926,-0.08477142687288575
350400,129.1272331973661,4.617908972434464e-06,0.673443531557921,0.9135641294546946,141.3444650836302,129.4676747153585,34.53153893518324,129.4676747153585,7.173735177631451,-0.08643587054530544
351000,129.1299927110492,4.580477630123596e-06,0.673443531557921,0.9120536389444924,141.5815772200522,129.4676747153585,34.61939766255644,129.4676747153585,7.173888483947179,-0.08794636105550757
351600,129.1327298662666,4.543349568564849e-06,0.673443531557921,0.9106989946610814,141.7951821878574,129.4676747153585,34.69846310392954,129.4676747153585,7.17404054812592,-0.0893010053389186
352200,129.1354448451455,4.506522317298049e-06,0.673443531557921,0.9095018830825206,141.9848020627229,129.4676747153585,34.76858475374113,129.4676747153585,7.174191380285858,-0.09049811691747944
352800,129.1381378284141,4.469993424840481e-06,0.673443531557921,0.9084637868039116,142.150011595661,129.4676747153585,34.82962913144534,129.4676747153585,7.17434099046745,-0.0915362131960884
353400,129.1408089954178,4.433760458468328e-06,0.673443531557921,0.9075859869948644,142.2904395241048,129.4676747153585,34.88148003559967,129.4676747153585,7.17448938863432,-0.09241401300513563
354000,129.1434585241349,4.397821003998388e-06,0.673443531557921,0.9068695655831049,142.4057697217983,129.4676747153585,34.92403876506104,129.4676747153585,7.174636584674161,-0.09313043441689506
354600,129.1460865911934,4.362172665566675e-06,0.673443531557921,0.9063154071402117,142.4957421817434,129.4676747153585,34.95722430686905,129.4676747153585,7.174782588399633,-0.09368459285978825
355200,129.1486933718865,4.326813065412693e-06,0.673443531557921,0.9059242004491496,142.5601538272801,129.4676747153585,34.98097349045872,129.4676747153585,7.174927409549252,-0.09407579955085044
355800,129.1512790401896,4.291739843654341e-06,0.673443531557921,0.9056964397369897,142.5988591472155,129.4676747153585,34.99524110790929,129.4676747153585,7.175071057788309,-0.09430356026301034
356400,129.1538437459895,4.256950967154012e-06,0.673443531557921,0.9056324254001087,142.6117706517954,129.4676747153585,35,129.4676747153585,7.175213541443859,-0.09436757459989131
357000,129.156387603241,4.222444890176007e-06,0.673443531557921,0.905732264448926,142.5988591472155,129.4676747153585,34.99524110790929,129.4676747153585,7.175354866846721,-0.09426773555107404
357600,129.1589108421848,4.188218489627218e-06,0.673443531557921,0.905995871740348,142.5601538272801,129.4676747153585,34.98097349045873,129.4676747153585,7.175495046788043,-0.09400412825965199
358200,129.1614136297218,4.154269501584906e-06,0.673443531557921,0.906422968519196,142.4957421817434,129.4676747153585,34.95722430686905,129.4676747153585,7.175634090540102,-0.09357703148080398
358800,129.1638961314125,4.120595680309407e-06,0.673443531557921,0.9070130822911538,142.4057697217983,129.4676747153585,34.92403876506104,129.4676747153585,7.175772007300697,-0.09298691770884615
359400,129.1663585114905,4.087194798058818e-06,0.673443531557921,0.907765545903799,142.2904395241048,129.4676747153585,34.88148003559967,129.4676747153585,7.175908806193918,-0.09223445409620101
360000,129.1688009328765,4.054064644900279e-06,0.673443531557921,0.9086794962795435,142.150011595661,129.4676747153585,34.82962913144534,129.4676747153585,7.176044496270915,-0.09132050372045653
360600,129.1712235571918,4.021203028524951e-06,0.673443531557921,0.9097538728132983,141.9848020627229,129.4676747153585,34.76858475374114,129.4676747153585,7.176179086510654,-0.09024612718670166
361200,129.1736265447727,3.988607774056163e-06,0.673443531557921,0.910987415451373,141.7951821878574,129.4676747153585,34.69846310392954,129.4676747153585,7.176312585820707,-0.08901258454862704
361800,129.1760100546839,3.956276723867518e-06,0.673443531557921,0.912378662471834,141.5815772200522,129.4676747153585,34.61939766255644,129.4676747153585,7.176445003037993,-0.08762133752816603
362400,129.1783742447321,3.924207737391328e-06,0.673443531557921,0.9139259479902543,141.3444650836302,129.4676747153585,34.53153893518325,129.4676747153585,7.176576346929563,-0.08607405200974572
363000,129.1807192714806,3.892398690932169e-06,0.673443531557921,0.9156273992185276,141.0843749124744,129.4676747153585,34.43505416589111,129.4676747153585,7.176706626193369,-0.08437260078147235
363600,129.1830452902622,3.860847477481855e-06,0.673443531557921,0.9174809335081078,140.8018854368058,129.4676747153585,34.3301270189222,129.4676747153585,7.176835849459012,-0.08251906649189222
364200,129.1853524551938,3.829552006526456e-06,0.673443531557921,0.9194842552127748,140.4976232304265,129.4676747153585,34.21695722906443,129.4676747153585,7.176964025288543,-0.08051574478722523
364800,129.1876409191893,3.798510203868659e-06,0.673443531557921,0.9216348524097187,140.1722608269572,129.4676747153585,34.09576022144496,129.4676747153585,7.177091162177184,-0.07836514759028135
365400,129.1899108339747,3.767720011426832e-06,0.673443531557921,0.9239299935213997,139.826514714161,129.4676747153585,33.96676670145618,129.4676747153585,7.177217268554149,-0.07607000647860029
366000,129.1921623501007,3.737179387059939e-06,0.673443531557921,0.9263667238842348,139.4611432159403,129.4676747153585,33.83022221559489,129.4676747153585,7.177342352783374,-0.0736332761157652
366600,129.1943956169571,3.706886304375132e-06,0.673443531557921,0.9289418623137248,139.0769442720251,129.4676747153585,33.68638668405063,129.4676747153585,7.177466423164282,-0.07105813768627522
367200,129.1966107827866,3.676838752538174e-06,0.673443531557921,0.9316519977190844,138.6747531257293,129.4676747153585,33.53553390593274,129.4676747153585,7.177589487932587,-0.06834800228091564
367800,129.1988079946984,3.647034736089267e-06,0.673443531557921,0.9344934858237602,138.2554399304443,129.4676747153585,33.37795103807831,129.4676747153585,7.177711555261023,-0.06550651417623976
368400,129.2009873986824,3.617472274754618e-06,0.673443531557921,0.9374624460513569,137.8199072857628,129.4676747153585,33.2139380484327,129.4676747153585,7.177832633260135,-0.06253755394864313
369000,129.2031491268639,3.588149576324611e-06,0.673443531557921,0.9405547585466654,137.3690877142625,129.4676747153585,33.04380714504362,129.4676747153585,7.177952729270217,-0.05944524145333463
369600,129.2052933087815,3.55906488367566e-06,0.673443531557921,0.943766061663509,136.9039410900627,129.4676747153585,32.86788218175523,129.4676747153585,7.17807185048786,-0.05623393833649104
370200,129.2074201064832,3.530215998712834e-06,0.673443531557921,0.9470917499897284,136.4254520302647,129.4676747153585,32.68649804173413,129.4676747153585,7.178190005915732,-0.05290825001027155
370800,129.2095296608726,3.50160101015291e-06,0.673443531557921,0.9505269721557722,135.9346272603169,129.4676747153585,32.50000000000001,129.4676747153585,7.178307203381809,-0.0494730278442278
371400,129.2116221117637,3.473218021492812e-06,0.673443531557921,0.9540666296817947,135.4324929642063,129.4676747153585,32.30874306617518,129.4676747153585,7.17842345065354,-0.04593337031820532
372000,129.2136975978941,3.445065150831681e-06,0.673443531557921,0.9577053762550478,134.9200921301741,129.4676747153585,32.1130913087035,129.4676747153585,7.178538755438562,-0.04229462374495219
372600,129.2157562569375,3.417140530697509e-06,0.673443531557921,0.961437617656979,134.3984819023786,129.4676747153585,31.91341716182545,129.4676747153585,7.178653125385419,-0.03856238234302101
373200,129.2177982255171,3.38944230787007e-06,0.673443531557921,0.9652575124144113,133.8687309485973,129.4676747153585,31.71010071662835,129.4676747153585,7.178766568084285,-0.03474248758558873
373800,129.2198236392181,3.361968643206978e-06,0.673443531557921,0.9691589732489583,133.3319168536698,129.4676747153585,31.50352899752136,129.4676747153585,7.178879091067673,-0.03084102675104172
374400,129.2218326326008,3.33471771146975e-06,0.673443531557921,0.9731356693980605,132.7891235479343,129.4676747153585,31.29409522551261,129.4676747153585,7.178990701811155,-0.02686433060193949
375000,129.2238253392137,3.307687701141617e-06,0.673443531557921,0.9771810298794453,132.2414387794205,129.4676747153585,31.08219806969052,129.4676747153585,7.179101407734096,-0.02281897012055467
375600,129.2258018916063,3.28087681426183e-06,0.673443531557921,0.9812882477686126,131.6899516380203,129.4676747153585,30.86824088833466,129.4676747153585,7.17921121620035,-0.01871175223138744
376200,129.2277624213419,3.254283266241202e-06,0.673443531557921,0.985450285555925,131.135750139278,129.4676747153585,30.65263096110026,129.4676747153585,7.179320134518997,-0.01454971444407505
376800,129.2297070590107,3.227905285694419e-06,0.673443531557921,0.9896598816460449,130.5799188748263,129.4676747153585,30.43577871373829,129.4676747153585,7.179428169945041,-0.0103401183539551
377400,129.2316359342428,3.201741114258141e-06,0.673443531557921,0.9939095580577412,130.0235367358597,129.4676747153585,30.21809693682669,129.4676747153585,7.179535329680156,-0.006090441942258829
378000,129.2335491757207,3.175789006421325e-06,0.673443531557921,0.9981916293765796,129.4676747153585,129.4676747153585,30.00000000000001,129.4676747153585,7.179641620873371,-0.00180837062342043
378600,129.2354469111928,3.150047229343898e-06,0.673443531557921,1.00249821300651,128.913393794103,129.4676747153585,29.78190306317332,129.4676747153585,7.179747050621821,0.002498213006510319
379200,129.237329267486,3.124514062687354e-06,0.673443531557921,1.006821240759019,128.3617429148167,129.4676747153585,29.56422128626171,129.4676747153585,7.179851625971444,0.006821240759018909
379800,129.2391963705187,3.099187798434571e-06,0.673443531557921,1.011152471810254,127.8137570480773,129.4676747153585,29.34736903889975,129.4676747153585,7.179955353917707,0.01115247181025447
380400,129.2410483453139,3.074066740715864e-06,0.673443531557921,1.015483507047421,127.2704553529283,129.4676747153585,29.13175911166536,129.4676747153585,7.180058241406327,0.0154835070474213
381000,129.2428853160116,3.049149205636752e-06,0.673443531557921,1.01980580481574,126.7328394344288,129.4676747153585,28.91780193030949,129.4676747153585,7.180160295333977,0.01980580481574012
381600,129.2447073460533,3.024434332646422e-06,0.673443531557921,1.024110697592416,126.2018916996912,129.4676747153585,28.7059047744874,129.4676747153585,7.180261519225185,0.02411069759241635
382200,129.2465145345381,2.999920777519947e-06,0.673443531557921,1.028389411281507,125.6785738132797,129.4676747153585,28.49647100247865,129.4676747153585,7.180361918585449,0.02838941128150685
382800,129.2483070588595,2.975606134006057e-06,0.673443531557921,1.032633085465678,125.1638252521935,129.4676747153585,28.28989928337165,129.4676747153585,7.180461503269973,0.03263308546567778
383400,129.250085037115,2.951488800176207e-06,0.673443531557921,1.036832793551371,124.6585619600305,129.4676747153585,28.08658283817455,129.4676747153585,7.180560279839725,0.03683279355137059
384000,129.251848586446,2.927567187070395e-06,0.673443531557921,1.040979565747018,124.1636750993219,129.4676747153585,27.88690869129651,129.4676747153585,7.180658254802553,0.04097956574701822
384600,129.2535978230479,2.903839718556185e-06,0.673443531557921,1.045064412800208,123.6800299004711,129.4676747153585,27.69125693382484,129.4676747153585,7.180755434613774,0.04506441280020757
385200,129.2553328621802,2.880304831202807e-06,0.673443531557921,1.04907835087764,123.2084646051913,129.4676747153585,27.5,129.4676747153585,7.180851825676677,0.04907835087764023
385800,129.2570538181758,2.856960974142453e-06,0.673443531557921,1.053012427497709,122.74978950185,129.4676747153585,27.31350195826588,129.4676747153585,7.180947434343101,0.05301242749770863
386400,129.2587608044511,2.833806608943234e-06,0.673443531557921,1.056857748411818,122.3047860496773,129.4676747153585,27.13211781824478,129.4676747153585,7.181042266913952,0.05685774841181845
387000,129.2604539335158,2.810840209470484e-06,0.673443531557921,1.060605505317212,121.8742060883946,129.4676747153585,26.95619285495641,129.4676747153585,7.181136329639767,0.06060550531721232
387600,129.2621333169827,2.788060261755447e-06,0.673443531557921,1.064247004271182,121.4587711294561,129.4676747153585,26.78606195156731,129.4676747153585,7.181229628721261,0.0642470042711818
388200,129.2637990655775,2.765465263862268e-06,0.673443531557921,1.067773694664258,121.0591717247934,129.4676747153585,26.6220489619217,129.4676747153585,7.181322170309861,0.06777369466425776
388800,129.2654512891485,2.743053725756965e-06,0.673443531557921,1.071177198598636,120.6760669086866,129.4676747153585,26.46446609406727,129.4676747153585,7.181413960508252,0.07117719859863625
389400,129.2670900966767,2.720824169170726e-06,0.673443531557921,1.074449340507708,120.3100837081759,129.4676747153585,26.31361331594939,129.4676747153585,7.181505005370929,0.07444934050770802
390000,129.2687155962854,2.698775127468309e-06,0.673443531557921,1.077582176843407,119.9618167172698,129.4676747153585,26.16977778440511,129.4676747153585,7.181595310904743,0.07758217684340685
390600,129.27032789525,2.676905145513899e-06,0.673443531557921,1.080568025650386,119.6318277300896,129.4676747153585,26.03323329854383,129.4676747153585,7.181684883069445,0.08056802565038557
391200,129.2719271000079,2.655212779541785e-06,0.673443531557921,1.083399495839801,119.3206454280306,129.4676747153585,25.90423977855504,129.4676747153585,7.181773727778218,0.08339949583980055
391800,129.2735133161684,2.633696597019082e-06,0.673443531557921,1.086069515970972,119.0287651160108,129.4676747153585,25.78304277093558,129.4676747153585,7.181861850898242,0.08606951597097168
392400,129.2750866485222,2.612355176511869e-06,0.673443531557921,1.088571362346606,118.7566485029031,129.4676747153585,25.66987298107781,129.4676747153585,7.181949258251235,0.08857136234660556
393000,129.2766472010518,2.591187107556436e-06,0.673443531557921,1.090898686226413,118.5047235213379,129.4676747153585,25.56494583410889,129.4676747153585,7.182035955613988,0.09089868622641295
393600,129.2781950769405,2.570190990523429e-06,0.673443531557921,1.093045539965371,118.273384182178,129.4676747153585,25.46846106481675,129.4676747153585,7.182121948718915,0.0930455399653709
394200,129.2797303785829,2.549365436484265e-06,0.673443531557921,1.095006401886144,118.0629904591417,129.4676747153585,25.38060233744357,129.4676747153585,7.182207243254608,0.09500640188614407
394800,129.2812532075945,2.528709067080115e-06,0.673443531557921,1.096776199700665,117.8738681992537,129.4676747153585,25.30153689607046,129.4676747153585,7.182291844866364,0.09677619970066464
395400,129.2827636648215,2.508220514384902e-06,0.673443531557921,1.09835033230346,117.7063090550442,129.4676747153585,25.23141524625887,129.4676747153585,7.182375759156752,0.09835033230346002
396000,129.2842618503506,2.48789842077656e-06,0.673443531557921,1.099724689768834,117.5605704347027,129.4676747153585,25.17037086855466,129.4676747153585,7.182458991686143,0.09972468976883397
396600,129.2857478635185,2.467741438802875e-06,0.673443531557921,1.100895671395635,117.4368754667002,129.4676747153585,25.11851996440033,129.4676747153585,7.182541547973249,0.100895671395635
397200,129.2872218029225,2.447748231045068e-06,0.673443531557921,1.101860201656791,117.3354129757316,129.4676747153585,25.07596123493896,129.4676747153585,7.182623433495694,0.1018602016567911
397800,129.2886837664297,2.427917469987904e-06,0.673443531557921,1.102615743925955,117.2563374672001,129.4676747153585,25.04277569313095,129.4676747153585,7.182704653690537,0.1026157439259552
398400,129.2901338511869,2.408247837885256e-06,0.673443531557921,1.103160311870368,117.199769117854,129.4676747153585,25.01902650954127,129.4676747153585,7.18278521395483,0.1031603118703677
399000,129.2915721536306,2.388738026629085e-06,0.673443531557921,1.103492478417239,117.1657937705893,129.4676747153585,25.00475889209071,129.4676747153585,7.182865119646146,0.1034924784172386
399600,129.2929987694966,2.369386737613297e-06,0.673443531557921,1.103611382220189,117.1544629318624,129.4676747153585,25,129.4676747153585,7.182944376083144,0.1036113822201892
400200,129.29441379383,2.350192681601016e-06,0.673443531557921,1.1035167315726,117.1657937705893,129.4676747153585,25.00475889209071,129.4676747153585,7.183022988546109,0.1035167315725998
400800,129.2958173209948,2.331154578593271e-06,0.673443531557921,1.103208805735592,117.199769117854,129.4676747153585,25.01902650954127,129.4676747153585,7.183100962277489,0.1032088057355915
401400,129.2972094446841,2.312271157695704e-06,0.673443531557921,1.10268845366974,117.2563374672001,129.4676747153585,25.04277569313095,129.4676747153585,7.183178302482448,0.1026884536697399
402000,129.2985902579294,2.293541156982712e-06,0.673443531557921,1.101957090181053,117.3354129757316,129.4676747153585,25.07596123493896,129.4676747153585,7.183255014329409,0.1019570901810529
402600,129.2999598531109,2.274963323366421e-06,0.673443531557921,1.101016689513121,117.4368754667002,129.4676747153585,25.11851996440033,129.4676747153585,7.183331102950604,0.1010166895131208
403200,129.301318321967,2.256536412464243e-06,0.673443531557921,1.099869776438228,117.5605704347027,129.4676747153585,25.17037086855466,129.4676747153585,7.18340657344261,0.09986977643822792
403800,129.3026657556042,2.238259188465577e-06,0.673443531557921,1.098519414920546,117.7063090550442,129.4676747153585,25.23141524625887,129.4676747153585,7.183481430866897,0.09851941492054639
404400,129.3040022445069,2.220130423995386e-06,0.673443531557921,1.096969194443773,117.8738681992537,129.4676747153585,25.30153689607046,129.4676747153585,7.183555680250383,0.09696919444377339
405000,129.3053278785474,2.202148899984593e-06,0.673443531557921,1.095223214113794,118.0629904591417,129.4676747153585,25.38060233744356,129.4676747153585,7.183629326585969,0.09522321411379431
405600,129.3066427469956,2.184313405536216e-06,0.673443531557921,1.093286064663737,118.273384182178,129.4676747153585,25.46846106481675,129.4676747153585,7.183702374833087,0.09328606466373657
406200,129.3079469385284,2.166622737791499e-06,0.673443531557921,1.091162808503961,118.5047235213379,129.4676747153585,25.56494583410889,129.4676747153585,7.183774829918246,0.09116280850396086
406800,129.3092404843722,2.149076473183129e-06,0.673443531557921,1.088858957494166,118.7566485029031,129.4676747153585,25.6698729810778,129.4676747153585,7.183846693576235,0.08885895749416606
407400,129.3105234975845,2.13167307814615e-06,0.673443531557921,1.086380450738547,119.0287651160108,129.4676747153585,25.78304277093557,129.4676747153585,7.183917972088027,0.08638045073854705
408000,129.3117960859736,2.114411090317105e-06,0.673443531557921,1.083733629013675,119.3206454280306,129.4676747153585,25.90423977855504,129.4676747153585,7.183988671442975,0.0837336290136752
408600,129.31305833527,2.09728934680669e-06,0.673443531557921,1.080925208524133,119.6318277300894,129.4676747153585,26.03323329854382,129.4676747153585,7.184058796403887,0.08092520852413276
409200,129.3143103306363,2.080306692429872e-06,0.673443531557921,1.077962253901246,119.9618167172698,129.4676747153585,26.1697777844051,129.4676747153585,7.184128351702016,0.07796225390124589
409800,129.3155521566764,2.063461979579983e-06,0.673443531557921,1.07485215013518,120.3100837081759,129.4676747153585,26.31361331594937,129.4676747153585,7.184197342037576,0.07485215013518043
410400,129.3167838974448,2.046754068101677e-06,0.673443531557921,1.071602573816866,120.6760669086865,129.4676747153585,26.46446609406726,129.4676747153585,7.184265772080266,0.07160257381686597
411000,129.3180056364562,2.03018182516189e-06,0.673443531557921,1.068221463884107,121.0591717247934,129.4676747153585,26.6220489619217,129.4676747153585,7.184333646469791,0.06822146388410655
411600,129.3192174566951,2.013744125121946e-06,0.673443531557921,1.064716992063595,121.4587711294561,129.4676747153585,26.7860619515673,129.4676747153585,7.184400969816393,0.06471699206359505
412200,129.3204194406246,1.997439849411364e-06,0.673443531557921,1.061097533196067,121.8742060883946,129.4676747153585,26.95619285495638,129.4676747153585,7.184467746701364,0.06109753319606681
412800,129.3216116701964,1.981267886398825e-06,0.673443531557921,1.057371635625682,122.3047860496773,129.4676747153585,27.13211781824477,129.4676747153585,7.184533981677577,0.05737163562568215
413400,129.32279422686,1.965227131265124e-06,0.673443531557921,1.053547991826992,122.74978950185,129.4676747153585,27.31350195826587,129.4676747153585,7.184599679270002,0.05354799182699166
414000,129.3239671915722,1.949316485875272e-06,0.673443531557921,1.049635409433738,123.2084646051913,129.4676747153585,27.49999999999999,129.4676747153585,7.184664843976234,0.04963540943373834
414600,129.3251306448063,1.933534858651455e-06,0.673443531557921,1.045642782823371,123.6800299004711,129.4676747153585,27.69125693382482,129.4676747153585,7.184729480267014,0.04564278282337053
415200,129.3262846665617,1.917881164442577e-06,0.673443531557921,1.041579065399845,124.1636750993219,129.4676747153585,27.8869086912965,129.4676747153585,7.184793592586759,0.04157906539984468
415800,129.3274293363733,1.902354324400335e-06,0.673443531557921,1.03745324270498,124.6585619600305,129.4676747153585,28.08658283817454,129.4676747153585,7.184857185354072,0.03745324270497985
416400,129.3285647333208,1.886953265850764e-06,0.673443531557921,1.033274306475819,125.1638252521935,129.4676747153585,28.28989928337165,129.4676747153585,7.184920262962269,0.03327430647581875
417000,129.3296909360385,1.871676922162351e-06,0.673443531557921,1.029051229752044,125.6785738132797,129.4676747153585,28.49647100247864,129.4676747153585,7.184982829779916,0.02905122975204399
417600,129.3308080227239,1.856524232624963e-06,0.673443531557921,1.02479294312385,126.2018916996912,129.4676747153585,28.70590477448739,129.4676747153585,7.18504489015133,0.02479294312385005
418200,129.3319160711482,1.841494142316265e-06,0.673443531557921,1.02050831219689,126.7328394344286,129.4676747153585,28.91780193030948,129.4676747153585,7.185106448397121,0.02050831219688964
418800,129.3330151586646,1.826585601978366e-06,0.673443531557921,1.016206116337187,127.2704553529283,129.4676747153585,29.13175911166534,129.4676747153585,7.185167508814702,0.01620611633718716
419400,129.3341053622188,1.811797567886515e-06,0.673443531557921,1.011895028745376,127.8137570480773,129.4676747153585,29.34736903889974,129.4676747153585,7.18522807567882,0.01189502874537629
420000,129.3351867583573,1.797129001724045e-06,0.673443531557921,1.00758359789635,128.3617429148167,129.4676747153585,29.56422128626171,129.4676747153585,7.185288153242074,0.007583597896349659
420600,129.3362594232379,1.782578870455325e-06,0.673443531557921,1.003280230367764,128.913393794103,129.4676747153585,29.78190306317331,129.4676747153585,7.185347745735437,0.003280230367763703
421200,129.3373234326382,1.768146146192464e-06,0.673443531557921,0.9989931750685505,129.4676747153585,129.4676747153585,29.99999999999999,129.4676747153585,7.185406857368791,-0.001006824931449546
421800,129.3383788619658,1.753829806075373e-06,0.673443531557921,0.9947305088671309,130.0235367358597,129.4676747153585,30.21809693682668,129.4676747153585,7.185465492331435,-0.00526949113286912
422400,129.3394257862671,1.739628832137896e-06,0.673443531557921,0.9905001236082223,130.5799188748263,129.4676747153585,30.43577871373828,129.4676747153585,7.185523654792615,-0.00949987639177774
423000,129.3404642802368,1.725542211184461e-06,0.673443531557921,0.9863097144971191,131.135750139278,129.4676747153585,30.65263096110025,129.4676747153585,7.185581348902046,-0.01369028550288087
423600,129.3414944182279,1.71156893465934e-06,0.673443531557921,0.9821667698212257,131.6899516380203,129.4676747153585,30.86824088833464,129.4676747153585,7.185638578790436,-0.01783323017877425
424200,129.3425162742602,1.697707998518467e-06,0.673443531557921,0.978078561970309,132.2414387794205,129.4676747153585,31.08219806969051,129.4676747153585,7.185695348570014,-0.02192143802969104
424800,129.3435299220306,1.683958403106942e-06,0.673443531557921,0.9740521397096211,132.7891235479343,129.4676747153585,31.2940952255126,129.4676747153585,7.185751662335035,-0.02594786029037888
425400,129.3445354349219,1.670319153024593e-06,0.673443531557921,0.9700943216535013,133.3319168536698,129.4676747153585,31.50352899752135,129.4676747153585,7.185807524162325,-0.02990567834649871
426000,129.3455328860123,1.656789257002913e-06,0.673443531557921,0.9662116908815558,133.8687309485973,129.4676747153585,31.71010071662833,129.4676747153585,7.185862938111792,-0.03378830911844422
426600,129.3465223480852,1.643367727774319e-06,0.673443531557921,0.9624105906347735,134.3984819023786,129.4676747153585,31.91341716182545,129.4676747153585,7.185917908226953,-0.03758940936522648
427200,129.3475038936381,1.630053581947664e-06,0.673443531557921,0.9586971210250923,134.9200921301741,129.4676747153585,32.11309130870349,129.4676747153585,7.185972438535452,-0.0413028789749077
427800,129.3484775948926,1.616845839877783e-06,0.673443531557921,0.9550771366888913,135.4324929642063,129.4676747153585,32.30874306617516,129.4676747153585,7.186026533049589,-0.04492286331110873
428400,129.3494435238031,1.603743525539301e-06,0.673443531557921,0.9515562453126599,135.9346272603169,129.4676747153585,32.5,129.4676747153585,7.186080195766841,-0.04844375468734008
429000,129.3504016101823,1.590747590986723e-06,0.673443531557921,0.9481398059174995,136.4254520302647,129.4676747153585,32.68649804173412,129.4676747153585,7.186133422787908,-0.05186019408250053
429600,129.3513509701023,1.577870026233086e-06,0.673443531557921,0.9448329240208518,136.9039410900627,129.4676747153585,32.86788218175522,129.4676747153585,7.186186165005686,-0.05516707597914816
430200,129.3522926303996,1.565096902785967e-06,0.673443531557921,0.9416404722688526,137.3690877142625,129.4676747153585,33.04380714504359,129.4676747153585,7.186238479466646,-0.05835952773114739
430800,129.3532266537849,1.552427370007479e-06,0.673443531557921,0.9385670706161292,137.8199072857628,129.4676747153585,33.21393804843269,129.4676747153585,7.186290369654718,-0.06143292938387079
431400,129.3541531024825,1.539860583858115e-06,0.673443531557921,0.9356170951939392,138.2554399304443,129.4676747153585,33.37795103807829,129.4676747153585,7.186341839026805,-0.06438290480606079
432000,129.3550720382351,1.527395706829395e-06,0.673443531557921,0.9327946805209424,138.6747531257292,129.4676747153585,33.53553390593273,129.4676747153585,7.186392891013063,-0.06720531947905761
432600,129.3559835223104,1.51503190786002e-06,0.673443531557921,0.9301037220755932,139.0769442720251,129.4676747153585,33.68638668405061,129.4676747153585,7.186443529017243,-0.06989627792440678
433200,129.3568876155056,1.50276836226567e-06,0.673443531557921,0.9275478791623752,139.4611432159402,129.4676747153585,33.83022221559489,129.4676747153585,7.186493756416978,-0.07245212083762476
433800,129.357784378154,1.490604251657715e-06,0.673443531557921,0.9251305780065574,139.8265147141609,129.4676747153585,33.96676670145617,129.4676747153585,7.186543576564113,-0.0748694219934426
434400,129.3586738701299,1.478538763874724e-06,0.673443531557921,0.9228550150148699,140.1722608269572,129.4676747153585,34.09576022144496,129.4676747153585,7.186592992784993,-0.07714498498513012
435000,129.3595561508544,1.466571092898334e-06,0.673443531557921,0.9207241601425182,140.4976232304265,129.4676747153585,34.21695722906442,129.4676747153585,7.186642008380801,-0.07927583985748177
435600,129.3604312793012,1.454700438783902e-06,0.673443531557921,0.9187407603100619,140.8018854368058,129.4676747153585,34.33012701892219,129.4676747153585,7.186690626627843,-0.08125923968993809
436200,129.3612993140017,1.442926007582344e-06,0.673443531557921,0.9169073428170528,141.0843749124743,129.4676747153585,34.4350541658911,129.4676747153585,7.18673885077787,-0.08309265718294723
436800,129.3621603130511,1.431247011262826e-06,0.673443531557921,0.915226218702731,141.3444650836302,129.4676747153585,34.53153893518324,129.4676747153585,7.186786684058394,-0.08477378129726898
437400,129.3630143341137,1.41966266764058e-06,0.673443531557921,0.9136994860076474,141.5815772200522,129.4676747153585,34.61939766255644,129.4676747153585,7.186834129672984,-0.08630051399235261
438000,129.3638614344287,1.408172200296462e-06,0.673443531557921,0.9123290328936632,141.7951821878574,129.4676747153585,34.69846310392954,129.4676747153585,7.186881190801594,-0.08767096710633682
438600,129.3647016708154,1.39677483850619e-06,0.673443531557921,0.9111165405834594,141.9848020627229,129.4676747153585,34.76858475374113,129.4676747153585,7.186927870600853,-0.08888345941654063
439200,129.3655350996791,1.385469817160185e-06,0.673443531557921,0.9100634860843579,142.150011595661,129.4676747153585,34.82962913144534,129.4676747153585,7.186974172204397,-0.08993651391564206
439800,129.366361777017,1.374256376689686e-06,0.673443531557921,0.9091711446650044,142.2904395241048,129.4676747153585,34.88148003559967,129.4676747153585,7.187020098723165,-0.09082885533499563
440400,129.3671817584228,1.363133762992845e-06,0.673443531557921,0.908440592057137,142.4057697217983,129.4676747153585,34.92403876506104,129.4676747153585,7.187065653245709,-0.09155940794286299
441000,129.3679950990933,1.352101227353444e-06,0.673443531557921,0.9078727063584363,142.4957421817434,129.4676747153585,34.95722430686905,129.4676747153585,7.187110838838519,-0.09212729364156369
441600,129.3688018538338,1.341158026370692e-06,0.673443531557921,0.9074681696161153,142.5601538272801,129.4676747153585,34.98097349045872,129.4676747153585,7.18715565854632,-0.09253183038388468
442200,129.3696020770628,1.330303421882206e-06,0.673443531557921,0.9072274690746636,142.5988591472155,129.4676747153585,34.99524110790929,129.4676747153585,7.187200115392376,-0.09277253092533644
442800,129.370395822819,1.319536680883573e-06,0.673443531557921,0.907150898074838,142.6117706517954,129.4676747153585,35,129.4676747153585,7.187244212378832,-0.09284910192516205
443400,129.3711831447657,1.308857075459855e-06,0.673443531557921,0.9072385565946647,142.5988591472155,129.4676747153585,34.99524110790929,129.4676747153585,7.187287952486985,-0.09276144340533532
444000,129.3719640961971,1.298263882704873e-06,0.673443531557921,0.9074903514269399,142.5601538272801,129.4676747153585,34.98097349045873,129.4676747153585,7.187331338677615,-0.0925096485730601
444600,129.3727387300434,1.287756384645888e-06,0.673443531557921,0.9079059959913577,142.4957421817434,129.4676747153585,34.95722430686905,129.4676747153585,7.187374373891302,-0.09209400400864232
445200,129.373507098877,1.277333868169137e-06,0.673443531557921,0.9084850097830944,142.4057697217983,129.4676747153585,34.92403876506104,129.4676747153585,7.187417061048723,-0.09151499021690557
445800,129.3742692549174,1.266995624943377e-06,0.673443531557921,0.9092267174633373,142.2904395241048,129.4676747153585,34.88148003559967,129.4676747153585,7.187459403050964,-0.09077328253666272
446400,129.3750252500371,1.256740951343716e-06,0.673443531557921,0.9101302476009522,142.150011595661,129.4676747153585,34.82962913144534,129.4676747153585,7.187501402779841,-0.08986975239904782
447000,129.3757751357676,1.24656914837658e-06,0.673443531557921,0.9111945310781557,141.9848020627229,129.4676747153585,34.76858475374114,129.4676747153585,7.187543063098199,-0.08880546892184427
447600,129.376518963304,1.236479521603826e-06,0.673443531557921,0.9124182991767628,141.7951821878574,129.4676747153585,34.69846310392954,129.4676747153585,7.187584386850223,-0.08758170082323724
448200,129.3772567835117,1.226471381065437e-06,0.673443531557921,0.9138000813653038,141.5815772200522,129.4676747153585,34.61939766255644,129.4676747153585,7.187625376861762,-0.08619991863469623
448800,129.3779886469312,1.216544041206191e-06,0.673443531557921,0.9153382028109927,141.3444650836302,129.4676747153585,34.53153893518325,129.4676747153585,7.187666035940621,-0.08466179718900735
449400,129.3787146037839,1.206696820798072e-06,0.673443531557921,0.9170307816443002,141.0843749124744,129.4676747153585,34.43505416589111,129.4676747153585,7.187706366876883,-0.08296921835569981
450000,129.379434703978,1.196929042863246e-06,0.673443531557921,0.9188757260075588,140.8018854368058,129.4676747153585,34.3301270189222,129.4676747153585,7.187746372443224,-0.08112427399244115
450600,129.3801489971136,1.18724003460386e-06,0.673443531557921,0.9208707309227613,140.4976232304265,129.4676747153585,34.21695722906443,129.4676747153585,7.1877860553952,-0.07912926907723872
451200,129.3808575324887,1.177629127317346e-06,0.673443531557921,0.9230132750174406,140.1722608269572,129.4676747153585,34.09576022144496,129.4676747153585,7.187825418471594,-0.07698672498255943
451800,129.3815602098948,1.168097680279345e-06,0.673443531557921,0.925300616084022,139.826514714161,129.4676747153585,33.96676670145618,129.4676747153585,7.187864456105264,-0.07469938391597797
452400,129.3822570711255,1.158645126580495e-06,0.673443531557921,0.9277297897292529,139.4611432159403,129.4676747153585,33.83022221559489,129.4676747153585,7.187903170618085,-0.07227021027074709
453000,129.382948287625,1.149269140674107e-06,0.673443531557921,0.9302976058674449,139.0769442720251,129.4676747153585,33.68638668405063,129.4676747153585,7.18794157153472,-0.06970239413255508
453600,129.3836339057147,1.139969094232072e-06,0.673443531557921,0.9330006435159047,138.6747531257293,129.4676747153585,33.53553390593274,129.4676747153585,7.187979661428593,-0.06699935648409527
454200,129.3843139713873,1.130744363389056e-06,0.673443531557921,0.9358352484103331,138.2554399304443,129.4676747153585,33.37795103807831,129.4676747153585,7.188017442854847,-0.06416475158966695
454800,129.384988530311,1.121594328678555e-06,0.673443531557921,0.9387975298955732,137.8199072857628,129.4676747153585,33.2139380484327,129.4676747153585,7.188054918350613,-0.06120247010442681
455400,129.3856576278353,1.112518374960985e-06,0.673443531557921,0.9418833580446182,137.3690877142625,129.4676747153585,33.04380714504362,129.4676747153585,7.188092090435295,-0.0581166419553818
456000,129.3863213089948,1.103515891365134e-06,0.673443531557921,0.9450883610711952,136.9039410900627,129.4676747153585,32.86788218175523,129.4676747153585,7.188128961610821,-0.0549116389288048
456600,129.3869796185147,1.094586271215974e-06,0.673443531557921,0.9484079231037577,136.4254520302647,129.4676747153585,32.68649804173413,129.4676747153585,7.188165534361927,-0.05159207689624234
457200,129.3876326008156,1.085728911972126e-06,0.673443531557921,0.9518371823908877,135.9346272603169,129.4676747153585,32.50000000000001,129.4676747153585,7.188201811156424,-0.04816281760911234
457800,129.3882803000184,1.076943215159076e-06,0.673443531557921,0.9553710300098704,135.4324929642063,129.4676747153585,32.30874306617518,129.4676747153585,7.188237794445464,-0.04462896999012955
458400,129.3889227599488,1.068228586301245e-06,0.673443531557921,0.9590041091515952,134.9200921301741,129.4676747153585,32.1130913087035,129.4676747153585,7.188273486663821,-0.04099589084840483
459000,129.3895600241427,1.059584434858891e-06,0.673443531557921,0.9627308150558259,134.3984819023786,129.4676747153585,31.91341716182546,129.4676747153585,7.188308890230148,-0.03726918494417408
459600,129.3901921358507,1.051010174159614e-06,0.673443531557921,0.9665452956712778,133.8687309485973,129.4676747153585,31.71010071662835,129.4676747153585,7.188344007547261,-0.03345470432872222
460200,129.3908191380432,1.042505221333556e-06,0.673443531557921,0.9704414531146964,133.3319168536698,129.4676747153585,31.50352899752136,129.4676747153585,7.1883788410024,-0.02955854688530357
460800,129.3914410734151,1.034068997247175e-06,0.673443531557921,0.9744129460023684,132.7891235479343,129.4676747153585,31.29409522551261,129.4676747153585,7.188413392967506,-0.02558705399763161
461400,129.3920579843907,1.025700926436173e-06,0.673443531557921,0.9784531927259008,132.2414387794205,129.4676747153585,31.08219806969052,129.4676747153585,7.188447665799485,-0.02154680727409919
462000,129.3926699131287,1.017400437042397e-06,0.673443531557921,0.9825553757419073,131.6899516380203,129.4676747153585,30.86824088833466,129.4676747153585,7.188481661840481,-0.01744462425809268
462600,129.3932769015268,1.009166960742505e-06,0.673443531557921,0.9867124469421911,131.135750139278,129.4676747153585,30.65263096110026,129.4676747153585,7.188515383418154,-0.01328755305780893
463200,129.3938789912269,1.000999932688274e-06,0.673443531557921,0.9909171341671887,130.5799188748263,129.4676747153585,30.4357787137383,129.4676747153585,7.188548832845937,-0.00908286583281126
463800,129.3944762236197,9.928987914355503e-07,0.673443531557921,0.9951619489206948,130.0235367358597,129.4676747153585,30.21809693682669,129.4676747153585,7.188582012423317,-0.004838051079305239
464400,129.3950686398499,9.848629788797325e-07,0.673443531557921,0.9994391953383871,129.4676747153585,129.4676747153585,30.00000000000001,129.4676747153585,7.188614924436106,-0.0005608046616129014
465000,129.3956562808205,9.76891940192104e-07,0.673443531557921,1.003740980456133,128.913393794103,129.4676747153585,29.78190306317332,129.4676747153585,7.188647571156697,0.003740980456133247
465600,129.3962391871984,9.689851237484958e-07,0.673443531557921,1.008059225816746,128.3617429148167,129.4676747153585,29.56422128626172,129.4676747153585,7.188679954844356,0.008059225816746451
466200,129.3968173994186,9.611419810690335e-07,0.673443531557921,1.012385680445539,127.8137570480773,129.4676747153585,29.34736903889975,129.4676747153585,7.188712077745478,0.01238568044553934
466800,129.3973909576895,9.533619667479343e-07,0.673443531557921,1.016711935215939,127.2704553529283,129.4676747153585,29.13175911166536,129.4676747153585,7.188743942093863,0.01671193521593928
467400,129.3979599019977,9.4564453838899e-07,0.673443531557921,1.021029438616404,126.7328394344288,129.4676747153585,28.91780193030949,129.4676747153585,7.188775550110983,0.02102943861640427
468000,129.3985242721126,9.379891565410503e-07,0.673443531557921,1.025329513919078,126.2018916996912,129.4676747153585,28.7059047744874,129.4676747153585,7.188806904006253,0.02532951391907834
468600,129.3990841075916,9.303952846275365e-07,0.673443531557921,1.029603377739148,125.6785738132797,129.4676747153585,28.49647100247865,129.4676747153585,7.188838005977309,0.02960337773914801
469200,129.3996394477848,9.22862388886756e-07,0.673443531557921,1.033842159961606,125.1638252521935,129.4676747153585,28.28989928337167,129.4676747153585,7.188868858210264,0.03384215996160589
469800,129.40019033184,9.153899382985742e-07,0.673443531557921,1.038036924999422,124.6585619600305,129.4676747153585,28.08658283817455,129.4676747153585,7.188899462879998,0.03803692499942213
470400,129.4007367987074,9.079774045238764e-07,0.673443531557921,1.04217869433388,124.1636750993219,129.4676747153585,27.88690869129651,129.4676747153585,7.188929822150413,0.04217869433388044
471000,129.4012788871447,9.006242618377769e-07,0.673443531557921,1.046258470274285,123.6800299004711,129.4676747153585,27.69125693382484,129.4676747153585,7.188959938174703,0.04625847027428454
471600,129.4018166357215,8.933299870602696e-07,0.673443531557921,1.050267260860495,123.2084646051913,129.4676747153585,27.5,129.4676747153585,7.188989813095639,0.05026726086049504
472200,129.4023500828248,8.860940594939848e-07,0.673443531557921,1.054196105817962,122.74978950185,129.4676747153585,27.31350195826588,129.4676747153585,7.189019449045824,0.05419610581796208
472800,129.4028792666635,8.789159608551245e-07,0.673443531557921,1.058036103461259,122.3047860496773,129.4676747153585,27.13211781824478,129.4676747153585,7.189048848147975,0.05803610346125931
473400,129.4034042252733,8.717951752100817e-07,0.673443531557921,1.061778438428701,121.8742060883946,129.4676747153585,26.95619285495641,129.4676747153585,7.189078012515186,0.06177843842870145
474000,129.4039249965216,8.647311889077969e-07,0.673443531557921,1.065414410117794,121.4587711294561,129.4676747153585,26.78606195156731,129.4676747153585,7.189106944251198,0.06541441011779403
474600,129.4044410656096,8.577309849195558e-07,0.673443531557921,1.068935457115035,121.0591717247934,129.4676747153585,26.6220489619217,129.4676747153585,7.189135614756089,0.06893545711503535
475200,129.4049529238734,8.507878985329853e-07,0.673443531557921,1.072333199438723,120.6760669086866,129.4676747153585,26.46446609406727,129.4676747153585,7.1891640513263,0.07233319943872329
475800,129.4054606388426,8.439010137448122e-07,0.673443531557921,1.075599456424022,120.3100837081759,129.4676747153585,26.31361331594939,129.4676747153585,7.189192257713476,0.07559945642402188
476400,129.4059642440739,8.370698753751072e-07,0.673443531557921,1.078726279621643,119.9618167172698,129.4676747153585,26.16977778440511,129.4676747153585,7.189220235781881,0.07872627962164302
477000,129.4064637728725,8.302940316565355e-07,0.673443531557921,1.081705982665718,119.6318277300896,129.4676747153585,26.03323329854383,129.4676747153585,7.189247987381806,0.08170598266571827
477600,129.406959258296,8.235730341820613e-07,0.673443531557921,1.084531170562173,119.3206454280306,129.4676747153585,25.90423977855505,129.4676747153585,7.189275514349776,0.08453117056217274
478200,129.4074507331573,8.169064378594726e-07,0.673443531557921,1.087194768483323,119.0287651160108,129.4676747153585,25.78304277093558,129.4676747153585,7.189302818508738,0.08719476848332341
478800,129.4079382300285,8.102938008676119e-07,0.673443531557921,1.08969004987426,118.7566485029031,129.4676747153585,25.66987298107781,129.4676747153585,7.189329901668248,0.08969004987425988
479400,129.4084217812445,8.037346845995331e-07,0.673443531557921,1.092010663675723,118.5047235213381,129.4676747153585,25.5649458341089,129.4676747153585,7.189356765624693,0.09201066367572253
480000,129.4089014189062,7.972286536238471e-07,0.673443531557921,1.094150660469612,118.273384182178,129.4676747153585,25.46846106481675,129.4676747153585,7.189383412161454,0.09415066046961185
480600,129.409377174884,7.907752756341324e-07,0.673443531557921,1.096104517356512,118.0629904591417,129.4676747153585,25.38060233744357,129.4676747153585,7.189409843049114,0.09610451735651204
481200,129.4098490808219,7.843741213991961e-07,0.673443531557921,1.097867161380229,117.8738681992537,129.4676747153585,25.30153689607046,129.4676747153585,7.189436060045661,0.09786716138022866
481800,129.4103171681403,7.78024764716747e-07,0.673443531557921,1.099433991321763,117.7063090550442,129.4676747153585,25.23141524625887,129.4676747153585,7.189462064896682,0.09943399132176345
482400,129.4107814680396,7.717267823684892e-07,0.673443531557921,1.100800897694852,117.5605704347027,129.4676747153585,25.17037086855466,129.4676747153585,7.189487859335532,0.1008008976948518
483000,129.4112420115042,7.654797540683944e-07,0.673443531557921,1.10196428078674,117.4368754667002,129.4676747153585,25.11851996440033,129.4676747153585,7.189513445083566,0.1019642807867396
483600,129.4116988293055,7.5928326241808e-07,0.673443531557921,1.102921066601365,117.3354129757316,129.4676747153585,25.07596123493896,129.4676747153585,7.189538823850309,0.1029210666013651
484200,129.4121519520058,7.531368928576398e-07,0.673443531557921,1.103668720577309,117.2563374672001,129.4676747153585,25.04277569313095,129.4676747153585,7.189563997333658,0.1036687205773086
484800,129.4126014099616,7.470402336167581e-07,0.673443531557921,1.104205258969637,117.199769117854,129.4676747153585,25.01902650954127,129.4676747153585,7.189588967220089,0.1042052589696365
485400,129.4130472333269,7.409928756720774e-07,0.673443531557921,1.104529257802987,117.1657937705893,129.4676747153585,25.00475889209071,129.4676747153585,7.189613735184825,0.1045292578029875
486000,129.413489452057,7.349944126951868e-07,0.673443531557921,1.104639859322512,117.1544629318624,129.4676747153585,25,129.4676747153585,7.189638302892053,0.1046398593225122
486600,129.4139280959121,7.290444410048735e-07,0.673443531557921,1.104536775889597,117.1657937705893,129.4676747153585,25.00475889209071,129.4676747153585,7.189662671995115,0.1045367758895968
487200,129.4143631944606,7.231425595216478e-07,0.673443531557921,1.104220291290197,117.199769117854,129.4676747153585,25.01902650954127,129.4676747153585,7.1896868441367,0.1042202912901968
487800,129.4147947770826,7.172883697208476e-07,0.673443531557921,1.103691259445005,117.2563374672001,129.4676747153585,25.04277569313095,129.4676747153585,7.189710820949033,0.103691259445005
488400,129.4152228729735,7.114814755809107e-07,0.673443531557921,1.102951100532116,117.3354129757316,129.4676747153585,25.07596123493896,129.4676747153585,7.189734604054085,0.1029511005321162
489000,129.4156475111476,7.057214835398895e-07,0.673443531557921,1.10200179455425,117.4368754667002,129.4676747153585,25.11851996440033,129.4676747153585,7.189758195063756,0.1020017945542502
489600,129.4160687204412,7.000080024474187e-07,0.673443531557921,1.100845872403481,117.5605704347027,129.4676747153585,25.17037086855466,129.4676747153585,7.189781595580066,0.1008458724034813
490200,129.4164865295167,6.943406435127031e-07,0.673443531557921,1.099486404496775,117.7063090550442,129.4676747153585,25.23141524625886,129.4676747153585,7.189804807195374,0.09948640449677515
490800,129.4169009668657,6.887190202638748e-07,0.673443531557921,1.097926987074859,117.8738681992537,129.4676747153585,25.30153689607046,129.4676747153585,7.18982783149254,0.09792698707485914
491400,129.4173120608125,6.831427484956976e-07,0.673443531557921,1.096171726275223,118.0629904591417,129.4676747153585,25.38060233744356,129.4676747153585,7.18985067004514,0.09617172627522264
492000,129.417719839518,6.776114462218175e-07,0.673443531557921,1.094225220106784,118.273384182178,129.4676747153585,25.46846106481675,129.4676747153585,7.189873324417665,0.09422522010678436
492600,129.4181243309826,6.721247336290048e-07,0.673443531557921,1.092092538468981,118.5047235213379,129.4676747153585,25.56494583410889,129.4676747153585,7.1898957961657,0.09209253846898058
493200,129.4185255630503,6.666822330305421e-07,0.673443531557921,1.089779201371505,118.7566485029031,129.4676747153585,25.6698729810778,129.4676747153585,7.189918086836128,0.08977920137150508
493800,129.4189235634119,6.612835688147811e-07,0.673443531557921,1.087291155522569,119.0287651160108,129.4676747153585,25.78304277093557,129.4676747153585,7.189940197967327,0.08729115552256905
494400,129.4193183596085,6.559283673999516e-07,0.673443531557921,1.08463474946311,119.3206454280306,129.4676747153585,25.90423977855504,129.4676747153585,7.189962131089363,0.08463474946311011
495000,129.4197099790351,6.50616257189256e-07,0.673443531557921,1.08181670743198,119.6318277300894,129.4676747153585,26.03323329854382,129.4676747153585,7.189983887724174,0.08181670743198022
495600,129.4200984489442,6.453468685168673e-07,0.673443531557921,1.078844102152654,119.9618167172698,129.4676747153585,26.1697777844051,129.4676747153585,7.190005469385787,0.07884410215265403
496200,129.4204837964489,6.401198336067182e-07,0.673443531557921,1.075724326735332,120.3100837081759,129.4676747153585,26.31361331594937,129.4676747153585,7.190026877580493,0.07572432673533158
496800,129.4208659601157,6.349359857722447e-07,0.673443531557921,1.072465065157006,120.6760669086865,129.4676747153585,26.46446609406725,129.4676747153585,7.190048108895315,0.07246506515700579
497400,129.4212448704621,6.29796267506606e-07,0.673443531557921,1.06907426365578,121.0591717247934,129.4676747153585,26.62204896192168,129.4676747153585,7.190069159470115,0.06907426365577951
498000,129.4216207092067,6.246982138924295e-07,0.673443531557921,1.06556010328199,121.4587711294561,129.4676747153585,26.78606195156731,129.4676747153585,7.190090039400374,0.06556010328198969
498600,129.4219935013115,6.196414863362065e-07,0.673443531557921,1.061930966815427,121.8742060883946,129.4676747153585,26.9561928549564,129.4676747153585,7.19011075007286,0.06193096681542709
499200,129.4223632715679,6.146257485525553e-07,0.673443531557921,1.058195410431442,122.3047860496773,129.4676747153585,27.13211781824477,129.4676747153585,7.190131292864884,0.05819541043144172
499800,129.4227300446008,6.096506665195989e-07,0.673443531557921,1.054362134304517,122.74978950185,129.4676747153585,27.31350195826587,129.4676747153585,7.190151669144488,0.05436213430451731
500400,129.4230938448707,6.047159084434384e-07,0.673443531557921,1.050439953615147,123.2084646051913,129.4676747153585,27.49999999999999,129.4676747153585,7.190171880270593,0.05043995361514741
501000,129.4234546966768,5.998211447172253e-07,0.673443531557921,1.046437770113959,123.6800299004711,129.4676747153585,27.69125693382481,129.4676747153585,7.190191927593154,0.04643777011395933
501600,129.42381262416,5.949660478827922e-07,0.673443531557921,1.04236454438571,124.1636750993219,129.4676747153585,27.88690869129648,129.4676747153585,7.190211812453334,0.04236454438571013
502200,129.4241676513058,5.901502925902946e-07,0.673443531557921,1.038229268943463,124.6585619600305,129.4676747153585,28.08658283817453,129.4676747153585,7.190231536183656,0.03822926894346268
502800,129.424519801947,5.853735555604089e-07,0.673443531557921,1.034040942270409,125.1638252521935,129.4676747153585,28.28989928337166,129.4676747153585,7.190251100108166,0.03404094227040888
503400,129.4248690997665,5.806355155459642e-07,0.673443531557921,1.029808543913402,125.6785738132797,129.4676747153585,28.49647100247864,129.4676747153585,7.190270505542584,0.02980854391340171
504000,129.4252155683008,5.759358532884562e-07,0.673443531557921,1.025541010718601,126.2018916996912,129.4676747153585,28.70590477448739,129.4676747153585,7.190289753794486,0.02554101071860115
504600,129.4255592309419,5.712742514856472e-07,0.673443531557921,1.021247214285816,126.7328394344286,129.4676747153585,28.91780193030948,129.4676747153585,7.190308846163439,0.02124721428581644
505200,129.4259001109412,5.66650394746091e-07,0.673443531557921,1.016935939704433,127.2704553529283,129.4676747153585,29.13175911166534,129.4676747153585,7.190327783941179,0.01693593970443286
505800,129.4262382314116,5.620639695553109e-07,0.673443531557921,1.012615865620222,127.8137570480773,129.4676747153585,29.34736903889972,129.4676747153585,7.190346568411758,0.01261586562022243
506400,129.426573615331,5.575146642311779e-07,0.673443531557921,1.008295545669094,128.3617429148166,129.4676747153585,29.56422128626168,129.4676747153585,7.190365200851722,0.008295545669094295
507000,129.4269062855445,5.530021688898046e-07,0.673443531557921,1.003983391301153,128.913393794103,129.4676747153585,29.78190306317333,129.4676747153585,7.190383682530252,0.003983391301153105
507600,129.4272362647681,5.485261754020599e-07,0.673443531557921,0.9996876560061866,129.4676747153585,129.4676747153585,30,129.4676747153585,7.190402014709341,-0.0003123439938134132
508200,129.4275635755909,5.440863773603155e-07,0.673443531557921,0.9954164209401597,130.0235367358597,129.4676747153585,30.21809693682668,129.4676747153585,7.190420198643936,-0.004583579059840304
508800,129.4278882404782,5.396824700309822e-07,0.673443531557921,0.9911775819415813,130.5799188748263,129.4676747153585,30.43577871373828,129.4676747153585,7.190438235582121,-0.008822418058418657
509400,129.4282102817746,5.353141503238135e-07,0.673443531557921,0.9869788379165114,131.135750139278,129.4676747153585,30.65263096110025,129.4676747153585,7.190456126765255,-0.01302116208348858
510000,129.4285297217066,5.309811167481371e-07,0.673443531557921,0.9828276805619174,131.6899516380203,129.4676747153585,30.86824088833464,129.4676747153585,7.190473873428143,-0.01717231943808262
510600,129.4288465823857,5.266830693722113e-07,0.673443531557921,0.9787313853887644,132.2414387794205,129.4676747153585,31.0821980696905,129.4676747153585,7.190491476799205,-0.02126861461123564
511200,129.4291608858111,5.224197097885508e-07,0.673443531557921,0.9746970039988984,132.7891235479343,129.4676747153585,31.29409522551258,129.4676747153585,7.190508938100617,-0.02530299600110164
511800,129.4294726538728,5.181907410724307e-07,0.673443531557921,0.9707313575632464,133.3319168536698,129.4676747153585,31.50352899752137,129.4676747153585,7.190526258548488,-0.02926864243675364
512400,129.429781908354,5.139958677438017e-07,0.673443531557921,0.9668410314433495,133.8687309485973,129.4676747153585,31.71010071662834,129.4676747153585,7.190543439353003,-0.03315896855665046
513000,129.430088670935,5.098347957238048e-07,0.673443531557921,0.963032370893501,134.3984819023786,129.4676747153585,31.91341716182545,129.4676747153585,7.19056048171861,-0.03696762910649898
513600,129.4303929631947,5.057072323037914e-07,0.673443531557921,0.9593114777769138,134.9200921301741,129.4676747153585,32.11309130870349,129.4676747153585,7.19057738684415,-0.04068852222308617
514200,129.4306948066146,5.016128860989966e-07,0.673443531557921,0.9556842082263231,135.4324929642063,129.4676747153585,32.30874306617515,129.4676747153585,7.190594155923034,-0.04431579177367695
514800,129.4309942225814,4.975514670110215e-07,0.673443531557921,0.9521561711771866,135.9346272603169,129.4676747153585,32.49999999999999,129.4676747153585,7.190610790143412,-0.04784382882281335
515400,129.4312912323895,4.935226861920227e-07,0.673443531557921,0.9487327277000802,136.4254520302647,129.4676747153585,32.6864980417341,129.4676747153585,7.190627290688306,-0.05126727229991979
516000,129.4315858572443,4.895262560017955e-07,0.673443531557921,0.9454189910580978,136.9039410900627,129.4676747153585,32.86788218175523,129.4676747153585,7.190643658735794,-0.05458100894190221
516600,129.431878118265,4.85561889969972e-07,0.673443531557921,0.9422198274148292,137.3690877142625,129.4676747153585,33.04380714504361,129.4676747153585,7.190659895459167,-0.05778017258517076
517200,129.4321680364874,4.81629302757085e-07,0.673443531557921,0.9391398571188714,137.8199072857628,129.4676747153585,33.21393804843269,129.4676747153585,7.190676002027077,-0.06086014288112862
517800,129.4324556328667,4.777282101153447e-07,0.673443531557921,0.93618345649172,138.2554399304443,129.4676747153585,33.37795103807829,129.4676747153585,7.190691979603709,-0.06381654350828003
518400,129.4327409282809,4.738583288497012e-07,0.673443531557921,0.9333547600472805,138.6747531257292,129.4676747153585,33.53553390593273,129.4676747153585,7.190707829348936,-0.06664523995271954
519000,129.4330239435327,4.700193767780547e-07,0.673443531557921,0.930657663072971,139.0769442720251,129.4676747153585,33.68638668405061,129.4676747153585,7.190723552418482,-0.06934233692702896
519600,129.4333044493865,4.662144633624621e-07,0.673443531557921,0.9280958227122323,139.4611432159402,129.4676747153585,33.83022221559488,129.4676747153585,7.190739136077026,-0.07190417728776766
520200,129.4335826038623,4.624414451438952e-07,0.673443531557921,0.9256726656489708,139.8265147141609,129.4676747153585,33.96676670145616,129.4676747153585,7.190754589103461,-0.07432733435102923
520800,129.4338585015082,4.586990396288115e-07,0.673443531557921,0.9233913881241769,140.1722608269572,129.4676747153585,34.09576022144496,129.4676747153585,7.190769916750456,-0.07660861187582313
521400,129.434132160759,4.549869967587483e-07,0.673443531557921,0.9212549592278684,140.4976232304265,129.4676747153585,34.21695722906443,129.4676747153585,7.190785120042166,-0.07874504077213162
522000,129.4344035999273,4.513050681319442e-07,0.673443531557921,0.9192661248703209,140.8018854368058,129.4676747153585,34.33012701892219,129.4676747153585,7.190800199995962,-0.08073387512967911
522600,129.4346728372059,4.476530069734963e-07,0.673443531557921,0.9174274112034334,141.0843749124743,129.4676747153585,34.4350541658911,129.4676747153585,7.19081515762255,-0.08257258879656659
523200,129.4349398906695,4.440305681100653e-07,0.673443531557921,0.9157411279888877,141.3444650836302,129.4676747153585,34.53153893518324,129.4676747153585,7.190829993926083,-0.08425887201111226
523800,129.435204778277,4.404375079377587e-07,0.673443531557921,0.9142093718669569,141.5815772200522,129.4676747153585,34.61939766255642,129.4676747153585,7.190844709904275,-0.08579062813304306
524400,129.4354675178737,4.368735843948457e-07,0.673443531557921,0.912834029483393,141.7951821878574,129.4676747153585,34.69846310392953,129.4676747153585,7.190859306548536,-0.08716597051660702
525000,129.4357281271931,4.333385569353254e-07,0.673443531557921,0.9116167804355131,141.9848020627229,129.4676747153585,34.76858475374114,129.4676747153585,7.19087378484406,-0.08838321956448691
525600,129.4359866238593,4.298321864982313e-07,0.673443531557921,0.910559100002284,142.150011595661,129.4676747153585,34.82962913144534,129.4676747153585,7.190888145769961,-0.08944089999771598
526200,129.4362430253889,4.263542354803463e-07,0.673443531557921,0.9096622616269423,142.2904395241048,129.4676747153585,34.88148003559967,129.4676747153585,7.190902390299382,-0.0903377383730577
526800,129.436497349193,4.229044677086335e-07,0.673443531557921,0.9089273391243776,142.4057697217983,129.4676747153585,34.92403876506104,129.4676747153585,7.190916519399611,-0.09107266087562238
527400,129.4367496125797,4.194826484086889e-07,0.673443531557921,0.9083552085892652,142.4957421817434,129.4676747153585,34.95722430686905,129.4676747153585,7.190930534032203,-0.09164479141073478
528000,129.4369998327556,4.160885441811501e-07,0.673443531557921,0.907946549984619,142.5601538272801,129.4676747153585,34.98097349045872,129.4676747153585,7.190944435153089,-0.09205345001538101
528600,129.4372480268285,4.127219229675916e-07,0.673443531557921,0.9077018483941778,142.5988591472155,129.4676747153585,34.99524110790929,129.4676747153585,7.190958223712697,-0.09229815160582222
529200,129.4374942118091,4.093825540289231e-07,0.673443531557921,0.9076213949257183,142.6117706517954,129.4676747153585,35,129.4676747153585,7.190971900656062,-0.09237860507428175
529800,129.4377384046132,4.060702079092948e-07,0.673443531557921,0.9077052872560846,142.5988591472155,129.4676747153585,34.99524110790929,129.4676747153585,7.190985466922957,-0.09229471274391543
530400,129.4379806220637,4.027846564153492e-07,0.673443531557921,0.9079534298124098,142.5601538272801,129.4676747153585,34.98097349045873,129.4676747153585,7.190998923447986,-0.09204657018759022
531000,129.438220880893,3.995256725815466e-07,0.673443531557921,0.9083655335876887,142.4957421817434,129.4676747153585,34.95722430686905,129.4676747153585,7.191012271160724,-0.09163446641231132
531600,129.4384591977447,3.962930306465751e-07,0.673443531557921,0.9089411155925328,142.4057697217983,129.4676747153585,34.92403876506104,129.4676747153585,7.191025510985814,-0.09105888440746723
532200,129.4386955891758,3.930865060223709e-07,0.673443531557921,0.909679497948617,142.2904395241048,129.4676747153585,34.88148003559967,129.4676747153585,7.191038643843097,-0.09032050205138298
532800,129.4389300716591,3.899058752639917e-07,0.673443531557921,0.9105798066330238,142.150011595661,129.4676747153585,34.82962913144534,129.4676747153585,7.191051670647726,-0.08942019336697615
533400,129.4391626615848,3.867509160465943e-07,0.673443531557921,0.9116409698863689,141.9848020627229,129.4676747153585,34.76858475374114,129.4676747153585,7.191064592310269,-0.08835903011363111
534000,129.4393933752632,3.836214071318978e-07,0.673443531557921,0.9128617163013016,141.7951821878574,129.4676747153585,34.69846310392956,129.4676747153585,7.191077409736845,-0.08713828369869836
534600,129.4396222289261,3.805171283434561e-07,0.673443531557921,0.9142405726116855,141.5815772200522,129.4676747153585,34.61939766255643,129.4676747153585,7.191090123829225,-0.08575942738831455
535200,129.4398492387292,3.774378605353945e-07,0.673443531557921,0.9157758612064697,141.3444650836302,129.4676747153585,34.53153893518325,129.4676747153585,7.191102735484957,-0.0842241387935303
535800,129.4400744207546,3.743833855656931e-07,0.673443531557921,0.917465697396018,141.0843749124744,129.4676747153585,34.43505416589111,129.4676747153585,7.191115245597477,-0.08253430260398198
536400,129.4402977910121,3.713534862677648e-07,0.673443531557921,0.919307986462348,140.8018854368058,129.4676747153585,34.3301270189222,129.4676747153585,7.191127655056229,-0.08069201353765199
537000,129.4405193654419,3.683479464217498e-07,0.673443531557921,0.9213004205284661,140.4976232304265,129.4676747153585,34.21695722906443,129.4676747153585,7.191139964746774,-0.07869957947153394
537600,129.4407391599167,3.653665507243886e-07,0.673443531557921,0.9234404752857012,140.1722608269572,129.4676747153585,34.09576022144497,129.4676747153585,7.191152175550926,-0.07655952471429883
538200,129.440957190243,3.62409084766e-07,0.673443531557921,0.9257254066215654,139.826514714161,129.4676747153585,33.96676670145619,129.4676747153585,7.191164288346834,-0.07427459337843456
538800,129.4411734721645,3.5947533499467e-07,0.673443531557921,0.9281522471943249,139.4611432159402,129.4676747153585,33.83022221559489,129.4676747153585,7.191176304009137,-0.07184775280567512
539400,129.4413880213629,3.565650886935146e-07,0.673443531557921,0.9307178030039567,139.0769442720251,129.4676747153585,33.68638668405062,129.4676747153585,7.191188223409049,-0.06928219699604332
540000,129.4416008534609,3.536781339511208e-07,0.673443531557921,0.9334186500126866,138.6747531257293,129.4676747153585,33.53553390593274,129.4676747153585,7.191200047414493,-0.06658134998731335
540600,129.4418119840238,3.508142596305674e-07,0.673443531557921,0.936251130871562,138.2554399304443,129.4676747153585,33.37795103807831,129.4676747153585,7.191211776890212,-0.06374886912843802
541200,129.4420214285619,3.479732553449821e-07,0.673443531557921,0.9392113518126965,137.8199072857629,129.4676747153585,33.21393804843271,129.4676747153585,7.191223412697884,-0.06078864818730345
541800,129.442229161049,3.451554741241125e-07,0.673443531557921,0.9422951794678731,137.3690877142625,129.4676747153585,33.04380714504362,129.4676747153585,7.191234953391612,-0.05770482053212689
542400,129.4424350128876,3.423632029060286e-07,0.673443531557921,0.9454982375396591,136.9039410900627,129.4676747153585,32.86788218175525,129.4676747153585,7.191246389604864,-0.05450176246034089
543000,129.4426391955783,3.395935727940014e-07,0.673443531557921,0.948815908389753,136.4254520302647,129.4676747153585,32.68649804173414,129.4676747153585,7.191257733087683,-0.05118409161024695
543600,129.4428417228157,3.368463980299907e-07,0.673443531557921,0.9522433270437463,135.9346272603169,129.4676747153585,32.49999999999999,129.4676747153585,7.191268984600874,-0.04775667295625374
544200,129.4430426082017,3.341214941121962e-07,0.673443531557921,0.9557753813363855,135.4324929642063,129.4676747153585,32.30874306617517,129.4676747153585,7.191280144900093,-0.04422461866361449
544800,129.4432418652468,3.314186777754458e-07,0.673443531557921,0.9594067111987803,134.9200921301741,129.4676747153585,32.1130913087035,129.4676747153585,7.191291214735933,-0.04059328880121971
545400,129.4434395073716,3.287377669775537e-07,0.673443531557921,0.9631317085961868,134.3984819023786,129.4676747153585,31.91341716182546,129.4676747153585,7.191302194853979,-0.0368682914038132
546000,129.4436355479087,3.260785808706146e-07,0.673443531557921,0.9669445181908255,133.8687309485973,129.4676747153585,31.71010071662836,129.4676747153585,7.191313085994925,-0.0330554818091745
546600,129.4438300001033,3.234409397867921e-07,0.673443531557921,0.9708390388039376,133.3319168536698,129.4676747153585,31.50352899752138,129.4676747153585,7.19132388889463,-0.02916096119606237
547200,129.4440228771157,3.208246652175717e-07,0.673443531557921,0.9748089257505249,132.7891235479344,129.4676747153585,31.29409522551263,129.4676747153585,7.191334604284203,-0.02519107424947509
547800,129.4442141920218,3.182295797918755e-07,0.673443531557921,0.9788475941186296,132.2414387794205,129.4676747153585,31.08219806969051,129.4676747153585,7.1913452328901,-0.02115240588137035
548400,129.4444039578154,3.156555072581568e-07,0.673443531557921,0.9829482230627791,131.6899516380203,129.4676747153585,30.86824088833465,129.4676747153585,7.191355775434188,-0.01705177693722093
549000,129.444592187409,3.131022724630839e-07,0.673443531557921,0.9871037611782233,131.135750139278,129.4676747153585,30.65263096110026,129.4676747153585,7.191366232633835,-0.01289623882177671
549600,129.4447788936359,3.105697013327813e-07,0.673443531557921,0.9913069330187088,130.5799188748263,129.4676747153585,30.4357787137383,129.4676747153585,7.191376605201992,-0.008693066981291242
550200,129.4449640892509,3.080576208509456e-07,0.673443531557921,0.9955502468158196,130.0235367358597,129.4676747153585,30.21809693682669,129.4676747153585,7.191386893847274,-0.004449753184180394
550800,129.4451477869327,3.05565859041792e-07,0.673443531557921,0.9998260034524038,129.4676747153585,129.4676747153585,30.00000000000001,129.4676747153585,7.191397099274038,-0.0001739965475962002
551400,129.4453299992845,3.030942449467489e-07,0.673443531557921,1.004126306736065,128.913393794103,129.4676747153585,29.78190306317334,129.4676747153585,7.191407222182473,0.004126306736064622
552000,129.445510738836,3.00642608608257e-07,0.673443531557921,1.008443075011365,128.3617429148167,129.4676747153585,29.56422128626173,129.4676747153585,7.191417263268669,0.008443075011364654
552600,129.4456900180448,2.98210781046464e-07,0.673443531557921,1.012768054141101,127.8137570480773,129.4676747153585,29.34736903889974,129.4676747153585,7.191427223224711,0.01276805414110149
553200,129.4458678492976,2.957985942398978e-07,0.673443531557921,1.017092831877884,127.2704553529283,129.4676747153585,29.13175911166535,129.4676747153585,7.191437102738757,0.0170928318778838
553800,129.446044244912,2.934058811092655e-07,0.673443531557921,1.021408853637238,126.7328394344288,129.4676747153585,28.91780193030949,129.4676747153585,7.191446902495112,0.02140885363723788
554400,129.4462192171378,2.910324754907379e-07,0.673443531557921,1.02570743967267,126.2018916996912,129.4676747153585,28.7059047744874,129.4676747153585,7.191456623174324,0.02570743967266997
555000,129.4463927781586,2.886782121225906e-07,0.673443531557921,1.029979803641603,125.6785738132797,129.4676747153585,28.49647100247865,129.4676747153585,7.191466265453253,0.02997980364160346
555600,129.4465649400929,2.863429266201933e-07,0.673443531557921,1.034217072538891,125.1638252521935,129.4676747153585,28.28989928337167,129.4676747153585,7.191475830005162,0.03421707253889106
556200,129.4467357149962,2.840264554600935e-07,0.673443531557921,1.038410307961845,124.6585619600306,129.4676747153585,28.08658283817457,129.4676747153585,7.191485317499787,0.03841030796184541
556800,129.4469051148618,2.817286359581317e-07,0.673443531557921,1.042550528657546,124.1636750993219,129.4676747153585,27.88690869129653,129.4676747153585,7.191494728603434,0.04255052865754583
557400,129.4470731516229,2.794493062475567e-07,0.673443531557921,1.046628734289543,123.6800299004711,129.4676747153585,27.69125693382483,129.4676747153585,7.191504063979049,0.04662873428954284
558000,129.4472398371534,2.771883052645308e-07,0.673443531557921,1.050635930347429,123.2084646051913,129.4676747153585,27.5,129.4676747153585,7.191513324286299,0.05063593034742864
558600,129.44740518327,2.749454727216971e-07,0.673443531557921,1.054563154108863,122.74978950185,129.4676747153585,27.31350195826588,129.4676747153585,7.191522510181666,0.05456315410886337
559200,129.4475692017333,2.727206490931167e-07,0.673443531557921,1.058401501550027,122.3047860496773,129.4676747153585,27.13211781824478,129.4676747153585,7.191531622318517,0.05840150155002743
559800,129.4477319042494,2.705136755915305e-07,0.673443531557921,1.06214215508704,121.8742060883946,129.4676747153585,26.95619285495641,129.4676747153585,7.19154066134719,0.06214215508703957
560400,129.4478933024714,2.683243941501701e-07,0.673443531557921,1.065776412018035,121.4587711294561,129.4676747153585,26.78606195156732,129.4676747153585,7.191549627915076,0.06577641201803486
561000,129.4480534080006,2.661526474014408e-07,0.673443531557921,1.069295713523281,121.0591717247935,129.4676747153585,26.62204896192172,129.4676747153585,7.191558522666698,0.06929571352328145
561600,129.4482122323883,2.639982786578798e-07,0.673443531557921,1.072691674069387,120.6760669086865,129.4676747153585,26.46446609406726,129.4676747153585,7.191567346243796,0.07269167406938726
562200,129.4483697871373,2.618611318925446e-07,0.673443531557921,1.075956111053229,120.3100837081759,129.4676747153585,26.31361331594938,129.4676747153585,7.191576099285407,0.07595611105322875
562800,129.448526083703,2.597410517171283e-07,0.673443531557921,1.079081074512165,119.9618167172699,129.4676747153585,26.16977778440511,129.4676747153585,7.191584782427946,0.07908107451216506
563400,129.4486811334952,2.576378833646231e-07,0.673443531557921,1.08205887671928,119.6318277300896,129.4676747153585,26.03323329854383,129.4676747153585,7.19159339630529,0.08205887671928025
564000,129.4488349478795,2.555514726668662e-07,0.673443531557921,1.084882121476269,119.3206454280306,129.4676747153585,25.90423977855505,129.4676747153585,7.19160194154886,0.08488212147626895
564600,129.4489874300074,2.534831333201737e-07,0.673443531557921,1.087543732003273,119.0287651160108,129.4676747153585,25.78304277093558,129.4676747153585,7.191610412778191,0.08754373200327326
565200,129.4491386025809,2.514325573869769e-07,0.673443531557921,1.090036980956198,118.7566485029031,129.4676747153585,25.66987298107782,129.4676747153585,7.191618811254496,0.09003698095619805
565800,129.449288551541,2.493985791218734e-07,0.673443531557921,1.092355517189424,118.5047235213381,129.4676747153585,25.5649458341089,129.4676747153585,7.191627141752278,0.09235551718942392
566400,129.4494372868886,2.473810628680439e-07,0.673443531557921,1.094493390731899,118.273384182178,129.4676747153585,25.46846106481675,129.4676747153585,7.191635404827142,0.09449339073189944
567000,129.4495848185523,2.453798739486501e-07,0.673443531557921,1.096445078302088,118.0629904591417,129.4676747153585,25.38060233744357,129.4676747153585,7.191643601030681,0.09644507830208759
567600,129.4497311563894,2.433948786546125e-07,0.673443531557921,1.098205506733416,117.8738681992537,129.4676747153585,25.30153689607046,129.4676747153585,7.191651730910522,0.09820550673341621
568200,129.4498763101869,2.414259442321054e-07,0.673443531557921,1.099770074768472,117.7063090550442,129.4676747153585,25.23141524625887,129.4676747153585,7.191659795010381,0.09977007476847222
568800,129.450020289662,2.394729388694827e-07,0.673443531557921,1.101134673054034,117.5605704347027,129.4676747153585,25.17037086855466,129.4676747153585,7.191667793870113,0.1011346730540337
569400,129.4501631044641,2.375357316807936e-07,0.673443531557921,1.102295702180618,117.4368754667002,129.4676747153585,25.11851996440034,129.4676747153585,7.191675728025784,0.1022957021806183
570000,129.4503047641749,2.356141926944133e-07,0.673443531557921,1.103250088623705,117.3354129757316,129.4676747153585,25.07596123493897,129.4676747153585,7.191683598009716,0.1032500886237049
570600,129.4504452783098,2.337081928388329e-07,0.673443531557921,1.103995298458991,117.2563374672001,129.4676747153585,25.04277569313095,129.4676747153585,7.191691404350542,0.1039952984589914
571200,129.4505846563189,2.31817603927027e-07,0.673443531557921,1.10452934874083,117.199769117854,129.4676747153585,25.01902650954127,129.4676747153585,7.191699147573273,0.1045293487408296
571800,129.4507229075882,2.299422986456534e-07,0.673443531557921,1.104850816451197,117.1657937705893,129.4676747153585,25.00475889209071,129.4676747153585,7.191706828199342,0.1048508164511972
572400,129.45086004144,2.280821505397057e-07,0.673443531557921,1.104958844945832,117.1544629318624,129.4676747153585,25,129.4676747153585,7.191714446746666,0.1049588449458321
573000,129.4509960671348,2.262370339977338e-07,0.673443531557921,1.104853147844498,117.1657937705893,129.4676747153585,25.00475889209071,129.4676747153585,7.19172200372971,0.1048531478444976
573600,129.4511309938715,2.244068242404751e-07,0.673443531557921,1.104534010333226,117.199769117854,129.4676747153585,25.01902650954127,129.4676747153585,7.191729499659527,0.104534010333226
574200,129.4512648307888,2.225913973060756e-07,0.673443531557921,1.104002287867809,117.2563374672001,129.4676747153585,25.04277569313095,129.4676747153585,7.191736935043822,0.1040022878678091
574800,129.4513975869663,2.20790630035026e-07,0.673443531557921,1.103259402289236,117.3354129757316,129.4676747153585,25.07596123493895,129.4676747153585,7.191744310387018,0.1032594022892361
575400,129.4515292714254,2.190044000573721e-07,0.673443531557921,1.102307335383186,117.4368754667002,129.4676747153585,25.11851996440033,129.4676747153585,7.1917516261903,0.1023073353831865
576000,129.45165989313,2.172325857819146e-07,0.673443531557921,1.10114861993658,117.5605704347027,129.4676747153585,25.17037086855466,129.4676747153585,7.191758882951665,0.1011486199365801
576600,129.451789460988,2.154750663771665e-07,0.673443531557921,1.099786328364533,117.7063090550442,129.4676747153585,25.23141524625886,129.4676747153585,7.191766081165999,0.09978632836453261
577200,129.4519179838522,2.137317217594159e-07,0.673443531557921,1.098224059000312,117.8738681992537,129.4676747153585,25.30153689607046,129.4676747153585,7.191773221325125,0.09822405900031184
577800,129.4520454705213,2.120024325816416e-07,0.673443531557921,1.096465920159129,118.0629904591417,129.4676747153585,25.38060233744356,129.4676747153585,7.191780303917848,0.09646592015912869
578400,129.4521719297404,2.102870802181655e-07,0.673443531557921,1.09451651210338,118.2733841821778,129.4676747153585,25.46846106481674,129.4676747153585,7.19178732943002,0.09451651210337997
579000,129.4522973702029,2.085855467484521e-07,0.673443531557921,1.092380907052146,118.5047235213379,129.4676747153585,25.56494583410888,129.4676747153585,7.191794298344604,0.09238090705214619
579600,129.452421800551,2.06897714946308e-07,0.673443531557921,1.090064627391252,118.7566485029031,129.4676747153585,25.66987298107781,129.4676747153585,7.191801211141719,0.09006462739125176
580200,129.4525452293765,2.052234682665244e-07,0.673443531557921,1.087573622251783,119.0287651160108,129.4676747153585,25.78304277093557,129.4676747153585,7.191808068298696,0.08757362225178267
580800,129.4526676652227,2.03562690827539e-07,0.673443531557921,1.084914242634593,119.3206454280306,129.4676747153585,25.90423977855504,129.4676747153585,7.191814870290148,0.08491424263459346
581400,129.4527891165841,2.019152674023417e-07,0.673443531557921,1.082093215265862,119.6318277300894,129.4676747153585,26.03323329854382,129.4676747153585,7.191821617588005,0.08209321526586177
582000,129.4529095919086,2.002810834017055e-07,0.673443531557921,1.079117615374296,119.9618167172698,129.4676747153585,26.1697777844051,129.4676747153585,7.191828310661587,0.07911761537429629
582600,129.4530290995979,1.986600248596915e-07,0.673443531557921,1.075994838583931,120.3100837081759,129.4676747153585,26.31361331594937,129.4676747153585,7.191834949977661,0.07599483858393064
583200,129.4531476480086,1.970519784237013e-07,0.673443531557921,1.072732572117747,120.6760669086865,129.4676747153585,26.46446609406725,129.4676747153585,7.19184153600048,0.0727325721177472
583800,129.4532652454535,1.954568313365712e-07,0.673443531557921,1.069338765506694,121.0591717247934,129.4676747153585,26.62204896192168,129.4676747153585,7.191848069191861,0.06933876550669438
584400,129.4533819002021,1.938744714254881e-07,0.673443531557921,1.065821600995988,121.4587711294561,129.4676747153585,26.78606195156731,129.4676747153585,7.191854550011227,0.06582160099598755
585000,129.453497620482,1.923047870869255e-07,0.673443531557921,1.062189463836098,121.8742060883946,129.4676747153585,26.9561928549564,129.4676747153585,7.191860978915667,0.06218946383609847
585600,129.4536124144799,1.907476672735697e-07,0.673443531557921,1.058450912639665,122.3047860496773,129.4676747153585,27.13211781824477,129.4676747153585,7.191867356359996,0.05845091263966529
586200,129.4537262903425,1.892030014803936e-07,0.673443531557921,1.054614649977802,122.74978950185,129.4676747153585,27.31350195826587,129.4676747153585,7.191873682796804,0.05461464997780241
586800,129.4538392561774,1.876706797307292e-07,0.673443531557921,1.050689493380173,123.2084646051913,129.4676747153585,27.49999999999999,129.4676747153585,7.19187995867652,0.0506894933801727
587400,129.4539512160642,1.861520031346231e-07,0.673443531557921,1.046684346051982,123.6800299004711,129.4676747153585,27.69125693382481,129.4676747153585,7.191886178670231,0.04668434605198191
588000,129.4540622685943,1.846456343511704e-07,0.673443531557921,1.042608171552916,124.1636750993219,129.4676747153585,27.88690869129648,129.4676747153585,7.191892348255237,0.04260817155291563
588600,129.4541724228172,1.831514506289977e-07,0.673443531557921,1.038469964576716,124.6585619600305,129.4676747153585,28.08658283817453,129.4676747153585,7.191898467934291,0.03846996457671614
589200,129.4542816860267,1.816693530332714e-07,0.673443531557921,1.034278725703599,125.1638252521935,129.4676747153585,28.28989928337166,129.4676747153585,7.191904538112594,0.03427872570359924
589800,129.4543900654629,1.801992433530586e-07,0.673443531557921,1.03004343650329,125.6785738132797,129.4676747153585,28.49647100247863,129.4676747153585,7.191910559192386,0.03004343650328978
590400,129.4544975683134,1.787410240953591e-07,0.673443531557921,1.025773035766865,126.2018916996912,129.4676747153585,28.70590477448739,129.4676747153585,7.191916531572967,0.02577303576686529
591000,129.4546042017135,1.772945984711782e-07,0.673443531557921,1.021476396957816,126.7328394344286,129.4676747153585,28.91780193030948,129.4676747153585,7.191922455650751,0.02147639695781556
591600,129.4547099727476,1.758598703855796e-07,0.673443531557921,1.017162306945176,127.2704553529283,129.4676747153585,29.13175911166533,129.4676747153585,7.191928331819312,0.01716230694517629
592200,129.4548148884495,1.744367444280215e-07,0.673443531557921,1.012839446068039,127.8137570480773,129.4676747153585,29.34736903889972,129.4676747153585,7.191934160469419,0.01283944606803877
592800,129.4549189558033,1.730251258643989e-07,0.673443531557921,1.008516369567466,128.3617429148166,129.4676747153585,29.56422128626168,129.4676747153585,7.191939941989072,0.008516369567466375
593400,129.4550221817441,1.716249206222642e-07,0.673443531557921,1.004201490409183,128.913393794103,129.4676747153585,29.78190306317332,129.4676747153585,7.19194567676356,0.004201490409182718
594000,129.4551245731589,1.702360352825849e-07,0.673443531557921,0.9999030635081141,129.4676747153585,129.4676747153585,30,129.4676747153585,7.191951365175496,-9.69364918859128e-05
594600,129.4552261368874,1.688583770700802e-07,0.673443531557921,0.9956291713543618,130.0235367358597,129.4676747153585,30.21809693682668,129.4676747153585,7.191957007604858,-0.004370828645638203
595200,129.4553268797225,1.674918538418524e-07,0.673443531557921,0.9913877110294288,130.5799188748263,129.4676747153585,30.43577871373828,129.4676747153585,7.191962604429031,-0.008612288970571202
595800,129.4554268084113,1.661363740780075e-07,0.673443531557921,0.9871863825914594,131.135750139278,129.4676747153585,30.65263096110025,129.4676747153585,7.191968156022851,-0.01281361740854059
596400,129.4555259296558,1.647918468685816e-07,0.673443531557921,0.9830326787991663,131.6899516380203,129.4676747153585,30.86824088833463,129.4676747153585,7.191973662758654,-0.01696732120083366
597000,129.4556242501134,1.634581819081404e-07,0.673443531557921,0.9789338761358017,132.2414387794205,129.4676747153585,31.08219806969049,129.4676747153585,7.191979125006302,-0.02106612386419826
597600,129.4557217763983,1.621352894815686e-07,0.673443531557921,0.974897027087217,132.7891235479343,129.4676747153585,31.29409522551258,129.4676747153585,7.191984543133239,-0.02510297291278296
598200,129.4558185150815,1.608230804535538e-07,0.673443531557921,0.9709289536214931,133.3319168536698,129.4676747153585,31.50352899752137,129.4676747153585,7.191989917504531,-0.02907104637850688
598800,129.4559144726923,1.595214662603439e-07,0.673443531557921,0.9670362418121421,133.8687309485973,129.4676747153585,31.71010071662834,129.4676747153585,7.191995248482907,-0.03296375818785791
599400,129.4560096557184,1.582303588986633e-07,0.673443531557921,0.9632252375421155,134.3984819023786,129.4676747153585,31.91341716182544,129.4676747153585,7.192000536428799,-0.03677476245788447
600000,129.456104070607,1.569496709154805e-07,0.673443531557921,0.9595020432220327,134.9200921301741,129.4676747153585,32.11309130870349,129.4676747153585,7.192005781700386,-0.0404979567779673
600600,129.4561977237655,1.556793153963554e-07,0.673443531557921,0.9558725154529919,135.4324929642063,129.4676747153585,32.30874306617515,129.4676747153585,7.192010984653641,-0.0441274845470081
601200,129.4562906215626,1.544192059566285e-07,0.673443531557921,0.9523422635621148,135.9346272603169,129.4676747153585,32.49999999999999,129.4676747153585,7.192016145642366,-0.04765773643788518
601800,129.4563827703283,1.531692567303367e-07,0.673443531557921,0.9489166489373962,136.4254520302647,129.4676747153585,32.6864980417341,129.4676747153585,7.192021265018239,-0.05108335106260375
602400,129.4564741763554,1.519293823605494e-07,0.673443531557921,0.9456007850876409,136.9039410900627,129.4676747153585,32.86788218175523,129.4676747153585,7.192026343130855,-0.05439921491235911
603000,129.4565648458998,1.506994979882847e-07,0.673443531557921,0.9423995383530438,137.3690877142625,129.4676747153585,33.0438071450436,129.4676747153585,7.192031380327767,-0.0576004616469562
603600,129.4566547851815,1.494795192425613e-07,0.673443531557921,0.9393175291923505,137.8199072857628,129.4676747153585,33.21393804843269,129.4676747153585,7.19203637695453,-0.06068247080764955
604200,129.4567440003855,1.482693622284614e-07,0.673443531557921,0.9363591339734232,138.2554399304443,129.4676747153585,33.37795103807829,129.4676747153585,7.19204133335475,-0.06364086602657681
604800,129.4568324976619,1.470689435214467e-07,0.673443531557921,0.9335284871954316,138.6747531257292,129.4676747153585,33.53553390593273,129.4676747153585,7.192046249870107,-0.06647151280456842
605400,129.4569202831275,1.458781801511577e-07,0.673443531557921,0.9308294840726339,139.0769442720251,129.4676747153585,33.68638668405061,129.4676747153585,7.192051126840419,-0.06917051592736612
606000,129.4570073628662,1.446969895943084e-07,0.673443531557921,0.9282657834119162,139.4611432159402,129.4676747153585,33.83022221559487,129.4676747153585,7.192055964603676,-0.07173421658808377
606600,129.4570937429294,1.435252897636019e-07,0.673443531557921,0.9258408107187033,139.8265147141609,129.4676747153585,33.96676670145616,129.4676747153585,7.192060763496077,-0.07415918928129672
607200,129.4571794293374,1.423629989980668e-07,0.673443531557921,0.9235577614686006,140.1722608269572,129.4676747153585,34.09576022144496,129.4676747153585,7.192065523852079,-0.07644223853139942
607800,129.4572644280798,1.412100360531099e-07,0.673443531557921,0.9214196044851259,140.4976232304265,129.4676747153585,34.21695722906443,129.4676747153585,7.192070246004436,-0.07858039551487406
608400,129.4573487451164,1.400663200871577e-07,0.673443531557921,0.9194290853670349,140.8018854368058,129.4676747153585,34.33012701892219,129.4676747153585,7.192074930284243,-0.08057091463296506
609000,129.4574323863778,1.389317706534143e-07,0.673443531557921,0.9175887299120855,141.0843749124743,129.4676747153585,34.4350541658911,129.4676747153585,7.192079577020987,-0.08241127008791449
609600,129.4575153315502,1.378066632977948e-07,0.673443531557921,0.9159008473020378,141.3444650836302,129.4676747153585,34.53153893518324,129.4676747153585,7.192084185086123,-0.0840991526979622
610200,129.4575975667946,1.366911857411424e-07,0.673443531557921,0.9143675336063393,141.5815772200522,129.4676747153585,34.61939766255642,129.4676747153585,7.192088753710809,-0.08563246639366073
610800,129.4576791360518,1.355847419463885e-07,0.673443531557921,0.912990675272308,141.7951821878574,129.4676747153585,34.69846310392953,129.4676747153585,7.192093285336213,-0.08700932472769196
611400,129.4577600447147,1.344872587648638e-07,0.673443531557921,0.9117719513918519,141.9848020627229,129.4676747153585,34.76858475374112,129.4676747153585,7.192097780261928,-0.08822804860814815
612000,129.4578402981379,1.333986635634687e-07,0.673443531557921,0.910712836706441,142.150011595661,129.4676747153585,34.82962913144534,129.4676747153585,7.192102238785438,-0.08928716329355901
612600,129.4579199016386,1.323188842152945e-07,0.673443531557921,0.9098146040915679,142.2904395241048,129.4676747153585,34.88148003559967,129.4676747153585,7.192106661202146,-0.09018539590843211
613200,129.4579988604974,1.31247849094791e-07,0.673443531557921,0.9090783267658644,142.4057697217983,129.4676747153585,34.92403876506104,129.4676747153585,7.19211104780541,-0.09092167323413558
613800,129.4580771799583,1.30185487066683e-07,0.673443531557921,0.9085048802008666,142.4957421817434,129.4676747153585,34.95722430686905,129.4676747153585,7.192115398886575,-0.09149511979913338
614400,129.4581548652301,1.291317274797166e-07,0.673443531557921,0.9080949437111026,142.5601538272801,129.4676747153585,34.98097349045872,129.4676747153585,7.192119714735004,-0.09190505628889745
615000,129.4582319214863,1.280865001547227e-07,0.673443531557921,0.9078490017079089,142.5988591472155,129.4676747153585,34.99524110790929,129.4676747153585,7.192123995638131,-0.09215099829209106
615600,129.4583083538662,1.270497353826272e-07,0.673443531557921,0.9077673446040792,142.6117706517954,129.4676747153585,35,129.4676747153585,7.192128241881456,-0.09223265539592085
616200,129.4583841674751,1.260213639119456e-07,0.673443531557921,0.9078500693601302,142.5988591472155,129.4676747153585,34.99524110790929,129.4676747153585,7.192132453748615,-0.09214993063986976
616800,129.458459367385,1.250013169428144e-07,0.673443531557921,0.9080970796666743,142.5601538272801,129.4676747153585,34.98097349045873,129.4676747153585,7.192136631521387,-0.0919029203333257
617400,129.4585339586356,1.239895261144852e-07,0.673443531557921,0.9085080857610486,142.4957421817434,129.4676747153585,34.95722430686905,129.4676747153585,7.192140775479754,-0.09149191423895142
618000,129.4586079462343,1.229859235041886e-07,0.673443531557921,0.9090826038800439,142.4057697217983,129.4676747153585,34.92403876506104,129.4676747153585,7.192144885901906,-0.09091739611995608
618600,129.4586813351573,1.219904416140594e-07,0.673443531557921,0.9098199553542472,142.2904395241048,129.4676747153585,34.88148003559967,129.4676747153585,7.192148963064294,-0.0901800446457528
619200,129.4587541303497,1.210030133640316e-07,0.673443531557921,0.9107192653532035,142.150011595661,129.4676747153585,34.82962913144534,129.4676747153585,7.192153007241651,-0.08928073464679653
619800,129.4588263367266,1.200235720853016e-07,0.673443531557921,0.911779461294295,141.9848020627229,129.4676747153585,34.76858475374114,129.4676747153585,7.192157018707034,-0.08822053870570501
620400,129.4588979591734,1.190520515095272e-07,0.673443531557921,0.9129992709319259,141.7951821878574,129.4676747153585,34.69846310392956,129.4676747153585,7.192160997731855,-0.0870007290680741
621000,129.4589690025464,1.180883857622916e-07,0.673443531557921,0.9143772201473342,141.5815772200522,129.4676747153585,34.61939766255643,129.4676747153585,7.192164944585913,-0.08562277985266575
621600,129.4590394716736,1.171325093562814e-07,0.673443531557921,0.9159116304630374,141.3444650836302,129.4676747153585,34.53153893518325,129.4676747153585,7.192168859537422,-0.08408836953696264
622200,129.4591093713551,1.161843571793497e-07,0.673443531557921,0.9176006163096988,141.0843749124744,129.4676747153585,34.43505416589111,129.4676747153585,7.192172742853062,-0.0823993836903012
622800,129.4591787063638,1.152438644908216e-07,0.673443531557921,0.9194420820768567,140.8018854368058,129.4676747153585,34.3301270189222,129.4676747153585,7.192176594797987,-0.08055791792314326
623400,129.4592474814458,1.143109669106934e-07,0.673443531557921,0.9214337189827262,140.4976232304265,129.4676747153585,34.21695722906443,129.4676747153585,7.192180415635876,-0.07856628101727381
624000,129.4593157013214,1.133856004116751e-07,0.673443531557921,0.9235730018019686,140.1722608269572,129.4676747153585,34.09576022144497,129.4676747153585,7.192184205628966,-0.07642699819803145
624600,129.4593833706853,1.124677013115161e-07,0.673443531557921,0.9258571854939774,139.826514714161,129.4676747153585,33.96676670145619,129.4676747153585,7.192187965038075,-0.07414281450602256
625200,129.4594504942076,1.115572062656156e-07,0.673443531557921,0.9282833017778572,139.4611432159402,129.4676747153585,33.83022221559489,129.4676747153585,7.192191694122643,-0.07171669822214277
625800,129.4595170765338,1.106540522576438e-07,0.673443531557921,0.9308481557037932,139.0769442720251,129.4676747153585,33.68638668405062,129.4676747153585,7.192195393140764,-0.0691518442962068
626400,129.4595831222859,1.097581765915834e-07,0.673443531557921,0.9335483222740014,138.6747531257293,129.4676747153585,33.53553390593274,129.4676747153585,7.19219906234922,-0.06645167772599858
627000,129.4596486360632,1.088695168849085e-07,0.673443531557921,0.9363801431697276,138.2554399304443,129.4676747153585,33.37795103807831,129.4676747153585,7.192202702003509,-0.06361985683027238
627600,129.4597136224419,1.079880110583531e-07,0.673443531557921,0.9393397236439397,137.8199072857629,129.4676747153585,33.21393804843271,129.4676747153585,7.192206312357886,-0.06066027635606031
628200,129.459778085977,1.071135973302262e-07,0.673443531557921,0.9424229296423846,137.3690877142625,129.4676747153585,33.04380714504362,129.4676747153585,7.192209893665389,-0.05757707035761539
628800,129.4598420312018,1.062462142061804e-07,0.673443531557921,0.9456253852183575,136.9039410900627,129.4676747153585,32.86788218175525,129.4676747153585,7.192213446177878,-0.05437461478164252
629400,129.4599054626293,1.05385800471538e-07,0.673443531557921,0.9489424703090577,136.4254520302647,129.4676747153585,32.68649804173414,129.4676747153585,7.192216970146069,-0.05105752969094235
630000,129.459968384752,1.045322951853223e-07,0.673443531557921,0.95236931894354,135.9346272603169,129.4676747153585,32.5,129.4676747153585,7.192220465819556,-0.04763068105645996
630600,129.4600308020435,1.036856376686046e-07,0.673443531557921,0.9559008179540684,135.4324929642063,129.4676747153585,32.30874306617517,129.4676747153585,7.192223933446859,-0.04409918204593155
631200,129.4600927189581,1.028457674985361e-07,0.673443531557921,0.959531606264039,134.9200921301741,129.4676747153585,32.1130913087035,129.4676747153585,7.19222737327545,-0.04046839373596101
631800,129.4601541399321,1.020126245006736e-07,0.673443531557921,0.9632560748265478,134.3984819023786,129.4676747153585,31.91341716182546,129.4676747153585,7.192230785551782,-0.03674392517345215
632400,129.4602150216327,1.011867964609792e-07,0.673443531557921,0.9670683669313532,133.8687309485973,129.4676747153585,31.71010071662836,129.4676747153585,7.192234167868482,-0.03293163306864677
633000,129.4602753983311,1.003678185088575e-07,0.673443531557921,0.9709623806009794,133.3319168536698,129.4676747153585,31.50352899752139,129.4676747153585,7.192237522129505,-0.02903761939902061
633600,129.4603352853115,9.955548332101216e-08,0.673443531557921,0.9749317702106738,132.7891235479344,129.4676747153585,31.29409522551263,129.4676747153585,7.192240849183975,-0.02506822978932621
634200,129.4603946865648,9.874973676573973e-08,0.673443531557921,0.978969949824166,132.2414387794205,129.4676747153585,31.08219806969051,129.4676747153585,7.1922441492536,-0.02103005017583404
634800,129.460453606055,9.795052507200808e-08,0.673443531557921,0.9830700975721091,131.6899516380203,129.4676747153585,30.86824088833465,129.4676747153585,7.192247422558609,-0.01692990242789094
635400,129.4605120477203,9.715779481894061e-08,0.673443531557921,0.987225161027573,131.135750139278,129.4676747153585,30.65263096110026,129.4676747153585,7.192250669317795,-0.01277483897242704
636000,129.4605700154735,9.637149293297398e-08,0.673443531557921,0.9914278637251583,130.5799188748263,129.4676747153585,30.4357787137383,129.4676747153585,7.192253889748528,-0.008572136274841657
636600,129.4606275132024,9.559156667791058e-08,0.673443531557921,0.9956707128817697,130.0235367358597,129.4676747153585,30.21809693682669,129.4676747153585,7.1922570840668,-0.004329287118230329
637200,129.4606845447701,9.481796365292894e-08,0.673443531557921,0.9999460083715588,129.4676747153585,129.4676747153585,30.00000000000002,129.4676747153585,7.192260252487227,-5.399162844121896e-05
637800,129.4607411140155,9.405063178434148e-08,0.673443531557921,1.004245853001022,128.913393794103,129.4676747153585,29.78190306317334,129.4676747153585,7.192263395223086,0.004245853001021649
638400,129.4607972247542,9.328951931820484e-08,0.673443531557921,1.008562164122894,128.3617429148167,129.4676747153585,29.56422128626173,129.4676747153585,7.192266512486343,0.008562164122894345
639000,129.460852880778,9.253457481776195e-08,0.673443531557921,1.012886686619196,127.8137570480773,129.4676747153585,29.34736903889974,129.4676747153585,7.192269604487667,0.01288668661919634
639600,129.4609080858565,9.178574715207333e-08,0.673443531557921,1.017211007274657,127.2704553529283,129.4676747153585,29.13175911166535,129.4676747153585,7.19227267143647,0.01721100727465696
640200,129.4609628437367,9.104298549402756e-08,0.673443531557921,1.021526570551743,126.7328394344288,129.4676747153585,28.91780193030949,129.4676747153585,7.192275713540926,0.02152657055174267
640800,129.4610171581437,9.030623931494119e-08,0.673443531557921,1.025824695767698,126.2018916996912,129.4676747153585,28.7059047744874,129.4676747153585,7.192278731007984,0.02582469576769797
641400,129.4610710327815,8.957545837233738e-08,0.673443531557921,1.030096595662531,125.6785738132797,129.4676747153585,28.49647100247865,129.4676747153585,7.192281724043419,0.03009659566253142
642000,129.4611244713329,8.885059271136697e-08,0.673443531557921,1.03433339633461,125.1638252521935,129.4676747153585,28.28989928337167,129.4676747153585,7.19228469285183,0.03433339633460974
642600,129.4611774774604,8.813159265230297e-08,0.673443531557921,1.038526158507826,124.6585619600306,129.4676747153585,28.08658283817457,129.4676747153585,7.192287637636688,0.03852615850782581
643200,129.4612300548062,8.741840878855101e-08,0.673443531557921,1.042665900081056,124.1636750993219,129.4676747153585,27.88690869129653,129.4676747153585,7.192290558600346,0.04266590008105586
643800,129.4612822069933,8.671099197840704e-08,0.673443531557921,1.046743619897041,123.6800299004711,129.4676747153585,27.69125693382483,129.4676747153585,7.192293455944074,0.04674361989704079
644400,129.4613339376254,8.600929333937302e-08,0.673443531557921,1.050750322654135,123.2084646051913,129.4676747153585,27.5,129.4676747153585,7.192296329868076,0.05075032265413548
645000,129.4613852502873,8.531326424304097e-08,0.673443531557921,1.054677044870502,122.74978950185,129.4676747153585,27.31350195826589,129.4676747153585,7.19229918057152,0.05467704487050207
645600,129.4614361485462,8.462285630571387e-08,0.673443531557921,1.058514881796711,122.3047860496773,129.4676747153585,27.13211781824478,129.4676747153585,7.192302008252566,0.05851488179671116
646200,129.4614866359509,8.393802138698448e-08,0.673443531557921,1.062255015159265,121.8742060883946,129.4676747153585,26.95619285495641,129.4676747153585,7.192304813108385,0.06225501515926468
646800,129.4615367160335,8.325871157808251e-08,0.673443531557921,1.065888741604735,121.4587711294561,129.4676747153585,26.78606195156732,129.4676747153585,7.192307595335192,0.06588874160473535
647400,129.4615863923086,8.258487920244306e-08,0.673443531557921,1.069407501701866,121.0591717247935,129.4676747153585,26.62204896192172,129.4676747153585,7.192310355128258,0.06940750170186605
648000,129.4616356682752,8.191647680149572e-08,0.673443531557921,1.072802909347689,120.6760669086865,129.4676747153585,26.46446609406726,129.4676747153585,7.192313092681955,0.07280290934768852
648600,129.4616845474158,8.125345713466459e-08,0.673443531557921,1.076066781413252,120.3100837081759,129.4676747153585,26.31361331594938,129.4676747153585,7.192315808189765,0.07606678141325207
649200,129.4617330331975,8.059577317254707e-08,0.673443531557921,1.079191167455535,119.9618167172699,129.4676747153585,26.16977778440511,129.4676747153585,7.192318501844304,0.07919116745553545
649800,129.4617811290727,7.994337808582941e-08,0.673443531557921,1.08216837931425,119.6318277300896,129.4676747153585,26.03323329854383,129.4676747153585,7.192321173837371,0.08216837931425025
650400,129.4618288384789,7.929622524699198e-08,0.673443531557921,1.084991020406146,119.3206454280306,129.4676747153585,25.90423977855505,129.4676747153585,7.192323824359936,0.08499102040614614
651000,129.4618761648397,7.865426821524579e-08,0.673443531557921,1.087652014524895,119.0287651160108,129.4676747153585,25.78304277093558,129.4676747153585,7.192326453602206,0.08765201452489491
651600,129.4619231115651,7.801746073795357e-08,0.673443531557921,1.090144633952009,118.7566485029034,129.4676747153585,25.66987298107782,129.4676747153585,7.192329061753615,0.09014463395200933
652200,129.4619696820516,7.738575674039794e-08,0.673443531557921,1.092462526683508,118.5047235213381,129.4676747153585,25.5649458341089,129.4676747153585,7.192331649002869,0.09246252668350818
652800,129.4620158796835,7.675911031981286e-08,0.673443531557921,1.09459974257836,118.273384182178,129.4676747153585,25.46846106481675,129.4676747153585,7.192334215537972,0.09459974257836024
653400,129.4620617078322,7.613747574310991e-08,0.673443531557921,1.096550758238123,118.0629904591417,129.4676747153585,25.38060233744357,129.4676747153585,7.192336761546231,0.09655075823812309
654000,129.4621071698578,7.552080743181477e-08,0.673443531557921,1.098310500432677,117.8738681992537,129.4676747153585,25.30153689607046,129.4676747153585,7.19233928721432,0.09831050043267675
654600,129.4621522578145,7.490921316673394e-08,0.673443531557921,1.099874367798525,117.7063090550442,129.4676747153585,25.23141524625887,129.4676747153585,7.192341792100807,0.09987436779852499
655200,129.4621969399556,7.430312357570301e-08,0.673443531557921,1.101238250726791,117.5605704347027,129.4676747153585,25.17037086855466,129.4676747153585,7.192344274441981,0.1012382507267906
655800,129.4622412596624,7.370195021536575e-08,0.673443531557921,1.102398550243889,117.4368754667002,129.4676747153585,25.11851996440034,129.4676747153585,7.19234673664791,0.1023985502438887
656400,129.4622852199041,7.310565280818082e-08,0.673443531557921,1.103352192970767,117.3354129757316,129.4676747153585,25.07596123493897,129.4676747153585,7.192349178883559,0.103352192970767
657000,129.4623288236299,7.251419134888693e-08,0.673443531557921,1.104096645180003,117.2563374672001,129.4676747153585,25.04277569313095,129.4676747153585,7.192351601312775,0.1040966451800034
657600,129.4623720737699,7.192752609597619e-08,0.673443531557921,1.104629924173185,117.199769117854,129.4676747153585,25.01902650954127,129.4676747153585,7.192354004098328,0.1046299241731852
658200,129.4624149732345,7.134561756828361e-08,0.673443531557921,1.104950607228608,117.1657937705893,129.4676747153585,25.00475889209071,129.4676747153585,7.192356387401917,0.1049506072286082
658800,129.4624575249154,7.076842654214488e-08,0.673443531557921,1.105057838045926,117.1544629318624,129.4676747153585,25,129.4676747153585,7.192358751384189,0.1050578380459255
659400,129.4624997316856,7.01959140471331e-08,0.673443531557921,1.104951330634719,117.1657937705893,129.4676747153585,25.00475889209071,129.4676747153585,7.192361096204757,0.1049513306347185
660000,129.4625415963999,6.962804135952183e-08,0.673443531557921,1.104631370614857,117.199769117854,129.4676747153585,25.01902650954127,129.4676747153585,7.192363422022217,0.1046313706148572
660600,129.4625831218952,6.90647699980218e-08,0.673443531557921,1.104098813917922,117.2563374672001,129.4676747153585,25.04277569313095,129.4676747153585,7.192365728994179,0.1040988139179222
661200,129.4626243109907,6.850606172235985e-08,0.673443531557921,1.103355082900397,117.3354129757316,129.4676747153585,25.07596123493895,129.4676747153585,7.192368017277261,0.1033550829003973
661800,129.4626651664882,6.79518785267419e-08,0.673443531557921,1.102402159900771,117.4368754667002,129.4676747153585,25.11851996440033,129.4676747153585,7.192370287027121,0.1024021599007712
662400,129.4627056911725,6.740218263587394e-08,0.673443531557921,1.10124257829355,117.5605704347027,129.4676747153585,25.17037086855466,129.4676747153585,7.192372538398473,0.1012425782935504
663000,129.4627458878121,6.685693649842506e-08,0.673443531557921,1.099879411113555,117.7063090550442,129.4676747153585,25.23141524625886,129.4676747153585,7.192374771545119,0.09987941111355525
663600,129.4627857591588,6.631610278759581e-08,0.673443531557921,1.098316257343105,117.8738681992537,129.4676747153585,25.30153689607046,129.4676747153585,7.192376986619934,0.0983162573431049
664200,129.4628253079484,6.577964439287599e-08,0.673443531557921,1.096557225972959,118.0629904591417,129.4676747153585,25.38060233744356,129.4676747153585,7.19237918377491,0.09655722597295902
664800,129.4628645369012,6.524752441464444e-08,0.673443531557921,1.094606917964637,118.2733841821778,129.4676747153585,25.46846106481674,129.4676747153585,7.192381363161177,0.09460691796463738
665400,129.4629034487219,6.471970616473755e-08,0.673443531557921,1.092470406256937,118.5047235213379,129.4676747153585,25.56494583410888,129.4676747153585,7.192383524928996,0.09247040625693659
666000,129.4629420461003,6.419615315991222e-08,0.673443531557921,1.090153213972988,118.7566485029031,129.4676747153585,25.66987298107779,129.4676747153585,7.192385669227793,0.09015321397298792
666600,129.4629803317115,6.367682911132988e-08,0.673443531557921,1.08766129099576,119.0287651160108,129.4676747153585,25.78304277093557,129.4676747153585,7.192387796206193,0.08766129099576037
667200,129.4630183082159,6.316169793223025e-08,0.673443531557921,1.085000989089544,119.3206454280306,129.4676747153585,25.90423977855504,129.4676747153585,7.192389906011995,0.08500098908954357
667800,129.4630559782603,6.265072372144686e-08,0.673443531557921,1.082179035752525,119.6318277300894,129.4676747153585,26.03323329854382,129.4676747153585,7.192391998792238,0.08217903575252494
668400,129.4630933444773,6.21438707685229e-08,0.673443531557921,1.07920250699104,119.9618167172698,129.4676747153585,26.1697777844051,129.4676747153585,7.192394074693182,0.07920250699104048
669000,129.4631304094862,6.164110354291097e-08,0.673443531557921,1.076078799209483,120.3100837081759,129.4676747153585,26.31361331594937,129.4676747153585,7.192396133860346,0.07607879920948268
669600,129.4631671758933,6.114238669368887e-08,0.673443531557921,1.072815600411106,120.6760669086865,129.4676747153585,26.46446609406725,129.4676747153585,7.19239817643852,0.07281560041110624
670200,129.4632036462921,6.064768504103313e-08,0.673443531557921,1.069420860904317,121.0591717247934,129.4676747153585,26.62204896192168,129.4676747153585,7.192400202571782,0.06942086090431676
670800,129.4632398232633,6.015696357792421e-08,0.673443531557921,1.065902763706342,121.4587711294561,129.4676747153585,26.78606195156731,129.4676747153585,7.192402212403514,0.06590276370634185
671400,129.4632757093757,5.967018745963059e-08,0.673443531557921,1.062269694831709,121.8742060883946,129.4676747153585,26.9561928549564,129.4676747153585,7.192404206076428,0.06226969483170874
672000,129.4633113071864,5.918732200200338e-08,0.673443531557921,1.058530213646762,122.3047860496773,129.4676747153585,27.13211781824477,129.4676747153585,7.192406183732577,0.05853021364676181
672600,129.4633466192407,5.870833267834996e-08,0.673443531557921,1.054693023463714,122.74978950185,129.4676747153585,27.31350195826587,129.4676747153585,7.192408145513372,0.05469302346371441
673200,129.4633816480729,5.823318511289699e-08,0.673443531557921,1.050766942538606,123.2084646051913,129.4676747153585,27.49999999999999,129.4676747153585,7.192410091559605,0.05076694253860592
673800,129.4634163962064,5.776184507624294e-08,0.673443531557921,1.046760875627127,123.6800299004711,129.4676747153585,27.69125693382481,129.4676747153585,7.192412022011467,0.04676087562712739
674400,129.463450866154,5.729427848422119e-08,0.673443531557921,1.042683786240965,124.1636750993219,129.4676747153585,27.88690869129648,129.4676747153585,7.192413937008557,0.04268378624096547
675000,129.4634850604183,5.683045138994203e-08,0.673443531557921,1.038544669734988,124.6585619600305,129.4676747153585,28.08658283817453,129.4676747153585,7.192415836689908,0.0385446697349876
675600,129.4635189814922,5.637032998038194e-08,0.673443531557921,1.034352527342746,125.1638252521935,129.4676747153585,28.28989928337166,129.4676747153585,7.192417721194009,0.03435252734274585
676200,129.4635526318585,5.591388057410995e-08,0.673443531557921,1.030116341264361,125.6785738132797,129.4676747153585,28.49647100247863,129.4676747153585,7.192419590658807,0.0301163412643608
676800,129.4635860139914,5.546106961332953e-08,0.673443531557921,1.02584505089719,126.2018916996912,129.4676747153585,28.70590477448739,129.4676747153585,7.192421445221744,0.02584505089719014
677400,129.4636191048045,5.501221025156156e-08,0.673443531557921,1.02154753008425,126.7328394344286,129.4676747153585,28.91780193030947,129.4676747153585,7.192423283600247,0.02154753008425048
678000,129.4636519127673,5.456718760314061e-08,0.673443531557921,1.017232566299516,127.2704553529283,129.4676747153585,29.13175911166533,129.4676747153585,7.192425106264849,0.01723256629951631
678600,129.4636844550247,5.412576910799771e-08,0.673443531557921,1.012908840527446,127.8137570480773,129.4676747153585,29.34736903889972,129.4676747153585,7.19242691416804,0.01290884052744623
679200,129.4637167337531,5.368792524450328e-08,0.673443531557921,1.008584908508665,128.3617429148166,129.4676747153585,29.56422128626168,129.4676747153585,7.19242870743073,0.008584908508665334
679800,129.4637487511135,5.325362669935885e-08,0.673443531557921,1.004269183680709,128.913393794103,129.4676747153585,29.78190306317332,129.4676747153585,7.192430486172975,0.004269183680708721
680400,129.4637805092517,5.282284436702867e-08,0.673443531557921,0.9999699214022703,129.4676747153585,129.4676747153585,30,129.4676747153585,7.192432250513984,-3.007859772974353e-05
681000,129.4638120102985,5.239554934320268e-08,0.673443531557921,0.9956952045790116,130.0235367358597,129.4676747153585,30.21809693682668,129.4676747153585,7.192434000572138,-0.004304795420988383
681600,129.4638432563698,5.197171292593339e-08,0.673443531557921,0.9914529306797447,130.5799188748263,129.4676747153585,30.43577871373828,129.4676747153585,7.192435736464991,-0.008547069320255285
682200,129.4638742495673,5.15513066090989e-08,0.673443531557921,0.987250800121744,131.135750139278,129.4676747153585,30.65263096110024,129.4676747153585,7.192437458309295,-0.01274919987825596
682800,129.4639049919781,5.113430208069758e-08,0.673443531557921,0.9830963059948491,131.6899516380203,129.4676747153585,30.86824088833463,129.4676747153585,7.192439166221005,-0.0169036940051509
683400,129.4639354856752,5.072067122199542e-08,0.673443531557921,0.9789967250857109,132.2414387794205,129.4676747153585,31.08219806969049,129.4676747153585,7.192440860315289,-0.02100327491428911
684000,129.4639657327179,5.031038610013638e-08,0.673443531557921,0.9749591101562163,132.7891235479343,129.4676747153585,31.29409522551258,129.4676747153585,7.192442540706548,-0.02504088984378372
684600,129.4639957351517,4.990341896814243e-08,0.673443531557921,0.9709902834235621,133.3319168536698,129.4676747153585,31.50352899752137,129.4676747153585,7.192444207508426,-0.02900971657643792
685200,129.4640254950087,4.949974226150289e-08,0.673443531557921,0.9670968311839759,133.8687309485973,129.4676747153585,31.71010071662834,129.4676747153585,7.192445860833816,-0.03290316881602406
685800,129.4640550143079,4.909932859476384e-08,0.673443531557921,0.9632850995173075,134.3984819023786,129.4676747153585,31.91341716182544,129.4676747153585,7.192447500794881,-0.03671490048269255
686400,129.464084295055,4.870215076010709e-08,0.673443531557921,0.9595611910058953,134.9200921301741,129.4676747153585,32.11309130870349,129.4676747153585,7.192449127503055,-0.04043880899410468
687000,129.4641133392434,4.830818171996043e-08,0.673443531557921,0.9559309623980682,135.4324929642063,129.4676747153585,32.30874306617515,129.4676747153585,7.192450741069076,-0.04406903760193182
687600,129.4641421488536,4.791739460756616e-08,0.673443531557921,0.9524000231444175,135.9346272603169,129.4676747153585,32.49999999999998,129.4676747153585,7.192452341602979,-0.04759997685558248
688200,129.4641707258539,4.752976272698106e-08,0.673443531557921,0.9489737347334092,136.4254520302647,129.4676747153585,32.6864980417341,129.4676747153585,7.192453929214104,-0.05102626526659082
688800,129.4641990722004,4.714525954142346e-08,0.673443531557921,0.9456572107521154,136.9039410900625,129.4676747153585,32.86788218175521,129.4676747153585,7.192455504011136,-0.0543427892478846
689400,129.4642271898376,4.676385867810495e-08,0.673443531557921,0.9424553175975979,137.3690877142625,129.4676747153585,33.0438071450436,129.4676747153585,7.192457066102089,-0.05754468240240207
690000,129.464255080698,4.638553392112499e-08,0.673443531557921,0.9393726757649042,137.8199072857628,129.4676747153585,33.21393804843269,129.4676747153585,7.192458615594335,-0.06062732423509576
690600,129.4642827467029,4.601025921033397e-08,0.673443531557921,0.9364136616384554,138.2554399304443,129.4676747153585,33.37795103807829,129.4676747153585,7.192460152594606,-0.06358633836154459
691200,129.4643101897622,4.563800863792267e-08,0.673443531557921,0.933582409715081,138.6747531257292,129.4676747153585,33.53553390593273,129.4676747153585,7.192461677209014,-0.066417590284919
691800,129.4643374117751,4.526875644415895e-08,0.673443531557921,0.9308828151886314,139.0769442720251,129.4676747153585,33.68638668405061,129.4676747153585,7.19246318954306,-0.06911718481136864
692400,129.4643644146298,4.490247701511408e-08,0.673443531557921,0.9283185368283442,139.4611432159402,129.4676747153585,33.83022221559487,129.4676747153585,7.192464689701653,-0.0716814631716558
693000,129.4643912002038,4.453914488209421e-08,0.673443531557921,0.9258930000855725,139.8265147141609,129.4676747153585,33.96676670145616,129.4676747153585,7.192466177789102,-0.07410699991442748
693600,129.4644177703648,4.417873471425082e-08,0.673443531557921,0.9236094003662302,140.1722608269572,129.4676747153585,34.09576022144496,129.4676747153585,7.192467653909154,-0.07639059963376982
694200,129.4644441269698,4.382122131914912e-08,0.673443531557921,0.9214707064093073,140.4976232304265,129.4676747153585,34.21695722906443,129.4676747153585,7.19246911816499,-0.07852929359069272
694800,129.4644702718665,4.346657963566258e-08,0.673443531557921,0.9194796637149603,140.8018854368058,129.4676747153585,34.33012701892219,129.4676747153585,7.192470570659252,-0.08052033628503974
695400,129.4644962068924,4.31147847388047e-08,0.673443531557921,0.9176387979690126,141.0843749124743,129.4676747153585,34.4350541658911,129.4676747153585,7.192472011494023,-0.0823612020309874
696000,129.4645219338759,4.276581182637074e-08,0.673443531557921,0.9159504184141545,141.3444650836302,129.4676747153585,34.53153893518324,129.4676747153585,7.192473440770886,-0.08404958158584552
696600,129.4645474546362,4.241963622376943e-08,0.673443531557921,0.9144166211216649,141.5815772200522,129.4676747153585,34.61939766255642,129.4676747153585,7.192474858590899,-0.08558337887833511
697200,129.4645727709833,4.207623337691757e-08,0.673443531557921,0.913039292121097,141.7951821878574,129.4676747153585,34.69846310392953,129.4676747153585,7.192476265054626,-0.08696070787890298
697800,129.4645978847185,4.173557885252421e-08,0.673443531557921,0.9118201103490393,141.9848020627229,129.4676747153585,34.76858475374112,129.4676747153585,7.19247766026214,-0.08817988965096069
698400,129.4646227976347,4.139764833269055e-08,0.673443531557921,0.9107605503817386,142.150011595661,129.4676747153585,34.82962913144534,129.4676747153585,7.19247904431304,-0.08923944961826136
699000,129.4646475115164,4.106241761064666e-08,0.673443531557921,0.9098618849201341,142.2904395241048,129.4676747153585,34.88148003559967,129.4676747153585,7.192480417306466,-0.09013811507986591
699600,129.4646720275018,4.072987124573046e-08,0.673443531557921,0.9091251869950355,142.4057697217983,129.4676747153585,34.92403876506104,129.4676747153585,7.192481779305658,-0.09087481300496447
700200,129.4646963232401,4.040031241800079e-08,0.673443531557921,0.9085513317171042,142.4957421817434,129.4676747153585,34.95722430686905,129.4676747153585,7.192483129068894,-0.09144866828289577
700800,129.4647204224375,4.007341956253185e-08,0.673443531557921,0.9081409983556238,142.5601538272801,129.4676747153585,34.98097349045872,129.4676747153585,7.192484467913194,-0.09185900164437621
701400,129.4647443266921,3.974917100322273e-08,0.673443531557921,0.9078946711139946,142.5988591472155,129.4676747153585,34.99524110790929,129.4676747153585,7.192485795927338,-0.09210532888600542
702000,129.4647680375901,3.942754522341829e-08,0.673443531557921,0.9078126401900911,142.6117706517954,129.4676747153585,35,129.4676747153585,7.19248711319945,-0.09218735980990889
702600,129.4647915567058,3.910852086846716e-08,0.673443531557921,0.907895002322912,142.5988591472155,129.4676747153585,34.99524110790929,129.4676747153585,7.192488419816992,-0.09210499767708802
703200,129.4648148856024,3.879207673634255e-08,0.673443531557921,0.9081416609753137,142.5601538272801,129.4676747153585,34.98097349045873,129.4676747153585,7.192489715866801,-0.09185833902468632
703800,129.4648380258313,3.847819178105283e-08,0.673443531557921,0.9085523261509664,142.4957421817434,129.4676747153585,34.95722430686905,129.4676747153585,7.192491001435073,-0.09144767384903363
704400,129.464860978933,3.816684510780988e-08,0.673443531557921,0.909126513847392,142.4057697217983,129.4676747153585,34.92403876506104,129.4676747153585,7.192492276607386,-0.09087348615260804
705000,129.4648837464368,3.785801597132376e-08,0.673443531557921,0.9098635451505837,142.2904395241048,129.4676747153585,34.88148003559967,129.4676747153585,7.192493541468709,-0.09013645484941635
705600,129.4649063298611,3.755168377495011e-08,0.673443531557921,0.9107625449804249,142.150011595661,129.4676747153585,34.82962913144534,129.4676747153585,7.192494796103394,-0.08923745501957514
706200,129.4649287307138,3.724782806699523e-08,0.673443531557921,0.9118224404998049,141.9848020627229,129.4676747153585,34.76858475374114,129.4676747153585,7.192496040595208,-0.08817755950019512
706800,129.464950950492,3.694642853815822e-08,0.673443531557921,0.913041959204018,141.7951821878574,129.4676747153585,34.69846310392956,129.4676747153585,7.192497275027331,-0.08695804079598202
707400,129.4649729906825,3.664746502039407e-08,0.673443531557921,0.9144196267107726,141.5815772200522,129.4676747153585,34.61939766255643,129.4676747153585,7.192498499482363,-0.08558037328922741
708000,129.464994852762,3.635091748492414e-08,0.673443531557921,0.9159537642748206,141.3444650836302,129.4676747153585,34.53153893518325,129.4676747153585,7.192499714042335,-0.08404623572517944
708600,129.4650165381971,3.605676603854136e-08,0.673443531557921,0.9176424860549885,141.0843749124744,129.4676747153585,34.43505416589111,129.4676747153585,7.192500918788726,-0.08235751394501145
709200,129.4650380484442,3.576499092332597e-08,0.673443531557921,0.9194836961650648,140.8018854368058,129.4676747153585,34.3301270189222,129.4676747153585,7.192502113802454,-0.08051630383493524
709800,129.4650593849503,3.547557251323497e-08,0.673443531557921,0.9214750855437459,140.4976232304265,129.4676747153585,34.21695722906443,129.4676747153585,7.192503299163903,-0.07852491445625409
710400,129.4650805491526,3.51884913112599e-08,0.673443531557921,0.9236141286825458,140.1722608269572,129.4676747153585,34.09576022144497,129.4676747153585,7.192504474952925,-0.07638587131745422
711000,129.4651015424791,3.490372795084795e-08,0.673443531557921,0.9258980802542127,139.826514714161,129.4676747153585,33.96676670145619,129.4676747153585,7.19250564124884,-0.07410191974578728
711600,129.4651223663484,3.462126318737546e-08,0.673443531557921,0.9283239716878412,139.4611432159402,129.4676747153585,33.83022221559489,129.4676747153585,7.192506798130468,-0.0716760283121588
712200,129.46514302217,3.434107790184271e-08,0.673443531557921,0.9308886077403671,139.0769442720251,129.4676747153585,33.68638668405062,129.4676747153585,7.192507945676113,-0.06911139225963292
712800,129.4651635113446,3.406315309518959e-08,0.673443531557921,0.9335885631176508,138.6747531257293,129.4676747153585,33.53553390593274,129.4676747153585,7.192509083963589,-0.06641143688234918
713400,129.4651838352639,3.378746988914827e-08,0.673443531557921,0.9364201792016082,138.2554399304443,129.4676747153585,33.37795103807831,129.4676747153585,7.192510213070215,-0.06357982079839175
714000,129.4652039953111,3.351400951999039e-08,0.673443531557921,0.9393795609430449,137.8199072857629,129.4676747153585,33.21393804843271,129.4676747153585,7.19251133307284,-0.06062043905695513
714600,129.4652239928611,3.324275334051663e-08,0.673443531557921,0.9424625739828598,137.3690877142625,129.4676747153585,33.04380714504362,129.4676747153585,7.19251244404784,-0.05753742601714018
715200,129.4652438292804,3.297368281351964e-08,0.673443531557921,0.945664842066974,136.9039410900627,129.4676747153585,32.86788218175525,129.4676747153585,7.192513546071134,-0.05433515793302601
715800,129.4652635059273,3.270677951434208e-08,0.673443531557921,0.9489817448228551,136.4254520302647,129.4676747153585,32.68649804173414,129.4676747153585,7.192514639218185,-0.05101825517714487
716400,129.4652830241522,3.244202512604488e-08,0.673443531557921,0.9524084159676561,135.9346272603169,129.4676747153585,32.5,129.4676747153585,7.192515723564012,-0.04759158403234387
717000,129.4653023852978,3.217940143514397e-08,0.673443531557921,0.9559397420197707,135.4324929642063,129.4676747153585,32.30874306617517,129.4676747153585,7.192516799183213,-0.04406025798022928
717600,129.465321590699,3.19188903344525e-08,0.673443531557921,0.9595703615869742,134.9200921301741,129.4676747153585,32.1130913087035,129.4676747153585,7.192517866149946,-0.04042963841302583
718200,129.4653406416834,3.166047381625958e-08,0.673443531557921,0.9632946653052342,134.3984819023786,129.4676747153585,31.91341716182546,129.4676747153585,7.192518924537968,-0.03670533469476578
718800,129.4653595395712,3.140413397318298e-08,0.673443531557921,0.9671067965026355,133.8687309485973,129.4676747153585,31.71010071662836,129.4676747153585,7.19251997442062,-0.03289320349736446
719400,129.4653782856752,3.114985299504269e-08,0.673443531557921,0.9710006526626475,133.3319168536698,129.4676747153585,31.50352899752139,129.4676747153585,7.192521015870846,-0.02899934733735254
720000,129.4653968813018,3.089761316459771e-08,0.673443531557921,0.9749698877601763,132.7891235479344,129.4676747153585,31.29409522551263,129.4676747153585,7.192522048961211,-0.02503011223982365
720600,129.46541532775,3.064739685896712e-08,0.673443531557921,0.9790079155422615,132.2414387794205,129.4676747153585,31.08219806969054,129.4676747153585,7.192523073763891,-0.02099208445773848
721200,129.4654336263125,3.039918654536677e-08,0.673443531557921,0.9831079138230503,131.6899516380203,129.4676747153585,30.86824088833465,129.4676747153585,7.192524090350697,-0.01689208617694971
721800,129.4654517782754,3.015296477798301e-08,0.673443531557921,0.9872628298596792,131.135750139278,129.4676747153585,30.65263096110026,129.4676747153585,7.192525098793079,-0.01273717014032083
722400,129.4654697758787,2.99088368163325e-08,0.673443531557921,0.9914653868025768,130.5799188748263,129.4676747153585,30.4357787137383,129.4676747153585,7.19252609865993,-0.008534613197423213
723000,129.465487616039,2.966684448693968e-08,0.673443531557921,0.9957080915207341,130.0235367358597,129.4676747153585,30.21809693682669,129.4676747153585,7.192527089779942,-0.00429190847926586
723600,129.4655053109888,2.942682185988588e-08,0.673443531557921,0.999983243660053,129.4676747153585,129.4676747153585,30.00000000000002,129.4676747153585,7.192528072832711,-1.675633994702164e-05
724200,129.4655228618568,2.918875362553308e-08,0.673443531557921,1.004282945716531,128.913393794103,129.4676747153585,29.78190306317334,129.4676747153585,7.192529047880935,0.00428294571653054
724800,129.4655402697621,2.895262460612003e-08,0.673443531557921,1.008599114735282,128.3617429148167,129.4676747153585,29.56422128626174,129.4676747153585,7.192530014986782,0.008599114735282409
725400,129.465557535814,2.871841975149891e-08,0.673443531557921,1.012923495294136,127.8137570480773,129.4676747153585,29.34736903889974,129.4676747153585,7.192530974211891,0.01292349529413639
726000,129.465574661113,2.848612413714591e-08,0.673443531557921,1.017247673877629,127.2704553529283,129.4676747153585,29.13175911166535,129.4676747153585,7.192531925617386,0.01724767387762904
726600,129.4655916467495,2.825572296927703e-08,0.673443531557921,1.021563094652627,126.7328394344288,129.4676747153585,28.91780193030949,129.4676747153585,7.192532869263861,0.02156309465262662
727200,129.4656084938053,2.802720157603744e-08,0.673443531557921,1.025861076645985,126.2018916996912,129.4676747153585,28.70590477448741,129.4676747153585,7.192533805211403,0.02586107664598547
727800,129.4656252033529,2.780054540721721e-08,0.673443531557921,1.030132832313165,125.6785738132797,129.4676747153585,28.49647100247865,129.4676747153585,7.192534733519608,0.0301328323131651
728400,129.465641776456,2.757574003709351e-08,0.673443531557921,1.034369487474474,125.1638252521935,129.4676747153585,28.28989928337167,129.4676747153585,7.192535654247558,0.03436948747447399
729000,129.4656582141693,2.735277115846202e-08,0.673443531557921,1.038562102582893,124.6585619600306,129.4676747153585,28.08658283817458,129.4676747153585,7.192536567453849,0.03856210258289328
729600,129.4656745175386,2.713162458377383e-08,0.673443531557921,1.042701695274206,124.1636750993219,129.4676747153585,27.88690869129653,129.4676747153585,7.192537473196591,0.04270169527420586
730200,129.4656906876015,2.691228624087216e-08,0.673443531557921,1.046779264136549,123.6800299004711,129.4676747153585,27.69125693382483,129.4676747153585,7.192538371533416,0.04677926413654898
730800,129.4657067253868,2.669474217356083e-08,0.673443531557921,1.05078581362284,123.2084646051913,129.4676747153585,27.5,129.4676747153585,7.192539262521488,0.05078581362283985
731400,129.4657226319148,2.647897854103576e-08,0.673443531557921,1.054712380015638,122.74978950185,129.4676747153585,27.31350195826589,129.4676747153585,7.19254014621749,0.05471238001563816
732000,129.4657384081978,2.626498161447444e-08,0.673443531557921,1.058550058340414,122.3047860496773,129.4676747153585,27.13211781824478,129.4676747153585,7.192541022677653,0.05855005834041394
732600,129.4657540552396,2.605273777447792e-08,0.673443531557921,1.062290030109726,121.8742060883946,129.4676747153585,26.95619285495641,129.4676747153585,7.192541891957758,0.062290030109726
733200,129.4657695740362,2.58422335136288e-08,0.673443531557921,1.065923591767992,121.4587711294561,129.4676747153585,26.78606195156732,129.4676747153585,7.192542754113124,0.06592359176799167
733800,129.4657849655755,2.563345543109108e-08,0.673443531557921,1.06944218369421,121.0591717247935,129.4676747153585,26.62204896192172,129.4676747153585,7.192543609198641,0.06944218369420962
734400,129.4658002308375,2.542639023289439e-08,0.673443531557921,1.072837419608663,120.6760669086865,129.4676747153585,26.46446609406726,129.4676747153585,7.192544457268752,0.07283741960866252
735000,129.4658153707947,2.522102472823917e-08,0.673443531557921,1.076101116219211,120.3100837081759,129.4676747153585,26.31361331594938,129.4676747153585,7.192545298377485,0.07610111621921067
735600,129.4658303864117,2.50173458334757e-08,0.673443531557921,1.079225322933723,119.9618167172699,129.4676747153585,26.16977778440511,129.4676747153585,7.192546132578425,0.07922532293372253
736200,129.4658452786456,2.481534056386181e-08,0.673443531557921,1.082202351457366,119.6318277300896,129.4676747153585,26.03323329854383,129.4676747153585,7.192546959924753,0.08220235145736643
736800,129.4658600484462,2.461499603640505e-08,0.673443531557921,1.085024805087355,119.3206454280306,129.4676747153585,25.90423977855505,129.4676747153585,7.192547780469236,0.08502480508735477
737400,129.4658746967561,2.441629946673629e-08,0.673443531557921,1.087685607513216,119.0287651160108,129.4676747153585,25.78304277093558,129.4676747153585,7.19254859426423,0.08768560751321619
738000,129.4658892245106,2.421923816825711e-08,0.673443531557921,1.090178030928057,118.7566485029034,129.4676747153585,25.66987298107782,129.4676747153585,7.192549401361699,0.09017803092805687
738600,129.4659036326378,2.4023799549866e-08,0.673443531557921,1.092495723255504,118.5047235213381,129.4676747153585,25.5649458341089,129.4676747153585,7.192550201813211,0.0924957232555037
739200,129.465917922059,2.382997111510577e-08,0.673443531557921,1.09463273429837,118.273384182178,129.4676747153585,25.46846106481675,129.4676747153585,7.192550995669947,0.09463273429836994
739800,129.4659320936888,2.363774045960554e-08,0.673443531557921,1.096583540618457,118.0629904591417,129.4676747153585,25.38060233744357,129.4676747153585,7.192551782982711,0.09658354061845742
740400,129.4659461484347,2.344709527193345e-08,0.673443531557921,1.098343068962373,117.8738681992537,129.4676747153585,25.30153689607046,129.4676747153585,7.192552563801927,0.09834306896237344
741000,129.4659600871978,2.325802332876492e-08,0.673443531557921,1.099906718055821,117.7063090550442,129.4676747153585,25.23141524625887,129.4676747153585,7.192553338177656,0.09990671805582085
741600,129.4659739108726,2.307051249744063e-08,0.673443531557921,1.101270378598432,117.5605704347027,129.4676747153585,25.17037086855466,129.4676747153585,7.192554106159591,0.1012703785984319
742200,129.4659876203473,2.288455073056639e-08,0.673443531557921,1.10243045130282,117.4368754667002,129.4676747153585,25.11851996440034,129.4676747153585,7.192554867797075,0.1024304513028198
742800,129.4660012165038,2.270012606601313e-08,0.673443531557921,1.103383862835009,117.3354129757316,129.4676747153585,25.07596123493897,129.4676747153585,7.192555623139098,0.103383862835009
743400,129.4660147002176,2.251722662606426e-08,0.673443531557921,1.104128079528603,117.2563374672002,129.4676747153585,25.04277569313095,129.4676747153585,7.192556372234311,0.1041280795286033
744000,129.4660280723584,2.23358406145735e-08,0.673443531557921,1.104661118761844,117.199769117854,129.4676747153585,25.01902650954127,129.4676747153585,7.192557115131022,0.1046611187618436
744600,129.4660413337898,2.215595631781753e-08,0.673443531557921,1.104981557904899,117.1657937705893,129.4676747153585,25.00475889209071,129.4676747153585,7.192557851877211,0.1049815579048987
745200,129.4660544853696,2.197756209938007e-08,0.673443531557921,1.105088540764065,117.1544629318624,129.4676747153585,25,129.4676747153585,7.192558582520535,0.1050885407640654
745800,129.4660675279499,2.180064640299406e-08,0.673443531557921,1.104981781469808,117.1657937705893,129.4676747153585,25.00475889209071,129.4676747153585,7.192559307108326,0.104981781469808
746400,129.4660804623769,2.162519774685734e-08,0.673443531557921,1.104661565776534,117.199769117854,129.4676747153585,25.01902650954127,129.4676747153585,7.192560025687608,0.1046615657765342
747000,129.4660932894918,2.14512047236326e-08,0.673443531557921,1.104128749763373,117.2563374672001,129.4676747153585,25.04277569313095,129.4676747153585,7.192560738305101,0.1041287497633734
747600,129.46610601013,2.127865600101586e-08,0.673443531557921,1.103384755946675,117.3354129757316,129.4676747153585,25.07596123493895,129.4676747153585,7.192561445007221,0.1033847559466754
748200,129.4661186251217,2.110754031690476e-08,0.673443531557921,1.102431566836368,117.4368754667002,129.4676747153585,25.11851996440033,129.4676747153585,7.192562145840092,0.1024315668363676
748800,129.4661311352918,2.093784648110386e-08,0.673443531557921,1.101271715989179,117.5605704347027,129.4676747153585,25.17037086855466,129.4676747153585,7.192562840849545,0.1012717159891794
749400,129.4661435414605,2.076956337049296e-08,0.673443531557921,1.099908276632113,117.7063090550442,129.4676747153585,25.23141524625886,129.4676747153585,7.192563530081139,0.09990827663211266
750000,129.4661558444427,2.060267993016396e-08,0.673443531557921,1.098344847948769,117.8738681992537,129.4676747153585,25.30153689607045,129.4676747153585,7.192564213580147,0.09834484794876941
750600,129.4661680450485,2.04371851708629e-08,0.673443531557921,1.096585539139406,118.0629904591417,129.4676747153585,25.38060233744356,129.4676747153585,7.192564891391582,0.09658553913940593
751200,129.4661801440834,2.027306816728469e-08,0.673443531557921,1.094634951382343,118.2733841821778,129.4676747153585,25.46846106481674,129.4676747153585,7.192565563560188,0.09463495138234257
751800,129.4661921423481,2.011031805722041e-08,0.673443531557921,1.092498157839561,118.5047235213379,129.4676747153585,25.56494583410888,129.4676747153585,7.192566230130453,0.09249815783956117
752400,129.4662040406392,1.994892403814674e-08,0.673443531557921,1.090180681862828,118.7566485029031,129.4676747153585,25.66987298107779,129.4676747153585,7.19256689114662,0.09018068186282813
753000,129.4662158397482,1.978887537006812e-08,0.673443531557921,1.087688473568255,119.0287651160108,129.4676747153585,25.78304277093557,129.4676747153585,7.192567546652678,0.08768847356825527
753600,129.4662275404629,1.963016136897977e-08,0.673443531557921,1.085027884956856,119.3206454280306,129.4676747153585,25.90423977855504,129.4676747153585,7.192568196692384,0.08502788495685554
754200,129.4662391435667,1.947277140857295e-08,0.673443531557921,1.082205643766185,119.6318277300894,129.4676747153585,26.03323329854382,129.4676747153585,7.192568841309261,0.08220564376618511
754800,129.4662506498389,1.931669491739285e-08,0.673443531557921,1.079228826243683,119.9618167172698,129.4676747153585,26.1697777844051,129.4676747153585,7.192569480546605,0.07922882624368288
755400,129.466262060055,1.916192137656481e-08,0.673443531557921,1.07610482903568,120.3100837081759,129.4676747153585,26.31361331594937,129.4676747153585,7.192570114447498,0.07610482903568005
756000,129.4662733749863,1.900844032206805e-08,0.673443531557921,1.07284134038733,120.6760669086865,129.4676747153585,26.46446609406725,129.4676747153585,7.192570743054797,0.07284134038733003
756600,129.4662845954009,1.885624133791452e-08,0.673443531557921,1.069446310848051,121.0591717247934,129.4676747153585,26.62204896192168,129.4676747153585,7.192571366411163,0.06944631084805053
757200,129.466295722063,1.870531405756992e-08,0.673443531557921,1.065927923674381,121.4587711294561,129.4676747153585,26.78606195156731,129.4676747153585,7.192571984559054,0.06592792367438127
757800,129.4663067557331,1.85556481636695e-08,0.673443531557921,1.062294565117675,121.8742060883946,129.4676747153585,26.9561928549564,129.4676747153585,7.192572597540726,0.06229456511767517
758400,129.4663176971685,1.840723338432326e-08,0.673443531557921,1.058554794777878,122.3047860496773,129.4676747153585,27.13211781824477,129.4676747153585,7.192573205398249,0.05855479477787839
759000,129.4663285471233,1.826005949141063e-08,0.673443531557921,1.054717316196881,122.74978950185,129.4676747153585,27.31350195826587,129.4676747153585,7.192573808173514,0.05471731619688058
759600,129.4663393063482,1.811411630001203e-08,0.673443531557921,1.050790947855812,123.2084646051913,129.4676747153585,27.49999999999999,129.4676747153585,7.192574405908235,0.05079094785581217
760200,129.4663499755911,1.796939366897732e-08,0.673443531557921,1.04678459473026,123.6800299004711,129.4676747153585,27.69125693382481,129.4676747153585,7.192574998643948,0.04678459473026009
760800,129.4663605555967,1.782588149382036e-08,0.673443531557921,1.042707220546049,124.1636750993219,129.4676747153585,27.88690869129648,129.4676747153585,7.192575586422036,0.04270722054604947
761400,129.4663710471069,1.768356971155072e-08,0.673443531557921,1.03856782086591,124.6585619600305,129.4676747153585,28.08658283817452,129.4676747153585,7.192576169283716,0.03856782086590993
762000,129.4663814508611,1.754244829356821e-08,0.673443531557921,1.034375397124515,125.1638252521935,129.4676747153585,28.28989928337166,129.4676747153585,7.192576747270059,0.03437539712451487
762600,129.4663917675957,1.74025072499262e-08,0.673443531557921,1.030138931715947,125.6785738132797,129.4676747153585,28.49647100247863,129.4676747153585,7.192577320421981,0.03013893171594684
763200,129.4664019980448,1.726373662279457e-08,0.673443531557921,1.025867364223999,126.2018916996912,129.4676747153585,28.70590477448739,129.4676747153585,7.192577888780268,0.02586736422399927
763800,129.4664121429403,1.712612648617551e-08,0.673443531557921,1.021569568871895,126.7328394344286,129.4676747153585,28.91780193030947,129.4676747153585,7.192578452385572,0.02156956887189465
764400,129.4664222030115,1.698966694618775e-08,0.673443531557921,1.017254333254278,127.2704553529283,129.4676747153585,29.13175911166533,129.4676747153585,7.192579011278415,0.01725433325427805
765000,129.4664321789855,1.685434813964548e-08,0.673443531557921,1.012930338400791,127.8137570480773,129.4676747153585,29.34736903889972,129.4676747153585,7.192579565499194,0.01293033840079127
765600,129.4664420715876,1.672016022951084e-08,0.673443531557921,1.008606140207243,128.3617429148166,129.4676747153585,29.56422128626168,129.4676747153585,7.192580115088197,0.008606140207242596
766200,129.4664518815409,1.658709340489395e-08,0.673443531557921,1.004290152257734,128.913393794103,129.4676747153585,29.78190306317332,129.4676747153585,7.192580660085607,0.004290152257734325
766800,129.466461609567,1.645513788105291e-08,0.673443531557921,0.9999906300488201,129.4676747153585,129.4676747153585,30,129.4676747153585,7.1925812005315,-9.369951179949432e-06
767400,129.4664712530523,1.632432910781745e-08,0.673443531557921,0.995715656589629,130.0235367358597,129.4676747153585,30.21809693682668,129.4676747153585,7.192581736280683,-0.004284343410370983
768000,129.466480805623,1.619475354317501e-08,0.673443531557921,0.9914731294153228,130.5799188748263,129.4676747153585,30.43577871373828,129.4676747153585,7.192582266979056,-0.00852687058467716
768600,129.4664902774861,1.606627273474714e-08,0.673443531557921,0.9872707491281436,131.135750139278,129.4676747153585,30.65263096110024,129.4676747153585,7.19258279319367,-0.01272925087185639
769200,129.4664996693224,1.593887744604672e-08,0.673443531557921,0.9831160089206386,131.6899516380203,129.4676747153585,30.86824088833463,129.4676747153585,7.192583314962358,-0.01688399107936145
769800,129.4665089818112,1.581255846531349e-08,0.673443531557921,0.9790161856735554,132.2414387794205,129.4676747153585,31.08219806969049,129.4676747153585,7.192583832322847,-0.02098381432644458
770400,129.4665182156296,1.56873066072194e-08,0.673443531557921,0.974978332234377,132.7891235479343,129.4676747153585,31.29409522551257,129.4676747153585,7.192584345312756,-0.02502166776562298
771000,129.466527371453,1.556311271002642e-08,0.673443531557921,0.9710092708975372,133.3319168536698,129.4676747153585,31.50352899752137,129.4676747153585,7.19258485396961,-0.02899072910246281
771600,129.466536449955,1.543996763615496e-08,0.673443531557921,0.9671155880283002,133.8687309485973,129.4676747153585,31.71010071662834,129.4676747153585,7.192585358330833,-0.03288441197169978
772200,129.4665454518079,1.531786226706799e-08,0.673443531557921,0.963303629767536,134.3984819023786,129.4676747153585,31.91341716182544,129.4676747153585,7.19258585843377,-0.03669637023246397
772800,129.4665543776823,1.51967875061132e-08,0.673443531557921,0.9595794987507854,134.9200921301741,129.4676747153585,32.11309130870349,129.4676747153585,7.192586354315681,-0.04042050124921459
773400,129.4665632282475,1.507673427397549e-08,0.673443531557921,0.9559490517719731,135.4324929642063,129.4676747153585,32.30874306617515,129.4676747153585,7.192586846013749,-0.04405094822802691
774000,129.4665720041716,1.495769350896126e-08,0.673443531557921,0.9524178983199115,135.9346272603169,129.4676747153585,32.49999999999998,129.4676747153585,7.19258733356509,-0.04758210168008847
774600,129.4665807061215,1.483965616500882e-08,0.673443531557921,0.948991399914149,136.4254520302647,129.4676747153585,32.6864980417341,129.4676747153585,7.19258781700675,-0.05100860008585095
775200,129.466589334763,1.472261321055157e-08,0.673443531557921,0.9456746701659464,136.9039410900625,129.4676747153585,32.86788218175521,129.4676747153585,7.192588296375724,-0.05432532983405358
775800,129.4665978907612,1.460655562453894e-08,0.673443531557921,0.9424725754899161,137.3690877142625,129.4676747153585,33.0438071450436,129.4676747153585,7.192588771708957,-0.05752742451008386
776400,129.46660637478,1.449147440069964e-08,0.673443531557921,0.9393897363922714,137.8199072857628,129.4676747153585,33.21393804843269,129.4676747153585,7.192589243043334,-0.06061026360772859
777000,129.4666147874828,1.437736054043626e-08,0.673443531557921,0.9364305292624787,138.2554399304443,129.4676747153585,33.37795103807829,129.4676747153585,7.192589710415713,-0.06356947073752128
777600,129.4666231295324,1.426420505453052e-08,0.673443531557921,0.9335990885965501,138.6747531257292,129.4676747153585,33.53553390593272,129.4676747153585,7.192590173862909,-0.06640091140344995
778200,129.4666314015908,1.415199896058539e-08,0.673443531557921,0.9308993095819165,139.0769442720251,129.4676747153585,33.6863866840506,129.4676747153585,7.192590633421712,-0.06910069041808353
778800,129.46663960432,1.404073328160393e-08,0.673443531557921,0.9283348509760543,139.4611432159402,129.4676747153585,33.83022221559487,129.4676747153585,7.192591089128888,-0.07166514902394572
779400,129.4666477383814,1.393039904485249e-08,0.673443531557921,0.9259091382134672,139.8265147141609,129.4676747153585,33.96676670145616,129.4676747153585,7.192591541021187,-0.07409086178653279
780000,129.4666558044362,1.382098728157644e-08,0.673443531557921,0.9236253666783819,140.1722608269572,129.4676747153585,34.09576022144496,129.4676747153585,7.192591989135342,-0.07637463332161809
780600,129.4666638031455,1.3712489024158e-08,0.673443531557921,0.9214865050835097,140.4976232304265,129.4676747153585,34.21695722906443,129.4676747153585,7.19259243350808,-0.07851349491649029
781200,129.4666717351705,1.360489530384257e-08,0.673443531557921,0.919495298898375,140.8018854368058,129.4676747153585,34.33012701892219,129.4676747153585,7.192592874176138,-0.080504701101625
781800,129.4666796011726,1.349819714960177e-08,0.673443531557921,0.9176542737740512,141.0843749124743,129.4676747153585,34.4350541658911,129.4676747153585,7.192593311176253,-0.08234572622594882
782400,129.466687401813,1.339238559125988e-08,0.673443531557921,0.9159657389145772,141.3444650836302,129.4676747153585,34.53153893518324,129.4676747153585,7.192593744545167,-0.08403426108542278
783000,129.4666951377537,1.328745165096734e-08,0.673443531557921,0.9144317903489025,141.5815772200522,129.4676747153585,34.61939766255642,129.4676747153585,7.19259417431965,-0.08556820965109746
783600,129.4667028096568,1.318338634661131e-08,0.673443531557921,0.9130543140607755,141.7951821878574,129.4676747153585,34.69846310392953,129.4676747153585,7.192594600536489,-0.08694568593922447
784200,129.466710418185,1.308018068925776e-08,0.673443531557921,0.9118349889377036,141.9848020627229,129.4676747153585,34.76858475374112,129.4676747153585,7.192595023232501,-0.08816501106229635
784800,129.4667179640017,1.297782568002504e-08,0.673443531557921,0.9107752895037654,142.150011595661,129.4676747153585,34.82962913144534,129.4676747153585,7.19259544244454,-0.08922471049623459
785400,129.466725447771,1.287631231122077e-08,0.673443531557921,0.9098764884048206,142.2904395241048,129.4676747153585,34.88148003559967,129.4676747153585,7.192595858209501,-0.0901235115951794
786000,129.4667328701577,1.277563156463657e-08,0.673443531557921,0.9091396586183407,142.4057697217983,129.4676747153585,34.92403876506104,129.4676747153585,7.192596270564318,-0.09086034138165933
786600,129.4667402318279,1.267577440643208e-08,0.673443531557921,0.908565675363844,142.4957421817434,129.4676747153585,34.95722430686905,129.4676747153585,7.192596679545992,-0.09143432463615597
787200,129.4667475334482,1.257673179196672e-08,0.673443531557921,0.9081552176936103,142.5601538272801,129.4676747153585,34.98097349045872,129.4676747153585,7.192597085191565,-0.09184478230638971
787800,129.4667547756869,1.247849465812578e-08,0.673443531557921,0.9079087697470889,142.5988591472155,129.4676747153585,34.99524110790929,129.4676747153585,7.192597487538159,-0.0920912302529111
788400,129.4667619592132,1.238105392673106e-08,0.673443531557921,0.9078266216560946,142.6117706517954,129.4676747153585,35,129.4676747153585,7.192597886622953,-0.09217337834390538
789000,129.4667690846977,1.228440050027757e-08,0.673443531557921,0.9079088700915865,142.5988591472155,129.4676747153585,34.99524110790929,129.4676747153585,7.192598282483208,-0.0920911299084135
789600,129.4667761528128,1.218852526108094e-08,0.673443531557921,0.9081554184465126,142.5601538272801,129.4676747153585,34.98097349045873,129.4676747153585,7.192598675156266,-0.0918445815534874
790200,129.4667831642321,1.20934190701405e-08,0.673443531557921,0.908565976652876,142.4957421817434,129.4676747153585,34.95722430686905,129.4676747153585,7.19259906467956,-0.09143402334712403
790800,129.4667901196309,1.199907276742351e-08,0.673443531557921,0.9091400606348689,142.4057697217983,129.4676747153585,34.92403876506104,129.4676747153585,7.192599451090604,-0.09085993936513115
791400,129.4667970196864,1.190547716674928e-08,0.673443531557921,0.9098769914035861,142.2904395241048,129.4676747153585,34.88148003559967,129.4676747153585,7.192599834427024,-0.09012300859641387
792000,129.4668038650778,1.181262305635755e-08,0.673443531557921,0.9107758938025277,142.150011595661,129.4676747153585,34.82962913144534,129.4676747153585,7.192600214726544,-0.08922410619747234
792600,129.466810656486,1.172050119947698e-08,0.673443531557921,0.9118356949167911,141.9848020627229,129.4676747153585,34.76858475374114,129.4676747153585,7.192600592027,-0.08816430508320894
793200,129.4668173945941,1.162910232949343e-08,0.673443531557921,0.9130551221625429,141.7951821878574,129.4676747153585,34.69846310392956,129.4676747153585,7.19260096636634,-0.08694487783745708
793800,129.4668240800877,1.15384171488131e-08,0.673443531557921,0.9144327010770954,141.5815772200522,129.4676747153585,34.61939766255644,129.4676747153585,7.192601337782648,-0.0855672989229046
794400,129.4668307136542,1.144843633085202e-08,0.673443531557921,0.9159667528335946,141.3444650836302,129.4676747153585,34.53153893518325,129.4676747153585,7.19260170631412,-0.08403324716640537
795000,129.4668372959836,1.135915051605707e-08,0.673443531557921,0.9176553915081097,141.0843749124744,129.4676747153585,34.43505416589111,129.4676747153585,7.19260207199909,-0.08234460849189029
795600,129.4668438277687,1.127055030877955e-08,0.673443531557921,0.9194965211305755,140.8018854368058,129.4676747153585,34.3301270189222,129.4676747153585,7.192602434876041,-0.08050347886942455
796200,129.4668503097046,1.118262628011735e-08,0.673443531557921,0.9214878325547843,140.4976232304267,129.4676747153585,34.21695722906444,129.4676747153585,7.192602794983589,-0.07851216744521572
796800,129.4668567424891,1.109536896308327e-08,0.673443531557921,0.9236268001863513,140.1722608269572,129.4676747153585,34.09576022144497,129.4676747153585,7.192603152360508,-0.07637319981364865
797400,129.4668631268231,1.100876885203661e-08,0.673443531557921,0.9259106786111668,139.826514714161,129.4676747153585,33.96676670145619,129.4676747153585,7.19260350704573,-0.07408932138883317
798000,129.4668694634102,1.092281640353576e-08,0.673443531557921,0.9283364991705603,139.4611432159403,129.4676747153585,33.83022221559491,129.4676747153585,7.192603859078343,-0.07166350082943973
798600,129.4668757529571,1.083750202923284e-08,0.673443531557921,0.9309010665328442,139.0769442720251,129.4676747153585,33.68638668405062,129.4676747153585,7.192604208497615,-0.06909893346715579
799200,129.4668819961736,1.075281610269485e-08,0.673443531557921,0.9336009553144294,138.6747531257293,129.4676747153585,33.53553390593274,129.4676747153585,7.192604555342975,-0.06639904468557056
799800,129.4668881937728,1.066874895002457e-08,0.673443531557921,0.9364325068070157,138.2554399304443,129.4676747153585,33.37795103807831,129.4676747153585,7.192604899654043,-0.06356749319298427
800400,129.4668943464712,1.058529085355531e-08,0.673443531557921,0.9393918258704659,137.8199072857629,129.4676747153585,33.21393804843271,129.4676747153585,7.19260524147062,-0.06060817412953412
801000,129.4669004549886,1.050243204758772e-08,0.673443531557921,0.9424747780540624,137.3690877142625,129.4676747153585,33.04380714504362,129.4676747153585,7.192605580832701,-0.05752522194593757
801600,129.4669065200487,1.042016271895818e-08,0.673443531557921,0.9456769870114877,136.9039410900627,129.4676747153585,32.86788218175525,129.4676747153585,7.192605917780481,-0.05432301298851228
802200,129.4669125423783,1.033847300504931e-08,0.673443531557921,0.948993832277406,136.4254520302647,129.4676747153585,32.68649804173415,129.4676747153585,7.192606252354352,-0.05100616772259403
802800,129.4669185227086,1.025735299123198e-08,0.673443531557921,0.9524204474756633,135.9346272603169,129.4676747153585,32.5,129.4676747153585,7.192606584594921,-0.04757955252433665
803400,129.4669244617741,1.017679271114957e-08,0.673443531557921,0.9559517190309058,135.4324929642063,129.4676747153585,32.30874306617518,129.4676747153585,7.192606914543006,-0.04404828096909419
804000,129.4669303603138,1.009678214302312e-08,0.673443531557921,0.9595822854567947,134.9200921301741,129.4676747153585,32.1130913087035,129.4676747153585,7.192607242239654,-0.04041771454320531
804600,129.4669362190703,1.001731121164084e-08,0.673443531557921,0.9633065372948901,134.3984819023786,129.4676747153585,31.91341716182546,129.4676747153585,7.19260756772613,-0.03669346270510987
805200,129.4669420387908,9.938369784094903e-09,0.673443531557921,0.9671186177786606,133.8687309485973,129.4676747153585,31.71010071662836,129.4676747153585,7.192607891043934,-0.03288138222133941
805800,129.4669478202265,9.859947669212943e-09,0.673443531557921,0.9710124242968392,133.3319168536698,129.4676747153585,31.50352899752139,129.4676747153585,7.192608212234807,-0.0289875757031608
806400,129.4669535641332,9.782034615568592e-09,0.673443531557921,0.9749816107295721,132.7891235479344,129.4676747153585,31.29409522551263,129.4676747153585,7.192608531340735,-0.02501838927042788
807000,129.4669592712712,9.704620310913015e-09,0.673443531557921,0.9790195907292177,132.2414387794205,129.4676747153585,31.08219806969054,129.4676747153585,7.192608848403953,-0.02098040927078226
807600,129.466964942405,9.627694382174923e-09,0.673443531557921,0.9831195420154327,131.6899516380203,129.4676747153585,30.86824088833465,129.4676747153585,7.192609163466945,-0.01688045798456728
808200,129.4669705783045,9.551246389492007e-09,0.673443531557921,0.9872744117511727,131.135750139278,129.4676747153585,30.65263096110026,129.4676747153585,7.19260947657247,-0.0127255882488273
808800,129.4669761797438,9.475265830189982e-09,0.673443531557921,0.991476923062348,130.5799188748263,129.4676747153585,30.4357787137383,129.4676747153585,7.192609787763544,-0.008523076937651974
809400,129.4669817475024,9.399742132245592e-09,0.673443531557921,0.995719582759174,130.0235367358597,129.4676747153585,30.21809693682669,129.4676747153585,7.192610097083466,-0.004280417240825951
810000,129.4669872823644,9.324664659118299e-09,0.673443531557921,0.9999946903117276,129.4676747153585,129.4676747153585,30.00000000000002,129.4676747153585,7.192610404575799,-5.309688272392421e-06
810600,129.4669927851193,9.250022701507987e-09,0.673443531557921,1.004294348125692,128.913393794103,129.4676747153585,29.78190306317335,129.4676747153585,7.192610710284407,0.004294348125692293
811200,129.4669982565619,9.175805479628707e-09,0.673443531557921,1.008610473156933,128.3617429148167,129.4676747153585,29.56422128626174,129.4676747153585,7.192611014253438,0.008610473156932752
811800,129.467003697492,9.102002142356013e-09,0.673443531557921,1.012934809895251,127.8137570480773,129.4676747153585,29.34736903889974,129.4676747153585,7.192611316527335,0.01293480989525109
812400,129.467009092134,9.028826679298163e-09,0.673443531557921,1.017258944608272,127.2704553529283,129.4676747153585,29.13175911166535,129.4676747153585,7.192611616229669,0.01725894460827204
813000,129.4670142304967,8.959127510479447e-09,0.673443531557921,1.021574319712789,126.7328394344288,129.4676747153585,28.91780193030949,129.4676747153585,7.192611901694259,0.02157431971278889
813600,129.4670193262965,8.89000568378151e-09,0.673443531557921,1.025872255816695,126.2018916996912,129.4676747153585,28.70590477448741,129.4676747153585,7.192612184794247,0.02587225581669506
814200,129.4670243799099,8.821456092960034e-09,0.673443531557921,1.030143965289252,125.6785738132797,129.4676747153585,28.49647100247865,129.4676747153585,7.192612465550549,0.03014396528925212
814800,129.4670293917115,8.75347365649759e-09,0.673443531557921,1.03438057386667,125.1638252521935,129.4676747153585,28.28989928337168,129.4676747153585,7.192612743983975,0.03438057386667004
815400,129.4670343620744,8.686053315045684e-09,0.673443531557921,1.038573141920132,124.6585619600306,129.4676747153585,28.08658283817458,129.4676747153585,7.192613020115246,0.03857314192013184
816000,129.4670392913697,8.619190033698486e-09,0.673443531557921,1.042712687006127,124.1636750993219,129.4676747153585,27.88690869129653,129.4676747153585,7.192613293964985,0.0427126870061274
816600,129.4670441799669,8.552878800571762e-09,0.673443531557921,1.046790207636211,123.6800299004711,129.4676747153585,27.69125693382483,129.4676747153585,7.192613565553718,0.04679020763621122
817200,129.4670490282341,8.487114623392245e-09,0.673443531557921,1.050796708189634,123.2084646051913,129.4676747153585,27.5,129.4676747153585,7.192613834901893,0.05079670818963433
817800,129.4670538365373,8.42189253575043e-09,0.673443531557921,1.05472322487841,122.74978950185,129.4676747153585,27.31350195826589,129.4676747153585,7.192614102029848,0.05472322487841041
818400,129.4670586052414,8.357207588005621e-09,0.673443531557921,1.058560852660786,122.3047860496773,129.4676747153585,27.13211781824478,129.4676747153585,7.192614366957859,0.05856085266078637
819000,129.4670633347098,8.293054852686054e-09,0.673443531557921,1.062300772985616,121.8742060883946,129.4676747153585,26.95619285495641,129.4676747153585,7.192614629706103,0.0623007729856162
819600,129.4670680253044,8.229429420794077e-09,0.673443531557921,1.065934282237326,121.4587711294561,129.4676747153585,26.78606195156732,129.4676747153585,7.192614890294688,0.06593428223732611
820200,129.4670726773855,8.166326402658797e-09,0.673443531557921,1.069452820738819,121.0591717247935,129.4676747153585,26.62204896192172,129.4676747153585,7.192615148743641,0.06945282073881898
820800,129.4670772913124,8.103740927083436e-09,0.673443531557921,1.072848002158356,120.6760669086865,129.4676747153585,26.46446609406726,129.4676747153585,7.192615405072912,0.07284800215835596
821400,129.4670818674428,8.041668141345326e-09,0.673443531557921,1.076111643156014,120.3100837081759,129.4676747153585,26.31361331594938,129.4676747153585,7.192615659302376,0.07611164315601426
822000,129.4670864061332,7.980103207785306e-09,0.673443531557921,1.079235793096279,119.9618167172699,129.4676747153585,26.16977778440511,129.4676747153585,7.192615911451846,0.07923579309627882
822600,129.467090907739,7.91904130835519e-09,0.673443531557921,1.08221276364547,119.6318277300896,129.4676747153585,26.03323329854383,129.4676747153585,7.192616161541057,0.0822127636454697
823200,129.4670953726145,7.8584776366597e-09,0.673443531557921,1.085035158066622,119.3206454280306,129.4676747153585,25.90423977855505,129.4676747153585,7.192616409589693,0.08503515806662154
823800,129.4670998011126,7.798407404209228e-09,0.673443531557921,1.087695900019865,119.0287651160108,129.4676747153585,25.78304277093558,129.4676747153585,7.192616655617365,0.08769590001986538
824400,129.4671041935852,7.738825837577678e-09,0.673443531557921,1.090188261673787,118.7566485029034,129.4676747153585,25.66987298107782,129.4676747153585,7.192616899643625,0.09018826167378746
825000,129.4671085503834,7.67972817612872e-09,0.673443531557921,1.092505890932452,118.5047235213381,129.4676747153585,25.5649458341089,129.4676747153585,7.192617141687969,0.0925058909324521
825600,129.4671128718572,7.621109672584225e-09,0.673443531557921,1.09464283758413,118.273384182178,129.4676747153585,25.46846106481675,129.4676747153585,7.192617381769844,0.0946428375841295
826200,129.4671171583555,7.562965592455838e-09,0.673443531557921,1.096593578181135,118.0629904591417,129.4676747153585,25.38060233744357,129.4676747153585,7.192617619908638,0.09659357818113534
826800,129.4671214102264,7.505291214044973e-09,0.673443531557921,1.098353039465672,117.8738681992537,129.4676747153585,25.30153689607046,129.4676747153585,7.19261785612369,0.09835303946567242
827400,129.4671256278173,7.448081825884856e-09,0.673443531557921,1.099916620164118,117.7063090550442,129.4676747153585,25.23141524625887,129.4676747153585,7.192618090434296,0.09991662016411795
828000,129.4671298114746,7.391332729298483e-09,0.673443531557921,1.101280210981838,117.5605704347027,129.4676747153585,25.17037086855466,129.4676747153585,7.192618322859701,0.1012802109818383
828600,129.467133961544,7.335039234988017e-09,0.673443531557921,1.102440212642196,117.4368754667002,129.4676747153585,25.11851996440034,129.4676747153585,7.192618553419113,0.1024402126421957
829200,129.4671380783707,7.279196660476827e-09,0.673443531557921,1.103393551826918,117.3354129757316,129.4676747153585,25.07596123493897,129.4676747153585,7.192618782131705,0.1033935518269176
829800,129.4671421622987,7.223800338636011e-09,0.673443531557921,1.104137694890174,117.2563374672002,129.4676747153585,25.04277569313095,129.4676747153585,7.192619009016596,0.1041376948901735
830400,129.467146213672,7.168845604610396e-09,0.673443531557921,1.104670659235532,117.199769117854,129.4676747153585,25.01902650954127,129.4676747153585,7.19261923409289,0.1046706592355324
831000,129.4671502328337,7.114327804060849e-09,0.673443531557921,1.104991022263123,117.1657937705893,129.4676747153585,25.00475889209071,129.4676747153585,7.192619457379649,0.104991022263123
831600,129.4671542201263,7.060242290037877e-09,0.673443531557921,1.105097927813685,117.1544629318624,129.4676747153585,25,129.4676747153585,7.192619678895907,0.105097927813685
832200,129.4671581758921,7.00658442127633e-09,0.673443531557921,1.104991090056445,117.1657937705893,129.4676747153585,25.00475889209071,129.4676747153585,7.192619898660673,0.1049910900564452
832800,129.4671621004727,6.95334956304805e-09,0.673443531557921,1.104670794788706,117.199769117854,129.4676747153585,25.01902650954127,129.4676747153585,7.192620116692928,0.1046707947887064
833400,129.4671659942095,6.900533085172356e-09,0.673443531557921,1.104137898136424,117.2563374672001,129.4676747153585,25.04277569313095,129.4676747153585,7.192620333011637,0.1041378981364236
834000,129.4671698574433,6.848130363721339e-09,0.673443531557921,1.103393822666486,117.3354129757316,129.4676747153585,25.07596123493895,129.4676747153585,7.192620547635737,0.1033938226664859
834600,129.4671736905149,6.796136776188177e-09,0.673443531557921,1.102440550942842,117.4368754667002,129.4676747153585,25.11851996440033,129.4676747153585,7.192620760584161,0.1024405509428421
835200,129.4671774937647,6.744547706034609e-09,0.673443531557921,1.10128061657948,117.5605704347027,129.4676747153585,25.17037086855466,129.4676747153585,7.192620971875816,0.1012806165794795
835800,129.4671812675329,6.693358537859239e-09,0.673443531557921,1.099917092863636,117.7063090550442,129.4676747153585,25.23141524625886,129.4676747153585,7.192621181529606,0.09991709286363637
836400,129.4671850121595,6.642564660239714e-09,0.673443531557921,1.098353579041866,117.8738681992537,129.4676747153585,25.30153689607045,129.4676747153585,7.192621389564418,0.0983535790418657
837000,129.4671887279844,6.592161462037893e-09,0.673443531557921,1.096594184379815,118.0629904591417,129.4676747153585,25.38060233744356,129.4676747153585,7.192621595999136,0.09659418437981548
837600,129.4671924153475,6.542144333820943e-09,0.673443531557921,1.094643510123357,118.2733841821778,129.4676747153585,25.46846106481674,129.4676747153585,7.192621800852641,0.09464351012335737
838200,129.4671960745887,6.492508664450725e-09,0.673443531557921,1.092506629503903,118.5047235213379,129.4676747153585,25.56494583410888,129.4676747153585,7.192622004143818,0.09250662950390276
838800,129.4671997060478,6.443249844778621e-09,0.673443531557921,1.090189065944235,118.7566485029031,129.4676747153585,25.66987298107779,129.4676747153585,7.192622205891542,0.09018906594423459
839400,129.4672033100645,6.39436326480336e-09,0.673443531557921,1.087696769632785,119.0287651160108,129.4676747153585,25.78304277093557,129.4676747153585,7.192622406114697,0.08769676963278528
840000,129.4672068869791,6.34584431196572e-09,0.673443531557921,1.085036092643905,119.3206454280306,129.4676747153585,25.90423977855504,129.4676747153585,7.192622604832175,0.0850360926439051
840600,129.4672104371317,6.29768837256961e-09,0.673443531557921,1.082213762789219,119.6318277300894,129.4676747153585,26.03323329854382,129.4676747153585,7.19262280206287,0.08221376278921921
841200,129.4672139608626,6.249890828087246e-09,0.673443531557921,1.079236856390692,119.9618167172698,129.4676747153585,26.1697777844051,129.4676747153585,7.192622997825698,0.07923685639069156
841800,129.4672174585124,6.202447059138194e-09,0.673443531557921,1.076112770169358,120.3100837081759,129.4676747153585,26.31361331594937,129.4676747153585,7.19262319213958,0.07611277016935758
842400,129.4672209304222,6.155352441510331e-09,0.673443531557921,1.072849192444992,120.6760669086865,129.4676747153585,26.46446609406724,129.4676747153585,7.192623385023454,0.07284919244499233
843000,129.4672243769331,6.108602345591407e-09,0.673443531557921,1.069454073841294,121.0591717247934,129.4676747153585,26.62204896192168,129.4676747153585,7.192623576496282,0.06945407384129387
843600,129.4672277983868,6.062192136937483e-09,0.673443531557921,1.065935597688495,121.4587711294561,129.4676747153585,26.78606195156731,129.4676747153585,7.192623766577045,0.06593559768849455
844200,129.4672311951253,6.016117176841362e-09,0.673443531557921,1.062302150310818,121.8742060883946,129.4676747153585,26.9561928549564,129.4676747153585,7.19262395528474,0.06230215031081765
844800,129.4672345674913,5.970372817216685e-09,0.673443531557921,1.058562291380035,122.3047860496773,129.4676747153585,27.13211781824476,129.4676747153585,7.192624142638408,0.05856229138003521
845400,129.4672379158279,5.924954404576965e-09,0.673443531557921,1.054724724508604,122.74978950185,129.4676747153585,27.31350195826587,129.4676747153585,7.192624328657104,0.05472472450860399
846000,129.4672412404784,5.87985727946716e-09,0.673443531557921,1.05079826824677,123.2084646051913,129.4676747153585,27.49999999999999,129.4676747153585,7.192624513359913,0.05079826824676981
846600,129.4672445417874,5.835076770779324e-09,0.673443531557921,1.046791827637602,123.6800299004711,129.4676747153585,27.69125693382481,129.4676747153585,7.192624696765969,0.04679182763760248
847200,129.4672478200997,5.790608200015867e-09,0.673443531557921,1.042714366472604,124.1636750993219,129.4676747153585,27.88690869129648,129.4676747153585,7.192624878894429,0.0427143664726044
847800,129.467251075761,5.746446878731604e-09,0.673443531557921,1.038574880378231,124.6585619600305,129.4676747153585,28.08658283817452,129.4676747153585,7.192625059764499,0.03857488037823109
848400,129.4672543091175,5.702588109386397e-09,0.673443531557921,1.034382370850786,125.1638252521935,129.4676747153585,28.28989928337166,129.4676747153585,7.192625239395415,0.03438237085078621
849000,129.4672575205164,5.659027182787213e-09,0.673443531557921,1.030145820343773,125.6785738132797,129.4676747153585,28.49647100247863,129.4676747153585,7.192625417806466,0.030145820343773
849600,129.4672607103058,5.615759378372331e-09,0.673443531557921,1.025874168498083,126.2018916996912,129.4676747153585,28.70590477448739,129.4676747153585,7.192625595016988,0.02587416849808277
850200,129.4672638788345,5.572779963642916e-09,0.673443531557921,1.021576289591623,126.7328394344286,129.4676747153585,28.91780193030947,129.4676747153585,7.192625771046361,0.02157628959162294
850800,129.4672670264524,5.530084192457707e-09,0.673443531557921,1.017260971271239,127.2704553529281,129.4676747153585,29.13175911166533,129.4676747153585,7.192625945914025,0.01726097127123905
851400,129.4672701535103,5.487667308443634e-09,0.673443531557921,1.012936894616211,127.8137570480773,129.4676747153585,29.34736903889972,129.4676747153585,7.19262611963946,0.01293689461621073
852000,129.4672732603599,5.445524537606161e-09,0.673443531557921,1.008612615569399,128.3617429148166,129.4676747153585,29.56422128626168,129.4676747153585,7.192626292242218,0.008612615569398852
852600,129.4672763473542,5.403651093729422e-09,0.673443531557921,1.004296547759313,128.9133937941028,129.4676747153585,29.78190306317329,129.4676747153585,7.192626463741902,0.004296547759312652
853200,129.4672794148473,5.362042174681392e-09,0.673443531557921,0.9999969467242532,129.4676747153585,129.4676747153585,30,129.4676747153585,7.192626634158182,-3.053275746789375e-06
853800,129.4672824631942,5.320692961845452e-09,0.673443531557921,0.9957218955380709,130.0235367358597,129.4676747153585,30.21809693682667,129.4676747153585,7.192626803510791,-0.004278104461929111
854400,129.4672854927514,5.279598623246784e-09,0.673443531557921,0.9914792918263221,130.5799188748263,129.4676747153585,30.43577871373828,129.4676747153585,7.19262697181952,-0.008520708173677893
855000,129.4672885038764,5.238754305878501e-09,0.673443531557921,0.987276836151625,131.135750139278,129.4676747153585,30.65263096110024,129.4676747153585,7.192627139104244,-0.01272316384837502
855600,129.4672914969283,5.198155141954431e-09,0.673443531557921,0.983122021737835,131.6899516380203,129.4676747153585,30.86824088833463,129.4676747153585,7.192627305384903,-0.01687797826216497
856200,129.4672944722672,5.157796244930069e-09,0.673443531557921,0.97902212549441,132.2414387794205,129.4676747153585,31.08219806969049,129.4676747153585,7.192627470681509,-0.02097787450558997
856800,129.4672974302549,5.117672706944632e-09,0.673443531557921,0.9749842002949869,132.7891235479343,129.4676747153585,31.29409522551257,129.4676747153585,7.192627635014162,-0.02501579970501311
857400,129.4673003712545,5.077779604505395e-09,0.673443531557921,0.9710150684576394,133.3319168536698,129.4676747153585,31.50352899752136,129.4676747153585,7.192627798403027,-0.02898493154236059
858000,129.4673032601572,5.038593168933403e-09,0.673443531557921,0.9671213161038318,133.8687309485973,129.4676747153585,31.71010071662834,129.4676747153585,7.192627958897621,-0.03287868389616821
858600,129.4673061245557,4.999739119000424e-09,0.673443531557921,0.963309289598935,134.3984819023786,129.4676747153585,31.91341716182544,129.4676747153585,7.192628118030872,-0.03669071040106497
859200,129.4673089689055,4.96115702020461e-09,0.673443531557921,0.9595850916258813,134.9200921301741,129.4676747153585,32.11309130870349,129.4676747153585,7.192628276050304,-0.04041490837411865
859800,129.4673117933825,4.922844484553935e-09,0.673443531557921,0.9559545789916132,135.4324929642063,129.4676747153585,32.30874306617515,129.4676747153585,7.192628432965694,-0.04404542100838682
860400,129.4673145981596,4.884799168110021e-09,0.673443531557921,0.9524233611957287,135.9346272603169,129.4676747153585,32.49999999999998,129.4676747153585,7.192628588786643,-0.04757663880427132
861000,129.4673173834069,4.847018763030065e-09,0.673443531557921,0.9489967997664084,136.4254520302647,129.4676747153585,32.6864980417341,129.4676747153585,7.192628743522604,-0.05100320023359162
861600,129.4673201492914,4.809501003819605e-09,0.673443531557921,0.9456800083214629,136.9039410900625,129.4676747153585,32.86788218175521,129.4676747153585,7.192628897182855,-0.05431999167853707
862200,129.4673228959773,4.772243663921927e-09,0.673443531557921,0.9424778532800516,137.3690877142625,129.4676747153585,33.0438071450436,129.4676747153585,7.192629049776516,-0.05752214671994837
862800,129.4673256236256,4.735244557707574e-09,0.673443531557921,0.9393949551510109,137.8199072857628,129.4676747153585,33.21393804843269,129.4676747153585,7.192629201312536,-0.0606050448489891
863400,129.4673283323948,4.698501538200617e-09,0.673443531557921,0.9364356903245845,138.2554399304443,129.4676747153585,33.37795103807829,129.4676747153585,7.19262935179971,-0.06356430967541549
864000,129.46733102244,4.662012499352386e-09,0.673443531557921,0.9336041932957951,138.6747531257292,129.4676747153585,33.53553390593272,129.4676747153585,7.192629501246665,-0.06639580670420486
864000,129.46733102244,4.662012499352386e-09,0.673443531557921,0.9336041932957951,138.6747531257292,129.4676747153585,33.53553390593272,129.4676747153585,7.192629501246665,-0.06639580670420486
